date,coin,normalized_price
2021-01-01,BNB,100.0
2021-01-02,BNB,101.2094916905353
2021-01-03,BNB,109.21559076879093
2021-01-04,BNB,108.88681233157385
2021-01-05,BNB,110.70965316786759
2021-01-06,BNB,111.82093487433886
2021-01-07,BNB,115.3445820384263
2021-01-08,BNB,112.12350633467634
2021-01-09,BNB,116.07281833535401
2021-01-10,BNB,112.24818801255816
2021-01-11,BNB,101.03557266215235
2021-01-12,BNB,101.26508224755268
2021-01-13,BNB,106.1816699403328
2021-01-14,BNB,110.84307050470932
2021-01-15,BNB,108.18134169132945
2021-01-16,BNB,114.20418146875546
2021-01-17,BNB,121.41904161879702
2021-01-18,BNB,120.02583637316617
2021-01-19,BNB,112.56849550775354
2021-01-20,BNB,112.78768113256494
2021-01-21,BNB,102.27153604650547
2021-01-22,BNB,108.25228583076117
2021-01-23,BNB,108.29808186106595
2021-01-24,BNB,110.72130071314743
2021-01-25,BNB,110.74353693595438
2021-01-26,BNB,110.75650806592509
2021-01-27,BNB,108.22316696756158
2021-01-28,BNB,112.57193682794986
2021-01-29,BNB,113.4624446079807
2021-01-30,BNB,118.55321604608191
2021-01-31,BNB,117.34690095880474
2021-02-01,BNB,136.27125015221222
2021-02-02,BNB,135.02443337339383
2021-02-03,BNB,137.97046817837685
2021-02-04,BNB,148.1353338874741
2021-02-05,BNB,179.21469073120113
2021-02-06,BNB,192.8081702235799
2021-02-07,BNB,180.94514535607075
2021-02-08,BNB,211.34312080092755
2021-02-09,BNB,284.1654269090062
2021-02-10,BNB,341.40834705449464
2021-02-11,BNB,328.474012738179
2021-02-12,BNB,361.64013320556325
2021-02-13,BNB,352.99897819261867
2021-02-14,BNB,359.65052069821735
2021-02-15,BNB,344.9341119540874
2021-02-16,BNB,344.6164516282738
2021-02-17,BNB,437.63877785483976
2021-02-18,BNB,517.7863310761802
2021-02-19,BNB,881.8012399341383
2021-02-20,BNB,669.7338535903558
2021-02-21,BNB,781.6024375135667
2021-02-22,BNB,708.1567230160789
2021-02-23,BNB,612.4612851477914
2021-02-24,BNB,673.7194318115638
2021-02-25,BNB,621.8587364531107
2021-02-26,BNB,586.9224538201302
2021-02-27,BNB,596.6330652633138
2021-02-28,BNB,556.4715349876376
2021-03-01,BNB,674.9321001053572
2021-03-02,BNB,634.4844108195107
2021-03-03,BNB,636.8298028917677
2021-03-04,BNB,607.88777060689
2021-03-05,BNB,596.8609865470851
2021-03-06,BNB,599.269910684505
2021-03-07,BNB,635.6118402592108
2021-03-08,BNB,636.7789772396376
2021-03-09,BNB,776.1638280186995
2021-03-10,BNB,737.1040496397202
2021-03-11,BNB,767.7588005146097
2021-03-12,BNB,696.7881893890863
2021-03-13,BNB,731.3657805708356
2021-03-14,BNB,696.8355737210201
2021-03-15,BNB,673.7427269021235
2021-03-16,BNB,684.3864655523847
2021-03-17,BNB,714.1787686426903
2021-03-18,BNB,692.1860854188617
2021-03-19,BNB,696.0334813983408
2021-03-20,BNB,699.6529560940486
2021-03-21,BNB,700.5768182082898
2021-03-22,BNB,674.4924052710436
2021-03-23,BNB,676.2580672486908
2021-03-24,BNB,657.8840645697554
2021-03-25,BNB,619.2962764915476
2021-03-26,BNB,675.5854215087805
2021-03-27,BNB,712.6799413387265
2021-03-28,BNB,710.5698826245097
2021-03-29,BNB,728.7633483516075
2021-03-30,BNB,824.0537693044827
2021-03-31,BNB,800.4309591753538
2021-04-01,BNB,886.2699265675212
2021-04-02,BNB,895.5194011043991
2021-04-03,BNB,852.2553883132765
2021-04-04,BNB,923.4960107157416
2021-04-05,BNB,974.2279530498038
2021-04-06,BNB,1067.7749482478384
2021-04-07,BNB,994.1545205711533
2021-04-08,BNB,1108.3825265643445
2021-04-09,BNB,1201.7982221610432
2021-04-10,BNB,1247.604311709489
2021-04-11,BNB,1392.2191750361337
2021-04-12,BNB,1579.5935006697339
2021-04-13,BNB,1460.2956358765568
2021-04-14,BNB,1455.9913384617828
2021-04-15,BNB,1434.4544978054964
2021-04-16,BNB,1345.488164505694
2021-04-17,BNB,1362.4612851477914
2021-04-18,BNB,1274.4444915052331
2021-04-19,BNB,1334.2586072712447
2021-04-20,BNB,1552.2035037933938
2021-04-21,BNB,1439.0878383744262
2021-04-22,BNB,1337.4587703368786
2021-04-23,BNB,1393.8291834541324
2021-04-24,BNB,1315.6220053896368
2021-04-25,BNB,1336.8205377989314
2021-04-26,BNB,1417.1091851483209
2021-04-27,BNB,1505.6570009688637
2021-04-28,BNB,1489.7739846781833
2021-04-29,BNB,1587.5074782535035
2021-04-30,BNB,1648.2600155653558
2021-05-01,BNB,1641.2450167036386
2021-05-02,BNB,1645.956978203207
2021-05-03,BNB,1789.883577490589
2021-05-04,BNB,1612.9203043185917
2021-05-05,BNB,1723.5719844769985
2021-05-06,BNB,1678.2789163547416
2021-05-07,BNB,1652.6278450452928
2021-05-08,BNB,1710.3361375680984
2021-05-09,BNB,1751.7378666991383
2021-05-10,BNB,1670.6285968413977
2021-05-11,BNB,1778.6595793118415
2021-05-12,BNB,1574.139272875514
2021-05-13,BNB,1511.7984339345935
2021-05-14,BNB,1595.2107411544835
2021-05-15,BNB,1491.4417013887048
2021-05-16,BNB,1493.850625526125
2021-05-17,BNB,1355.5360253281167
2021-05-18,BNB,1344.444385618458
2021-05-19,BNB,886.272309019965
2021-05-20,BNB,1035.493247070907
2021-05-21,BNB,863.0036901541182
2021-05-22,BNB,793.5154938823914
2021-05-23,BNB,690.170001217698
2021-05-24,BNB,914.9676251184607
2021-05-25,BNB,908.4555884392819
2021-05-26,BNB,1003.7007427957285
2021-05-27,BNB,978.5791053626357
2021-05-28,BNB,870.4422361169201
2021-05-29,BNB,807.4925482181903
2021-05-30,BNB,861.8389356261348
2021-05-31,BNB,935.3243576643495
2021-06-01,BNB,959.3077122632767
2021-06-02,BNB,1062.9443935599663
2021-06-03,BNB,1134.2591367051211
2021-06-04,BNB,1034.2490774614703
2021-06-05,BNB,1032.6078324447667
2021-06-06,BNB,1042.270000688264
2021-06-07,BNB,947.5807519019911
2021-06-08,BNB,933.127207077472
2021-06-09,BNB,994.1179896336846
2021-06-10,BNB,931.6447922236752
2021-06-11,BNB,915.2588137504565
2021-06-12,BNB,909.8321165178074
2021-06-13,BNB,968.3345598551468
2021-06-14,BNB,979.9556334411612
2021-06-15,BNB,970.1346350347573
2021-06-16,BNB,919.1501527416733
2021-06-17,BNB,934.053716361095
2021-06-18,BNB,892.5196287609658
2021-06-19,BNB,884.1810452083586
2021-06-20,BNB,897.6021939739835
2021-06-21,BNB,716.7475818107697
2021-06-22,BNB,693.8230949645545
2021-06-23,BNB,784.2239293523435
2021-06-24,BNB,816.9694146049629
2021-06-25,BNB,743.3516340976594
2021-06-26,BNB,740.2809176147944
2021-06-27,BNB,769.9821580783668
2021-06-28,BNB,767.6791207162181
2021-06-29,BNB,796.242078345625
2021-06-30,BNB,803.9718129404226
2021-07-01,BNB,760.8758954050434
2021-07-02,BNB,760.1876313657806
2021-07-03,BNB,789.20060779009
2021-07-04,BNB,814.3222452231829
2021-07-05,BNB,799.4980966852144
2021-07-06,BNB,846.8824286190776
2021-07-07,BNB,866.9744442267883
2021-07-08,BNB,820.9931120652685
2021-07-09,BNB,839.39093926864
2021-07-10,BNB,836.8231849683133
2021-07-11,BNB,852.812088034265
2021-07-12,BNB,836.8231849683133
2021-07-13,BNB,817.8165088071324
2021-07-14,BNB,819.0342067227512
2021-07-15,BNB,836.7967132744955
2021-07-16,BNB,801.7746623535453
2021-07-17,BNB,795.5273426125443
2021-07-18,BNB,799.7098702357569
2021-07-19,BNB,742.6368983645787
2021-07-20,BNB,700.0174713179197
2021-07-21,BNB,776.3088929008211
2021-07-22,BNB,776.5736098389991
2021-07-23,BNB,792.2183808853192
2021-07-24,BNB,798.2803987695955
2021-07-25,BNB,800.9275681513757
2021-07-26,BNB,804.739492061139
2021-07-27,BNB,829.8346578004139
2021-07-28,BNB,830.6817520025836
2021-07-29,BNB,839.2321091057331
2021-07-30,BNB,853.9238991746124
2021-07-31,BNB,879.866159116057
2021-08-01,BNB,880.4220646862309
2021-08-02,BNB,875.0218391473996
2021-08-03,BNB,856.1739931491256
2021-08-04,BNB,886.1928939385115
2021-08-05,BNB,894.505005797301
2021-08-06,BNB,906.3643246276754
2021-08-07,BNB,942.8687904024226
2021-08-08,BNB,904.7760229986075
2021-08-09,BNB,937.9450553523118
2021-08-10,BNB,984.5352364716408
2021-08-11,BNB,1034.937341500733
2021-08-12,BNB,1020.9073437772989
2021-08-13,BNB,1087.3512952599783
2021-08-14,BNB,1081.8187112520582
2021-08-15,BNB,1096.060482526035
2021-08-16,BNB,1100.4812553936076
2021-08-17,BNB,1063.632657599229
2021-08-18,BNB,1048.6761505921716
2021-08-19,BNB,1141.6447392802875
2021-08-20,BNB,1204.2767668532038
2021-08-21,BNB,1187.8907883799852
2021-08-22,BNB,1187.7319582170785
2021-08-23,BNB,1321.096351671158
2021-08-24,BNB,1248.458023835113
2021-08-25,BNB,1332.0291612179096
2021-08-26,BNB,1265.6116814290478
2021-08-27,BNB,1309.0252592902407
2021-08-28,BNB,1287.0537534214664
2021-08-29,BNB,1269.847152439896
2021-08-30,BNB,1218.4920664333629
2021-08-31,BNB,1228.021876207771
2021-09-01,BNB,1295.5246954431625
2021-09-02,BNB,1280.4358299670162
2021-09-03,BNB,1293.1422429995605
2021-09-04,BNB,1317.496201311937
2021-09-05,BNB,1336.2911039225755
2021-09-06,BNB,1313.2607303010889
2021-09-07,BNB,1108.369820151312
2021-09-08,BNB,1098.5752934387258
2021-09-09,BNB,1115.2524605439403
2021-09-10,BNB,1062.573789846517
2021-09-11,BNB,1072.3683165591033
2021-09-12,BNB,1102.01661363504
2021-09-13,BNB,1056.4853002684229
2021-09-14,BNB,1096.7222748714798
2021-09-15,BNB,1141.724154361741
2021-09-16,BNB,1123.1939686892804
2021-09-17,BNB,1076.3390706317734
2021-09-18,BNB,1087.1924650970716
2021-09-19,BNB,1081.6334093953335
2021-09-20,BNB,963.8343719061207
2021-09-21,BNB,911.6851350850535
2021-09-22,BNB,1003.2771956946438
2021-09-23,BNB,1015.1894579126539
2021-09-24,BNB,939.7451305319221
2021-09-25,BNB,925.4504158703099
2021-09-26,BNB,910.6262673323414
2021-09-27,BNB,888.125327587211
2021-09-28,BNB,881.5074041327607
2021-09-29,BNB,973.3641816805289
2021-09-30,BNB,1025.7781354397741
2021-10-01,BNB,1115.7818944202963
2021-10-02,BNB,1130.6060429582647
2021-10-03,BNB,1139.6064188563168
2021-10-04,BNB,1128.4883074528404
2021-10-05,BNB,1170.3135836849656
2021-10-06,BNB,1151.253964136149
2021-10-07,BNB,1160.7837739105573
2021-10-08,BNB,1109.6934048422022
2021-10-09,BNB,1116.8407621730082
2021-10-10,BNB,1069.7211471773232
2021-10-11,BNB,1093.545671613344
2021-10-12,BNB,1175.8726393867037
2021-10-13,BNB,1246.2873449420536
2021-10-14,BNB,1251.3169667674354
2021-10-15,BNB,1256.0818716546396
2021-10-16,BNB,1233.0514980331532
2021-10-17,BNB,1246.5520618802313
2021-10-18,BNB,1283.6124332251522
2021-10-19,BNB,1292.0833752468486
2021-10-20,BNB,1327.0260110863453
2021-10-21,BNB,1246.5520618802313
2021-10-22,BNB,1268.788284687184
2021-10-23,BNB,1285.2007348542204
2021-10-24,BNB,1259.5231918509537
2021-10-25,BNB,1284.1418671015083
2021-10-26,BNB,1265.6116814290478
2021-10-27,BNB,1187.784901604714
2021-10-28,BNB,1302.1426188976125
2021-10-29,BNB,1403.793923157967
2021-10-30,BNB,1398.4995843944068
2021-10-31,BNB,1388.7050576818208
2021-11-01,BNB,1459.3844801753482
2021-11-02,BNB,1467.5907052588664
2021-11-03,BNB,1504.6510766037875
2021-11-04,BNB,1478.973533600521
2021-11-05,BNB,1607.6259655550316
2021-11-06,BNB,1688.0999147611458
2021-11-07,BNB,1719.6012304043286
2021-11-08,BNB,1729.9251909932707
2021-11-09,BNB,1680.9525574303398
2021-11-10,BNB,1625.6267173511364
2021-11-11,BNB,1663.481239510591
2021-11-12,BNB,1659.5104854379213
2021-11-13,BNB,1719.3365134661506
2021-11-14,BNB,1722.7778336624644
2021-11-15,BNB,1677.7759541722035
2021-11-16,BNB,1558.3886150539229
2021-11-17,BNB,1530.063902668876
2021-11-18,BNB,1407.764677230637
2021-11-19,BNB,1538.0054108142162
2021-11-20,BNB,1599.6844574096915
2021-11-21,BNB,1545.9469189595563
2021-11-22,BNB,1480.5618352295887
2021-11-23,BNB,1564.7418215701948
2021-11-24,BNB,1562.6240860647706
2021-11-25,BNB,1691.805951895638
2021-11-26,BNB,1554.6825779194305
2021-11-27,BNB,1588.0369121298595
2021-11-28,BNB,1618.2146430821517
2021-11-29,BNB,1650.2453926016908
2021-11-30,BNB,1647.8629401580888
2021-12-01,BNB,1661.0987870669892
2021-12-02,BNB,1640.9802997654606
2021-12-03,BNB,1575.0657821591371
2021-12-04,BNB,1505.1805104801435
2021-12-05,BNB,1476.5910811569188
2021-12-06,BNB,1555.2120117957866
2021-12-07,BNB,1531.9169212361223
2021-12-08,BNB,1607.3612486168538
2021-12-09,BNB,1509.4159814909917
2021-12-10,BNB,1462.2963664953063
2021-12-11,BNB,1494.3271160148452
2021-12-12,BNB,1509.6806984291695
2021-12-13,BNB,1379.1752479074125
2021-12-14,BNB,1397.970150518051
2021-12-15,BNB,1432.3833524811919
2021-12-16,BNB,1392.940528692669
2021-12-17,BNB,1391.0875101254228
2021-12-18,BNB,1413.3237329323752
2021-12-19,BNB,1402.4703384670768
2021-12-20,BNB,1387.1167560527526
2021-12-21,BNB,1398.4995843944068
2021-12-22,BNB,1412.5295821178413
2021-12-23,BNB,1453.2959905972543
2021-12-24,BNB,1435.030521862972
2021-12-25,BNB,1449.0605195864061
2021-12-26,BNB,1446.413350204626
2021-12-27,BNB,1492.2093805094212
2021-12-28,BNB,1414.1178837469095
2021-12-29,BNB,1361.968646925842
2021-12-30,BNB,1372.5573244529623
2021-12-31,BNB,1353.7624218423239
2022-01-01,BNB,1395.8524150126268
2022-01-02,BNB,1405.646941725213
2022-01-03,BNB,1355.0860065332138
2022-01-04,BNB,1341.8501596243136
2022-01-05,BNB,1255.0230039019275
2022-01-06,BNB,1251.0522498292576
2022-01-07,BNB,1186.196599975646
2022-01-08,BNB,1138.018117227249
2022-01-09,BNB,1161.3132077869134
2022-01-10,BNB,1124.2528364419925
2022-01-11,BNB,1227.2277253932368
2022-01-12,BNB,1291.2892244323143
2022-01-13,BNB,1257.9348902218856
2022-01-14,BNB,1297.1129970722307
2022-01-15,BNB,1309.0252592902407
2022-01-16,BNB,1319.8786537555393
2022-01-17,BNB,1257.9348902218856
2022-01-18,BNB,1247.8756465711215
2022-01-19,BNB,1222.7275374442108
2022-01-20,BNB,1165.2839618595835
2022-01-21,BNB,1016.2483256653659
2022-01-22,BNB,948.4807894917964
2022-01-23,BNB,1016.2483256653659
2022-01-24,BNB,982.8939914549371
2022-01-25,BNB,1019.4249289235021
2022-01-26,BNB,992.9532351057014
2022-01-27,BNB,1032.1313419560463
2022-01-28,BNB,1021.5426644289261
2022-01-29,BNB,1030.5430403269784
2022-01-30,BNB,998.5122908074395
2022-01-31,BNB,990.8354996002774
2022-02-01,BNB,1017.0424764799
2022-02-02,BNB,971.2464461751049
2022-02-03,BNB,985.5411608367172
2022-02-04,BNB,1057.544168021135
2022-02-05,BNB,1095.133973242412
2022-02-06,BNB,1111.5464234094482
2022-02-07,BNB,1147.5479270016572
2022-02-08,BNB,1079.5156738899095
2022-02-09,BNB,1119.4879315547882
2022-02-10,BNB,1097.781142624192
2022-02-11,BNB,1058.867752712025
2022-02-12,BNB,1068.3975624864333
2022-02-13,BNB,1053.3086970102868
2022-02-14,BNB,1067.868128610077
2022-02-15,BNB,1144.636040681699
2022-02-16,BNB,1131.1354768346207
2022-02-17,BNB,1065.220959228297
2022-02-18,BNB,1056.750017206601
2022-02-19,BNB,1058.338318835669
2022-02-20,BNB,1007.5126667054919
2022-02-21,BNB,943.9806015427703
2022-02-22,BNB,990.8354996002774
2022-02-23,BNB,967.8051259787909
2022-02-24,BNB,956.1575806989586
2022-02-25,BNB,992.6885181675234
2022-02-26,BNB,989.2471979712093
2022-02-27,BNB,953.2456943790006
2022-02-28,BNB,1047.2202074321926
2022-03-01,BNB,1081.8981263335115
2022-03-02,BNB,1083.4864279625797
2022-03-03,BNB,1065.7503931046533
2022-03-04,BNB,990.5707826620993
2022-03-05,BNB,1018.36606117079
2022-03-06,BNB,992.6885181675234
2022-03-07,BNB,1007.5126667054919
2022-03-08,BNB,1009.6304022109157
2022-03-09,BNB,1040.8670009159205
2022-03-10,BNB,984.7470100221832
2022-03-11,BNB,984.482293084005
2022-03-12,BNB,985.8058777748952
2022-03-13,BNB,956.6870145753145
2022-03-14,BNB,988.4530471566752
2022-03-15,BNB,983.9528592076492
2022-03-16,BNB,1020.2190797380359
2022-03-17,BNB,1037.1609637814283
2022-03-18,BNB,1051.4556784430408
2022-03-19,BNB,1058.6030357738468
2022-03-20,BNB,1034.5137943996483
2022-03-21,BNB,1048.2790751849047
2022-03-22,BNB,1070.250581053679
2022-03-23,BNB,1081.1039755189774
2022-03-24,BNB,1096.4575579333018
2022-03-25,BNB,1086.1335973443597
2022-03-26,BNB,1100.6930289441498
2022-03-27,BNB,1139.6064188563168
2022-03-28,BNB,1138.8122680417828
2022-03-29,BNB,1149.400945568903
2022-03-30,BNB,1170.3135836849656
2022-03-31,BNB,1135.3709478454687
2022-04-01,BNB,1185.137732222934
2022-04-02,BNB,1157.3424537142432
2022-04-03,BNB,1192.2850895537401
2022-04-04,BNB,1184.873015284756
2022-04-05,BNB,1177.1962240775936
2022-04-06,BNB,1112.0758572858042
2022-04-07,BNB,1154.1658504561071
2022-04-08,BNB,1115.7818944202963
2022-04-09,BNB,1129.2824582673747
2022-04-10,BNB,1106.7815185222441
2022-04-11,BNB,1044.5730380504126
2022-04-12,BNB,1094.8692563042339
2022-04-13,BNB,1120.8115162456784
2022-04-14,BNB,1097.781142624192
2022-04-15,BNB,1104.6637830168202
2022-04-16,BNB,1104.6637830168202
2022-04-17,BNB,1076.3390706317734
2022-04-18,BNB,1103.34019832593
2022-04-19,BNB,1117.8996299257203
2022-04-20,BNB,1107.5756693367782
2022-04-21,BNB,1071.8388826827472
2022-04-22,BNB,1076.3390706317734
2022-04-23,BNB,1061.779639031983
2022-04-24,BNB,1055.691149453889
2022-04-25,BNB,1070.250581053679
2022-04-26,BNB,1021.5426644289261
2022-04-27,BNB,1035.8373790905384
2022-04-28,BNB,1077.6626553226633
2022-04-29,BNB,1040.3375670395644
2022-04-30,BNB,998.2475738692616
2022-05-01,BNB,1032.1313419560463
2022-05-02,BNB,1031.0724742033344
2022-05-03,BNB,1016.2483256653659
2022-05-04,BNB,1065.7503931046533
2022-05-05,BNB,1001.6888940655756
2022-05-06,BNB,1003.5419126328217
2022-05-07,BNB,967.5404090406128
2022-05-08,BNB,942.1275829755242
2022-05-09,BNB,783.8268539450766
2022-05-10,BNB,844.7117497260181
2022-05-11,BNB,718.706487153287
2022-05-12,BNB,712.0885636988368
2022-05-13,BNB,769.2674223452861
2022-05-14,BNB,785.9445894505004
2022-05-15,BNB,826.9757148680915
2022-05-16,BNB,786.7387402650345
2022-05-17,BNB,810.563264701055
2022-05-18,BNB,761.5906311381239
2022-05-19,BNB,812.9457171446572
2022-05-20,BNB,799.9745871739348
2022-05-21,BNB,826.9757148680915
2022-05-22,BNB,845.5059005405518
2022-05-23,BNB,839.6821279006357
2022-05-24,BNB,869.0657080383945
2022-05-25,BNB,862.1830676457662
2022-05-26,BNB,802.0923226793589
2022-05-27,BNB,798.3862855448668
2022-05-28,BNB,814.0045848973692
2022-05-29,BNB,809.5043969483431
2022-05-30,BNB,851.8591070568242
2022-05-31,BNB,849.4766546132219
2022-06-01,BNB,795.2096822867306
2022-06-02,BNB,816.1223204027932
2022-06-03,BNB,790.4447773995267
2022-06-04,BNB,797.5921347303328
2022-06-05,BNB,791.7683620904168
2022-06-06,BNB,781.1796845632965
2022-06-07,BNB,768.4732715307521
2022-06-08,BNB,763.708366643548
2022-06-09,BNB,767.41440377804
2022-06-10,BNB,758.1493109418097
2022-06-11,BNB,714.4710161424388
2022-06-12,BNB,674.4987584775599
2022-06-13,BNB,590.318772136954
2022-06-14,BNB,590.318772136954
2022-06-15,BNB,618.3787675838227
2022-06-16,BNB,556.4350040501691
2022-06-17,BNB,571.2591525881375
2022-06-18,BNB,521.4923682106723
2022-06-19,BNB,569.4061340208914
2022-06-20,BNB,573.1121711553835
2022-06-21,BNB,582.6419809297918
2022-06-22,BNB,567.5531154536454
2022-06-23,BNB,605.9370714894562
2022-06-24,BNB,635.8500855035709
2022-06-25,BNB,634.5265008126809
2022-06-26,BNB,619.1729183983566
2022-06-27,BNB,618.9082014601786
2022-06-28,BNB,600.6427327258962
2022-06-29,BNB,581.5831131770797
2022-06-30,BNB,581.3183962389016
2022-07-01,BNB,574.1710389080955
2022-07-02,BNB,577.8770760425876
2022-07-03,BNB,580.2595284861897
2022-07-04,BNB,612.8197118820844
2022-07-05,BNB,610.9666933148384
2022-07-06,BNB,631.6146144927228
2022-07-07,BNB,639.0266887617071
2022-07-08,BNB,637.173670194461
2022-07-09,BNB,644.0563105870891
2022-07-10,BNB,621.2906539037806
2022-07-11,BNB,597.2014125295821
2022-07-12,BNB,583.9655656206818
2022-07-13,BNB,610.1725425003043
2022-07-14,BNB,631.3498975545449
2022-07-15,BNB,631.3498975545449
2022-07-16,BNB,661.2629115686597
2022-07-17,BNB,655.9685728050995
2022-07-18,BNB,699.1174337281145
2022-07-19,BNB,711.0296959461248
2022-07-20,BNB,683.4991343756121
2022-07-21,BNB,703.0881878007846
2022-07-22,BNB,694.6172457790883
2022-07-23,BNB,686.1463037573922
2022-07-24,BNB,691.9700763973083
2022-07-25,BNB,647.4976307834032
2022-07-26,BNB,660.2040438159476
2022-07-27,BNB,718.9712040914651
2022-07-28,BNB,733.7953526294332
2022-07-29,BNB,777.2089304906264
2022-07-30,BNB,761.855348076302
2022-07-31,BNB,750.2078027964697
2022-08-01,BNB,749.6783689201136
2022-08-02,BNB,751.2666705491818
2022-08-03,BNB,787.5328910795686
2022-08-04,BNB,825.3874132390235
2022-08-05,BNB,836.2408077043217
2022-08-06,BNB,834.3877891370756
2022-08-07,BNB,854.5062764386042
2022-08-08,BNB,860.0653321403422
2022-08-09,BNB,858.7417474494522
2022-08-10,BNB,870.3892927292845
2022-08-11,BNB,856.6240119440282
2022-08-12,BNB,868.0068402856824
2022-08-13,BNB,858.4770305112743
2022-08-14,BNB,840.7409956533479
2022-08-15,BNB,845.77061747873
2022-08-16,BNB,836.7702415806777
2022-08-17,BNB,812.4162832683011
2022-08-18,BNB,789.1211927086367
2022-08-19,BNB,738.8249744548154
2022-08-20,BNB,751.0019536110037
2022-08-21,BNB,799.1804363594008
2022-08-22,BNB,794.1508145340187
2022-08-23,BNB,792.2977959667727
2022-08-24,BNB,784.6210047596104
2022-08-25,BNB,797.3274177921547
2022-08-26,BNB,740.1485591457055
2022-08-27,BNB,735.6483711966792
2022-08-28,BNB,731.9423340621872
2022-08-29,BNB,756.8257262509197
2022-08-30,BNB,745.4428979092656
2022-08-31,BNB,739.0896913929934
2022-09-01,BNB,736.7072389493914
2022-09-02,BNB,734.5895034439673
2022-09-03,BNB,735.3836542585013
2022-09-04,BNB,738.8249744548154
2022-09-05,BNB,733.0012018148992
2022-09-06,BNB,694.8819627172663
2022-09-07,BNB,738.2955405784594
2022-09-08,BNB,742.5310115893075
2022-09-09,BNB,776.6794966142703
2022-09-10,BNB,785.4151555741445
2022-09-11,BNB,781.7091184396525
2022-09-12,BNB,778.5325151815164
2022-09-13,BNB,734.3247865057892
2022-09-14,BNB,739.3544083311714
2022-09-15,BNB,717.647619400575
2022-09-16,BNB,727.706863051339
2022-09-17,BNB,738.8249744548154
2022-09-18,BNB,704.6764894298525
2022-09-19,BNB,719.765354905999
2022-09-20,BNB,704.9412063680306
2022-09-21,BNB,698.8527167899365
2022-09-22,BNB,728.7657308040511
2022-09-23,BNB,732.4717679385432
2022-09-24,BNB,726.383278360449
2022-09-25,BNB,726.1185614222711
2022-09-26,BNB,730.8834663094752
2022-09-27,BNB,720.824222658711
2022-09-28,BNB,745.4428979092656
2022-09-29,BNB,752.0608213637158
2022-09-30,BNB,753.9138399309618
2022-10-01,BNB,748.8842181055796
2022-10-02,BNB,753.6491229927838
2022-10-03,BNB,759.4728956326998
2022-10-04,BNB,784.0915708832545
2022-10-05,BNB,778.7972321196944
2022-10-06,BNB,759.7376125708779
2022-10-07,BNB,747.2959164765117
2022-10-08,BNB,731.6776171240091
2022-10-09,BNB,736.4425220112133
2022-10-10,BNB,718.706487153287
2022-10-11,BNB,718.4417702151089
2022-10-12,BNB,717.1181855242188
2022-10-13,BNB,718.9712040914651
2022-10-14,BNB,713.1474314515488
2022-10-15,BNB,709.9708281934127
2022-10-16,BNB,721.353656535067
2022-10-17,BNB,729.5598816185852
2022-10-18,BNB,722.9419581641351
2022-10-19,BNB,720.030071844177
2022-10-20,BNB,712.0885636988368
2022-10-21,BNB,715.0004500187949
2022-10-22,BNB,715.7946008333288
2022-10-23,BNB,730.6187493712972
2022-10-24,BNB,725.5891275459152
2022-10-25,BNB,752.3255383018937
2022-10-26,BNB,768.208554592574
2022-10-27,BNB,758.9434617563438
2022-10-28,BNB,788.5917588322806
2022-10-29,BNB,805.798359813851
2022-10-30,BNB,829.8876011880495
2022-10-31,BNB,862.1830676457662
2022-11-01,BNB,857.4181627585622
2022-11-02,BNB,847.623636045976
2022-11-03,BNB,872.2423112965306
2022-11-04,BNB,938.6862627792102
2022-11-05,BNB,924.3915481175977
2022-11-06,BNB,894.4785341034831
2022-11-07,BNB,892.0960816598811
2022-11-08,BNB,866.6832555947924
2022-11-09,BNB,707.5883757498107
2022-11-10,BNB,804.739492061139
2022-11-11,BNB,768.7379884689301
2022-11-12,BNB,748.6195011674017
2022-11-13,BNB,731.6776171240091
2022-11-14,BNB,738.5602575166374
2022-11-15,BNB,733.2659187530772
2022-11-16,BNB,719.500637967821
2022-11-17,BNB,709.1766773788787
2022-11-18,BNB,725.5891275459152
2022-11-19,BNB,721.6183734732451
2022-11-20,BNB,699.3821506662924
2022-11-21,BNB,672.1163060339578
2022-11-22,BNB,706.0000741207426
2022-11-23,BNB,790.9742112758827
2022-11-24,BNB,794.6802484103747
2022-11-25,BNB,796.2685500394427
2022-11-26,BNB,824.3285454863114
2022-11-27,BNB,814.2693018355474
2022-11-28,BNB,776.9442135524483
2022-11-29,BNB,781.9738353778304
2022-11-30,BNB,795.7391161630868
2022-12-01,BNB,773.7676102943122
2022-12-02,BNB,776.6794966142703
2022-12-03,BNB,768.7379884689301
2022-12-04,BNB,772.4440256034222
2022-12-05,BNB,763.4436497053699
2022-12-06,BNB,768.208554592574
2022-12-07,BNB,752.3255383018937
2022-12-08,BNB,768.7379884689301
2022-12-09,BNB,757.0904431890979
2022-12-10,BNB,762.9142158290139
2022-12-11,BNB,752.8549721782497
2022-12-12,BNB,730.8834663094752
2022-12-13,BNB,720.5595057205329
2022-12-14,BNB,708.6472435025227
2022-12-15,BNB,685.0874360046802
2022-12-16,BNB,612.0255610675504
2022-12-17,BNB,640.879707328953
2022-12-18,BNB,664.4395148267956
2022-12-19,BNB,636.379519379927
2022-12-20,BNB,665.4983825795077
2022-12-21,BNB,651.7331017942514
2022-12-22,BNB,650.6742340415394
2022-12-23,BNB,651.7331017942514
2022-12-24,BNB,647.2329138452253
2022-12-25,BNB,643.7915936489111
2022-12-26,BNB,646.7034799688693
2022-12-27,BNB,653.0566864851414
2022-12-28,BNB,647.2329138452253
2022-12-29,BNB,651.9978187324294
2022-12-30,BNB,650.6742340415394
2022-12-31,BNB,651.9978187324294
2023-01-01,BNB,646.9681969070473
2023-01-02,BNB,649.0859324124713
2023-01-03,BNB,651.4683848560734
2023-01-04,BNB,685.3521529428581
2023-01-05,BNB,679.528380302942
2023-01-06,BNB,687.9993223246381
2023-01-07,BNB,691.7053594591304
2023-01-08,BNB,727.706863051339
2023-01-09,BNB,721.6183734732451
2023-01-10,BNB,733.5306356912554
2023-01-11,BNB,753.9138399309618
2023-01-12,BNB,761.5906311381239
2023-01-13,BNB,777.4736474288043
2023-01-14,BNB,807.6513783810971
2023-01-15,BNB,799.9745871739348
2023-01-16,BNB,791.5036451522386
2023-01-17,BNB,792.5625129049506
2023-01-18,BNB,758.9434617563438
2023-01-19,BNB,779.8560998724065
2023-01-20,BNB,807.6513783810971
2023-01-21,BNB,791.5036451522386
2023-01-22,BNB,802.0923226793589
2023-01-23,BNB,807.6513783810971
2023-01-24,BNB,794.9449653485527
2023-01-25,BNB,812.4162832683011
2023-01-26,BNB,806.592510628385
2023-01-27,BNB,815.3281695882592
2023-01-28,BNB,810.2985477628772
2023-01-29,BNB,839.6821279006357
2023-01-30,BNB,813.2104340828353
2023-01-31,BNB,825.9168471153794
2023-02-01,BNB,839.1526940242798
2023-02-02,BNB,856.3592950058501
2023-02-03,BNB,879.3896686273367
2023-02-04,BNB,874.6247637401325
2023-02-05,BNB,867.7421233475045
2023-02-06,BNB,858.4770305112743
2023-02-07,BNB,881.5074041327607
2023-02-08,BNB,868.8009911002164
2023-02-09,BNB,810.563264701055
2023-02-10,BNB,809.5043969483431
2023-02-11,BNB,821.6813761045312
2023-02-12,BNB,827.5051487444475
2023-02-13,BNB,779.0619490578724
2023-02-14,BNB,784.0915708832545
2023-02-15,BNB,840.2115617769917
2023-02-16,BNB,805.798359813851
2023-02-17,BNB,828.5640164971594
2023-02-18,BNB,837.8291093333897
2023-02-19,BNB,824.5932624244894
2023-02-20,BNB,834.9172230134317
2023-02-21,BNB,824.5932624244894
2023-02-22,BNB,826.9757148680915
2023-02-23,BNB,816.1223204027932
2023-02-24,BNB,800.2393041121129
2023-02-25,BNB,800.5040210502908
2023-02-26,BNB,817.1811881555053
2023-02-27,BNB,806.327793690207
2023-02-28,BNB,797.8568516685107
2023-03-01,BNB,801.2981718648248
2023-03-02,BNB,793.6213806576627
2023-03-03,BNB,768.7379884689301
2023-03-04,BNB,766.6202529635061
2023-03-05,BNB,764.237800519904
2023-03-06,BNB,761.855348076302
2023-03-07,BNB,765.826102148972
2023-03-08,BNB,760.0023295090559
2023-03-09,BNB,733.5306356912554
2023-03-10,BNB,734.3247865057892
2023-03-11,BNB,730.6187493712972
2023-03-12,BNB,762.6494988908361
2023-03-13,BNB,815.0634526500811
2023-03-14,BNB,816.3870373409711
2023-03-15,BNB,810.8279816392331
2023-03-16,BNB,871.9775943583525
2023-03-17,BNB,897.1257034852631
2023-03-18,BNB,876.2130653692006
2023-03-19,BNB,891.3019308453469
2023-03-20,BNB,880.1838194418707
2023-03-21,BNB,885.2134412672528
2023-03-22,BNB,850.0060884895781
2023-03-23,BNB,871.9775943583525
2023-03-24,BNB,852.6532578713582
2023-03-25,BNB,853.4474086858921
2023-03-26,BNB,869.8598588529286
2023-03-27,BNB,822.2108099808875
2023-03-28,BNB,829.0934503735155
2023-03-29,BNB,830.4170350644055
2023-03-30,BNB,837.5643923952117
2023-03-31,BNB,838.8879770861017
2023-04-01,BNB,833.5936383225417
2023-04-02,BNB,830.4170350644055
2023-04-03,BNB,817.4459050936832
2023-04-04,BNB,822.7402438572435
2023-04-05,BNB,830.9464689407615
2023-04-06,BNB,826.7109979299136
2023-04-07,BNB,821.4166591663535
2023-04-08,BNB,821.9460930427093
2023-04-09,BNB,828.0345826208036
2023-04-10,BNB,843.1234480969499
2023-04-11,BNB,853.1826917477142
2023-04-12,BNB,846.8294852314418
2023-04-13,BNB,859.5358982639862
2023-04-14,BNB,870.6540096674624
2023-04-15,BNB,881.5074041327607
2023-04-16,BNB,920.4207940449276
2023-04-17,BNB,900.0375898052212
2023-04-18,BNB,908.2438148887395
2023-04-19,BNB,853.4474086858921
2023-04-20,BNB,842.0645803442379
2023-04-21,BNB,850.270805427756
2023-04-22,BNB,879.3896686273367
2023-04-23,BNB,875.4189145546667
2023-04-24,BNB,876.7424992455567
2023-04-25,BNB,895.8021187943731
2023-04-26,BNB,875.1541976164888
2023-04-27,BNB,875.9483484310225
2023-04-28,BNB,857.9475966349182
2023-04-29,BNB,852.1238239950021
2023-04-30,BNB,893.4196663507711
2023-05-01,BNB,869.5951419147505
2023-05-02,BNB,851.06495624229
2023-05-03,BNB,862.7125015221222
2023-05-04,BNB,857.1534458203843
2023-05-05,BNB,864.3008031511904
2023-05-06,BNB,852.1238239950021
2023-05-07,BNB,849.7413715514
2023-05-08,BNB,830.6817520025836
2023-05-09,BNB,826.1815640535575
2023-05-10,BNB,832.0053366934736
2023-05-11,BNB,814.0045848973692
2023-05-12,BNB,816.6517542791493
2023-05-13,BNB,822.4755269190654
2023-05-14,BNB,826.1815640535575
2023-05-15,BNB,829.6228842498715
2023-05-16,BNB,824.3285454863114
2023-05-17,BNB,832.0053366934736
2023-05-18,BNB,818.7694897845732
2023-05-19,BNB,817.7106220318611
2023-05-20,BNB,822.2108099808875
2023-05-21,BNB,811.092698577411
2023-05-22,BNB,817.9753389700393
2023-05-23,BNB,829.8876011880495
2023-05-24,BNB,810.0338308246992
2023-05-25,BNB,806.063076752029
2023-05-26,BNB,812.1515663301232
2023-05-27,BNB,813.7398679591911
2023-05-28,BNB,831.4759028171176
2023-05-29,BNB,824.8579793626675
2023-05-30,BNB,824.5932624244894
2023-05-31,BNB,812.1515663301232
2023-06-01,BNB,807.121944504741
2023-06-02,BNB,813.2104340828353
2023-06-03,BNB,811.6221324537672
2023-06-04,BNB,807.386661442919
2023-06-05,BNB,733.0012018148992
2023-06-06,BNB,744.3840301565535
2023-06-07,BNB,686.4110206955702
2023-06-08,BNB,693.5583780263763
2023-06-09,BNB,689.5876239537063
2023-06-10,BNB,631.8793314309008
2023-06-11,BNB,623.1436724710268
2023-06-12,BNB,612.2902780057284
2023-06-13,BNB,646.4387630306912
2023-06-14,BNB,629.7615959254769
2023-06-15,BNB,625.7908418528068
2023-06-16,BNB,633.467633059969
2023-06-17,BNB,647.2329138452253
2023-06-18,BNB,646.1740460925132
2023-06-19,BNB,643.5268767107332
2023-06-20,BNB,655.7038558669215
2023-06-21,BNB,658.6157421868796
2023-06-22,BNB,637.438387132639
2023-06-23,BNB,646.7034799688693
2023-06-24,BNB,625.7908418528068
2023-06-25,BNB,632.144048369079
2023-06-26,BNB,624.9966910382727
2023-06-27,BNB,628.7027281727649
2023-06-28,BNB,610.4372594384823
2023-06-29,BNB,617.0551828929325
2023-06-30,BNB,636.114802441749
2023-07-01,BNB,656.2332897432775
2023-07-02,BNB,652.5272526087854
2023-07-03,BNB,652.5272526087854
2023-07-04,BNB,641.9385750816651
2023-07-05,BNB,632.4087653072569
2023-07-06,BNB,614.6727304493305
2023-07-07,BNB,623.6731063473827
2023-07-08,BNB,625.5261249146288
2023-07-09,BNB,619.7023522747127
2023-07-10,BNB,651.7331017942514
2023-07-11,BNB,658.0863083105235
2023-07-12,BNB,645.6446122161572
2023-07-13,BNB,677.940078673874
2023-07-14,BNB,656.7627236196334
2023-07-15,BNB,664.7042317649737
2023-07-16,BNB,641.4091412053091
2023-07-17,BNB,646.1740460925132
2023-07-18,BNB,635.8500855035709
2023-07-19,BNB,637.438387132639
2023-07-20,BNB,642.7327258961991
2023-07-21,BNB,645.1151783398012
2023-07-22,BNB,638.232537947173
2023-07-23,BNB,641.9385750816651
2023-07-24,BNB,632.4087653072569
2023-07-25,BNB,629.2321620491208
2023-07-26,BNB,632.6734822454349
2023-07-27,BNB,636.908953256283
2023-07-28,BNB,640.3502734525971
2023-07-29,BNB,641.6738581434871
2023-07-30,BNB,641.9385750816651
2023-07-31,BNB,637.967821008995
2023-08-01,BNB,655.7038558669215
2023-08-02,BNB,637.173670194461
2023-08-03,BNB,638.232537947173
2023-08-04,BNB,639.820839576241
2023-08-05,BNB,643.7915936489111
2023-08-06,BNB,643.7915936489111
2023-08-07,BNB,640.879707328953
2023-08-08,BNB,649.0859324124713
2023-08-09,BNB,645.3798952779792
2023-08-10,BNB,639.291405699885
2023-08-11,BNB,634.5265008126809
2023-08-12,BNB,636.114802441749
2023-08-13,BNB,635.8500855035709
2023-08-14,BNB,636.379519379927
2023-08-15,BNB,626.5849926673408
2023-08-16,BNB,614.1432965729745
2023-08-17,BNB,577.3476421662316
2023-08-18,BNB,572.0533034026714
2023-08-19,BNB,573.9063219699175
2023-08-20,BNB,573.1121711553835
2023-08-21,BNB,556.9644379265252
2023-08-22,BNB,558.2880226174152
2023-08-23,BNB,573.3768880935614
2023-08-24,BNB,579.7300946098336
2023-08-25,BNB,578.1417929807656
2023-08-26,BNB,573.1121711553835
2023-08-27,BNB,578.1417929807656
2023-08-28,BNB,579.2006607334777
2023-08-29,BNB,600.6427327258962
2023-08-30,BNB,592.436507642378
2023-08-31,BNB,573.6416050317395
2023-09-01,BNB,565.7000968863993
2023-09-02,BNB,567.5531154536454
2023-09-03,BNB,567.5531154536454
2023-09-04,BNB,569.6708509590694
2023-09-05,BNB,568.0825493300014
2023-09-06,BNB,569.6708509590694
2023-09-07,BNB,574.7004727844514
2023-09-08,BNB,568.3472662681794
2023-09-09,BNB,566.7589646391114
2023-09-10,BNB,562.2587766900853
2023-09-11,BNB,545.5816095848708
2023-09-12,BNB,557.7585887410592
2023-09-13,BNB,562.5234936282633
2023-09-14,BNB,561.7293428137292
2023-09-15,BNB,566.7589646391114
2023-09-16,BNB,568.8767001445354
2023-09-17,BNB,573.1121711553835
2023-09-18,BNB,571.7885864644935
2023-09-19,BNB,574.9651897226295
2023-09-20,BNB,567.5531154536454
2023-09-21,BNB,558.0233056792372
2023-09-22,BNB,558.8174564937711
2023-09-23,BNB,557.2291548647032
2023-09-24,BNB,551.405382224787
2023-09-25,BNB,555.6408532356352
2023-09-26,BNB,562.7882105664413
2023-09-27,BNB,561.1999089373733
2023-09-28,BNB,569.1414170827134
2023-09-29,BNB,569.6708509590694
2023-09-30,BNB,568.0825493300014
2023-10-01,BNB,577.6123591044095
2023-10-02,BNB,568.0825493300014
2023-10-03,BNB,565.1706630100433
2023-10-04,BNB,564.9059460718653
2023-10-05,BNB,557.4938718028811
2023-10-06,BNB,564.9059460718653
2023-10-07,BNB,561.9940597519073
2023-10-08,BNB,559.6116073083052
2023-10-09,BNB,544.7874587703368
2023-10-10,BNB,552.1995330393211
2023-10-11,BNB,546.9051942757608
2023-10-12,BNB,542.9344402030907
2023-10-13,BNB,545.5816095848708
2023-10-14,BNB,546.6404773375829
2023-10-15,BNB,555.1114193592791
2023-10-16,BNB,568.0825493300014
2023-10-17,BNB,559.6116073083052
2023-10-18,BNB,556.4350040501691
2023-10-19,BNB,559.0821734319492
2023-10-20,BNB,561.4646258755512
2023-10-21,BNB,567.0236815772894
2023-10-22,BNB,576.5534913516976
2023-10-23,BNB,604.8782037367442
2023-10-24,BNB,596.1425447768701
2023-10-25,BNB,587.9363196933518
2023-10-26,BNB,590.8482060133099
2023-10-27,BNB,593.230658456912
2023-10-28,BNB,597.4661294677601
2023-10-29,BNB,601.1721666022521
2023-10-30,BNB,603.5546190458542
2023-10-31,BNB,598.7897141586501
2023-11-01,BNB,603.2899021076762
2023-11-02,BNB,613.8785796347964
2023-11-03,BNB,609.3783916857703
2023-11-04,BNB,627.6438604200528
2023-11-05,BNB,645.9093291543352
2023-11-06,BNB,675.2929092920939
2023-11-07,BNB,651.7331017942514
2023-11-08,BNB,653.0566864851414
2023-11-09,BNB,666.0278164558637
2023-11-10,BNB,664.4395148267956
2023-11-11,BNB,665.7630995176856
2023-11-12,BNB,654.9097050523875
2023-11-13,BNB,638.232537947173
2023-11-14,BNB,641.4091412053091
2023-11-15,BNB,671.5868721576018
2023-11-16,BNB,642.4680089580211
2023-11-17,BNB,648.2917815979373
2023-11-18,BNB,648.0270646597593
2023-11-19,BNB,652.2625356706075
2023-11-20,BNB,669.9985705285337
2023-11-21,BNB,596.936695591404
2023-11-22,BNB,624.9966910382727
2023-11-23,BNB,618.9082014601786
2023-11-24,BNB,615.9963151402205
2023-11-25,BNB,620.4965030892466
2023-11-26,BNB,613.3491457584404
2023-11-27,BNB,601.4368835404301
2023-11-28,BNB,607.7900900567023
2023-11-29,BNB,601.7016004786082
2023-11-30,BNB,602.4957512931421
2023-12-01,BNB,604.8782037367442
2023-12-02,BNB,606.2017884276343
2023-12-03,BNB,603.8193359840323
2023-12-04,BNB,618.1140506456446
2023-12-05,BNB,612.0255610675504
2023-12-06,BNB,607.2606561803462
2023-12-07,BNB,615.7315982020425
2023-12-08,BNB,632.4087653072569
2023-12-09,BNB,629.2321620491208
2023-12-10,BNB,634.791217750859
2023-12-11,BNB,652.2625356706075
2023-12-12,BNB,673.9693246012039
2023-12-13,BNB,667.0866842085757
2023-12-14,BNB,670.5280044048898
2023-12-15,BNB,648.2917815979373
2023-12-16,BNB,646.9681969070473
2023-12-17,BNB,632.144048369079
2023-12-18,BNB,639.820839576241
2023-12-19,BNB,669.4691366521778
2023-12-20,BNB,689.0581900773503
2023-12-21,BNB,720.2947887823551
2023-12-22,BNB,717.647619400575
2023-12-23,BNB,717.3829024623969
2023-12-24,BNB,700.1763014808265
2023-12-25,BNB,706.5295079970986
2023-12-26,BNB,788.0623249559245
2023-12-27,BNB,857.9475966349182
2023-12-28,BNB,853.9768425622482
2023-12-29,BNB,830.4170350644055
2023-12-30,BNB,839.4174109624579
2023-12-31,BNB,825.3874132390235
2024-01-01,BNB,829.8876011880495
2024-01-02,BNB,826.4462809917354
2024-01-03,BNB,835.9760907661437
2024-01-04,BNB,856.8887288822061
2024-01-05,BNB,840.4762787151699
2024-01-06,BNB,814.0045848973692
2024-01-07,BNB,800.5040210502908
2024-01-08,BNB,803.9453412466049
2024-01-09,BNB,797.0627008539768
2024-01-10,BNB,809.5043969483431
2024-01-11,BNB,815.8576034646153
2024-01-12,BNB,785.1504386359666
2024-01-13,BNB,799.9745871739348
2024-01-14,BNB,792.8272298431286
2024-01-15,BNB,840.4762787151699
2024-01-16,BNB,834.3877891370756
2024-01-17,BNB,819.0342067227512
2024-01-18,BNB,828.5640164971594
2024-01-19,BNB,833.0642044461856
2024-01-20,BNB,839.6821279006357
2024-01-21,BNB,843.3881650351279
2024-01-22,BNB,809.769113886521
2024-01-23,BNB,790.9742112758827
2024-01-24,BNB,775.8853457997363
2024-01-25,BNB,773.2381764179562
2024-01-26,BNB,799.9745871739348
2024-01-27,BNB,808.9749630719871
2024-01-28,BNB,808.1808122574531
2024-01-29,BNB,822.4755269190654
2024-01-30,BNB,814.2693018355474
2024-01-31,BNB,795.4743992249087
2024-02-01,BNB,794.6802484103747
2024-02-02,BNB,797.8568516685107
2024-02-03,BNB,793.3566637194847
2024-02-04,BNB,806.592510628385
2024-02-05,BNB,797.3274177921547
2024-02-06,BNB,801.2981718648248
2024-02-07,BNB,813.4751510210132
2024-02-08,BNB,844.976466664196
2024-02-09,BNB,857.6828796967401
2024-02-10,BNB,855.03571031496
2024-02-11,BNB,848.947220736866
2024-02-12,BNB,867.7421233475045
2024-02-13,BNB,859.5358982639862
2024-02-14,BNB,883.8898565763628
2024-02-15,BNB,937.6273950264981
2024-02-16,BNB,954.0398451935343
2024-02-17,BNB,934.1860748301839
2024-02-18,BNB,925.9798497466658
2024-02-19,BNB,930.74475463387
2024-02-20,BNB,938.6862627792102
2024-02-21,BNB,1003.8066295709996
2024-02-22,BNB,1012.807005469052
2024-02-23,BNB,994.0121028584134
2024-02-24,BNB,1010.4245530254499
2024-02-25,BNB,1028.4253048215544
2024-02-26,BNB,1063.103223722873
2024-02-27,BNB,1044.5730380504126
2024-02-28,BNB,1097.516425686014
2024-02-29,BNB,1057.279451082957
2024-03-01,BNB,1078.4568061371974
2024-03-02,BNB,1087.7218989734276
2024-03-03,BNB,1097.251708747836
2024-03-04,BNB,1107.5756693367782
2024-03-05,BNB,1043.2494533595227
2024-03-06,BNB,1136.6945325363588
2024-03-07,BNB,1256.3465885928176
2024-03-08,BNB,1285.9948856687543
2024-03-09,BNB,1292.6128091232044
2024-03-10,BNB,1400.087886023475
2024-03-11,BNB,1384.4695866709726
2024-03-12,BNB,1422.8535427067836
2024-03-13,BNB,1669.0402952123293
2024-03-14,BNB,1596.7725710897337
2024-03-15,BNB,1674.8640678522456
2024-03-16,BNB,1525.8284316580277
2024-03-17,BNB,1513.3867355636617
2024-03-18,BNB,1470.2378746406464
2024-03-19,BNB,1343.9678951297376
2024-03-20,BNB,1473.9439117751385
2024-03-21,BNB,1466.0024036297984
2024-03-22,BNB,1466.0024036297984
2024-03-23,BNB,1460.9727818044164
2024-03-24,BNB,1502.7980580365415
2024-03-25,BNB,1553.8884271048967
2024-03-26,BNB,1536.417109185148
2024-03-27,BNB,1520.2693759562897
2024-03-28,BNB,1544.3586173304884
2024-03-29,BNB,1621.391246340288
2024-03-30,BNB,1590.1546476352837
2024-03-31,BNB,1606.0376639259641
2024-04-01,BNB,1524.2401300289598
2024-04-02,BNB,1459.6491971135263
2024-04-03,BNB,1486.385607869505
2024-04-04,BNB,1549.9176730322265
2024-04-05,BNB,1529.5344687925199
2024-04-06,BNB,1549.6529560940485
2024-04-07,BNB,1545.6822020213783
2024-04-08,BNB,1552.3001254758285
2024-04-09,BNB,1536.6818261233263
2024-04-10,BNB,1613.9791720713042
2024-04-11,BNB,1600.4786082242258
2024-04-12,BNB,1576.6540837882053
2024-04-13,BNB,1464.1493850625527
2024-04-14,BNB,1499.3567378402272
2024-04-15,BNB,1463.0905173098406
2024-04-16,BNB,1423.1182596449617
2024-04-17,BNB,1413.8531668087314
2024-04-18,BNB,1461.5022156807727
2024-04-19,BNB,1466.5318375061545
2024-04-20,BNB,1511.2690000582375
2024-04-21,BNB,1534.299373679724
2024-04-22,BNB,1600.2138912860478
2024-04-23,BNB,1604.7140792350738
2024-04-24,BNB,1611.596719627702
2024-04-25,BNB,1623.2442649075344
2024-04-26,BNB,1583.0072903044772
2024-04-27,BNB,1578.2423854172735
2024-04-28,BNB,1588.8310629443936
2024-04-29,BNB,1569.2420095192208
2024-04-30,BNB,1531.122770421588
2024-05-01,BNB,1487.179758684039
2024-05-02,BNB,1483.738438487725
2024-05-03,BNB,1553.8884271048967
2024-05-04,BNB,1550.4471069085828
2024-05-05,BNB,1567.124274013797
2024-05-06,BNB,1557.0650303630327
2024-05-07,BNB,1526.093148596206
2024-05-08,BNB,1558.1238981157449
2024-05-09,BNB,1579.8306870463412
2024-05-10,BNB,1550.1823899704045
2024-05-11,BNB,1567.653707890153
2024-05-12,BNB,1574.5363482827809
2024-05-13,BNB,1566.330123199263
2024-05-14,BNB,1501.2097564074734
2024-05-15,BNB,1538.0054108142162
2024-05-16,BNB,1506.7688121092117
2024-05-17,BNB,1537.7406938760382
2024-05-18,BNB,1536.15239224697
2024-05-19,BNB,1520.798809832646
2024-05-20,BNB,1587.2427613153254
2024-05-21,BNB,1637.2742626309687
2024-05-22,BNB,1627.4797359183822
2024-05-23,BNB,1586.4486105007913
2024-05-24,BNB,1589.0957798825714
2024-05-25,BNB,1594.6548355843095
2024-05-26,BNB,1588.8310629443936
2024-05-27,BNB,1598.6255896569796
2024-05-28,BNB,1592.8018170170637
2024-05-29,BNB,1576.918800726383
2024-05-30,BNB,1575.3304990973152
2024-05-31,BNB,1571.624461962823
2024-06-01,BNB,1593.3312508934196
2024-06-02,BNB,1595.9784202751996
2024-06-03,BNB,1658.186900747031
2024-06-04,BNB,1815.1640450865887
2024-06-05,BNB,1849.8419639879075
2024-06-06,BNB,1882.6668643219805
2024-06-07,BNB,1810.6638571375627
2024-06-08,BNB,1807.2225369412486
2024-06-09,BNB,1781.544993937982
2024-06-10,BNB,1654.745580550717
2024-06-11,BNB,1594.9195525224877
2024-06-12,BNB,1639.6567150745707
2024-06-13,BNB,1587.7721951916812
2024-06-14,BNB,1597.0372880279115
2024-06-15,BNB,1610.0084179986338
2024-06-16,BNB,1616.891058391262
2024-06-17,BNB,1599.6844574096915
2024-06-18,BNB,1558.1238981157449
2024-06-19,BNB,1586.4486105007913
2024-06-20,BNB,1555.7414456721428
2024-06-21,BNB,1551.5059746612947
2024-06-22,BNB,1564.7418215701948
2024-06-23,BNB,1528.740317977986
2024-06-24,BNB,1503.8569257892534
2024-06-25,BNB,1530.5933365452322
2024-06-26,BNB,1516.8280557599758
2024-06-27,BNB,1539.8584293814624
2024-06-28,BNB,1502.0039072220075
2024-06-29,BNB,1508.8865476146357
2024-06-30,BNB,1541.1820140723523
2024-07-01,BNB,1527.1520163489179
2024-07-02,BNB,1535.6229583706142
2024-07-03,BNB,1473.679194836961
2024-07-04,BNB,1359.58619448224
2024-07-05,BNB,1317.496201311937
2024-07-06,BNB,1392.4110948163127
2024-07-07,BNB,1298.9660156394766
2024-07-08,BNB,1351.6446863369
2024-07-09,BNB,1368.3218534421142
2024-07-10,BNB,1388.9697746199988
2024-07-11,BNB,1389.2344915581766
2024-07-12,BNB,1413.0590159941971
2024-07-13,BNB,1409.352978859705
2024-07-14,BNB,1442.177879193778
2024-07-15,BNB,1549.3882391558705
2024-07-16,BNB,1525.2989977816721
2024-07-17,BNB,1505.9746612946774
2024-07-18,BNB,1513.9161694400177
2024-07-19,BNB,1570.830311148289
2024-07-20,BNB,1570.0361603337549
2024-07-21,BNB,1594.9195525224877
2024-07-22,BNB,1554.4178609812527
2024-07-23,BNB,1540.3878632578183
2024-07-24,BNB,1521.8576775853578
2024-07-25,BNB,1510.4748492437036
2024-07-26,BNB,1537.7406938760382
2024-07-27,BNB,1539.5937124432842
2024-07-28,BNB,1545.6822020213783
2024-07-29,BNB,1520.2693759562897
2024-07-30,BNB,1557.0650303630327
2024-07-31,BNB,1526.093148596206
2024-08-01,BNB,1522.387111461714
2024-08-02,BNB,1437.1482573683957
2024-08-03,BNB,1401.9409045907212
2024-08-04,BNB,1315.3784658065128
2024-08-05,BNB,1228.816027022305
2024-08-06,BNB,1283.3477162869742
2024-08-07,BNB,1257.4054563455297
2024-08-08,BNB,1368.8512873184702
2024-08-09,BNB,1346.6150645115176
2024-08-10,BNB,1384.7343036091506
2024-08-11,BNB,1332.5850667880834
2024-08-12,BNB,1371.7631736384285
2024-08-13,BNB,1387.646189929109
2024-08-14,BNB,1385.5284544236845
2024-08-15,BNB,1374.4103430202085
2024-08-16,BNB,1375.7339277110984
2024-08-17,BNB,1433.706937172082
2024-08-18,BNB,1406.1763756015691
2024-08-19,BNB,1478.1793827859867
2024-08-20,BNB,1507.2982459855675
2024-08-21,BNB,1509.1512645528135
2024-08-22,BNB,1543.0350326395983
2024-08-23,BNB,1566.330123199263
2024-08-24,BNB,1536.6818261233263
2024-08-25,BNB,1519.2105082035778
2024-08-26,BNB,1451.1782550918304
2024-08-27,BNB,1411.7354313033072
2024-08-28,BNB,1421.5299580158935
2024-08-29,BNB,1419.9416563868253
2024-08-30,BNB,1416.7650531286895
2024-08-31,BNB,1410.6765635505951
2024-09-01,BNB,1356.409591224104
2024-09-02,BNB,1393.2052456308468
2024-09-03,BNB,1373.0867583293184
2024-09-04,BNB,1343.7031781915596
2024-09-05,BNB,1329.9378974063031
2024-09-06,BNB,1289.7009228032464
2024-09-07,BNB,1306.3780899084607
2024-09-08,BNB,1331.7909159735495
2024-09-09,BNB,1373.0867583293184
2024-09-10,BNB,1368.5865703802924
2024-09-11,BNB,1403.2644892816113
2024-09-12,BNB,1441.3837283792438
2024-09-13,BNB,1472.8850440224267
2024-09-14,BNB,1464.6788189389085
2024-09-15,BNB,1464.9435358770863
2024-09-16,BNB,1412.7942990560196
2024-09-17,BNB,1445.8839163282703
2024-09-18,BNB,1481.091269105945
2024-09-19,BNB,1500.9450394692954
2024-09-20,BNB,1506.2393782328554
2024-09-21,BNB,1558.1238981157449
2024-09-22,BNB,1558.3886150539229
2024-09-23,BNB,1600.2138912860478
2024-09-24,BNB,1603.91992842054
2024-09-25,BNB,1554.9472948576085
2024-09-26,BNB,1578.5071023554513
2024-09-27,BNB,1606.302380864142
2024-09-28,BNB,1591.2135153879956
2024-09-29,BNB,1576.6540837882053
2024-09-30,BNB,1502.0039072220075
2024-10-01,BNB,1448.7958026482281
2024-10-02,BNB,1436.0893896156838
2024-10-03,BNB,1442.177879193778
2024-10-04,BNB,1469.9731577024686
2024-10-05,BNB,1490.3563619421752
2024-10-06,BNB,1509.6806984291695
2024-10-07,BNB,1493.797682138489
2024-10-08,BNB,1537.4759769378602
2024-10-09,BNB,1510.7395661818816
2024-10-10,BNB,1492.738814385777
2024-10-11,BNB,1518.416357389044
2024-10-12,BNB,1526.357865534384
2024-10-13,BNB,1514.7103202545518
2024-10-14,BNB,1559.4474828066348
2024-10-15,BNB,1573.742197468247
2024-10-16,BNB,1590.6840815116395
2024-10-17,BNB,1569.5067264573988
2024-10-18,BNB,1586.1838935626135
2024-10-19,BNB,1582.2131394899434
2024-10-20,BNB,1603.91992842054
2024-10-21,BNB,1585.1250258099012
2024-10-22,BNB,1571.8891789010008
2024-10-23,BNB,1548.3293714031583
2024-10-24,BNB,1573.742197468247
2024-10-25,BNB,1522.91654533807
2024-10-26,BNB,1544.3586173304884
2024-10-27,BNB,1559.712199744813
2024-10-28,BNB,1591.2135153879956
2024-10-29,BNB,1604.9787961732516
2024-10-30,BNB,1576.6540837882053
2024-10-31,BNB,1526.357865534384
2024-11-01,BNB,1517.0927726981538
2024-11-02,BNB,1505.1805104801435
2024-11-03,BNB,1476.326364218741
2024-11-04,BNB,1462.5610834334846
2024-11-05,BNB,1490.912267512349
2024-11-06,BNB,1567.7066512777885
2024-11-07,BNB,1583.6955543437402
2024-11-08,BNB,1582.5307998157568
2024-11-09,BNB,1653.5808260227338
2024-11-10,BNB,1660.6487682720867
2024-11-11,BNB,1746.1523393035825
2024-11-12,BNB,1655.3544295085264
2024-11-13,BNB,1643.0450918832491
2024-11-14,BNB,1647.3335062817328
2024-11-15,BNB,1639.577299993117
2024-11-16,BNB,1648.3659023406271
2024-11-17,BNB,1638.3331303836806
2024-11-18,BNB,1638.412545465134
2024-11-19,BNB,1629.3327544856284
2024-11-20,BNB,1602.569872035832
2024-11-21,BNB,1646.1687517537496
2024-11-22,BNB,1675.6582186667795
2024-11-23,BNB,1721.771909297388
2024-11-24,BNB,1746.2052826912181
2024-11-25,BNB,1684.1291606884758
2024-11-26,BNB,1624.064887415886
2024-11-27,BNB,1705.1476855798094
2024-11-28,BNB,1730.7987568892581
2024-11-29,BNB,1733.0223791699534
2024-11-30,BNB,1729.739889136546
2024-12-01,BNB,1736.516642753903
2024-12-02,BNB,1714.8892689047602
2024-12-03,BNB,1944.716514630905
2024-12-04,BNB,1957.6611729078095
2024-12-05,BNB,1898.2851636744829
2024-12-06,BNB,1933.0160259634372
2024-12-07,BNB,1984.6358289081484
2024-12-08,BNB,1964.1996812808063
2024-12-09,BNB,1824.4026662290014
2024-12-10,BNB,1791.6042375887462
2024-12-11,BNB,1882.6933360157984
2024-12-12,BNB,1868.2927345789146
2024-12-13,BNB,1921.103763745427
2024-12-14,BNB,1894.8173717843506
2024-12-15,BNB,1902.9706534802333
2024-12-16,BNB,1907.4973131230774
2024-12-17,BNB,1899.8469936097329
2024-12-18,BNB,1816.9641202661992
2024-12-19,BNB,1762.0088839004452
2024-12-20,BNB,1796.3691424759504
2024-12-21,BNB,1756.3704131172535
2024-12-22,BNB,1720.051249199231
2024-12-23,BNB,1837.5590980564482
2024-12-24,BNB,1844.8123421625255
2024-12-25,BNB,1860.2188679644855
2024-12-26,BNB,1824.958571799175
2024-12-27,BNB,1831.444136784536
2024-12-28,BNB,1911.6004256648364
2024-12-29,BNB,1839.015041216427
2024-12-30,BNB,1867.2073951323848
2024-12-31,BNB,1859.1070568241378
2025-01-01,BNB,1873.7723751991994
2025-01-02,BNB,1869.5633758821689
2025-01-03,BNB,1892.408447646931
2025-01-04,BNB,1888.5171086557143
2025-01-05,BNB,1877.6107708027805
2025-01-06,BNB,1930.898290458013
2025-01-07,BNB,1847.7507001763013
2025-01-08,BNB,1842.5093048003766
2025-01-09,BNB,1814.5816678225974
2025-01-10,BNB,1835.0442871437572
2025-01-11,BNB,1844.2829082861697
2025-01-12,BNB,1835.3884191633886
2025-01-13,BNB,1822.9467230690223
2025-01-14,BNB,1850.0802092322676
2025-01-15,BNB,1891.6407685262147
2025-01-16,BNB,1874.4606392384621
2025-01-17,BNB,1910.6209729935777
2025-01-18,BNB,1878.21961976059
2025-01-19,BNB,1808.5196499383208
2025-01-20,BNB,1806.7195747587102
2025-01-21,BNB,1832.3971177619771
2025-01-22,BNB,1841.1592484156688
2025-01-23,BNB,1825.8586093889803
2025-01-24,BNB,1801.2664058322437
2025-01-25,BNB,1817.0170636538348
2025-01-26,BNB,1766.64143031856
2025-01-27,BNB,1799.3869155711795
2025-01-28,BNB,1750.5466404773372
2025-01-29,BNB,1768.2297319476284
2025-01-30,BNB,1793.5366712374457
2025-01-31,BNB,1793.377841074539
2025-02-01,BNB,1728.4427761394743
2025-02-02,BNB,1635.4212440637223
2025-02-03,BNB,1633.8594141284723
2025-02-04,BNB,1516.007433251624
2025-02-05,BNB,1507.6953213928346
2025-02-06,BNB,1513.4396789512973
2025-02-07,BNB,1529.29622354816
2025-02-08,BNB,1621.1000577082923
2025-02-09,BNB,1630.1533769939801
2025-02-10,BNB,1637.6713380382355
2025-02-11,BNB,1699.773931734796
2025-02-12,BNB,1844.8917572439786
2025-02-13,BNB,1759.626431456843
2025-02-14,BNB,1746.364112854125
2025-02-15,BNB,1752.982036308575
2025-02-16,BNB,1781.80971087616
2025-02-17,BNB,1767.0120340320093
2025-02-18,BNB,1715.8422498822006
2025-02-19,BNB,1729.607530667457
2025-02-20,BNB,1737.4960954251617
2025-02-21,BNB,1713.962759621137
2025-02-22,BNB,1769.8180335766963
2025-02-23,BNB,1742.9492643516287
2025-02-24,BNB,1625.8914342893145
2025-02-25,BNB,1650.483637846051
2025-02-26,BNB,1618.9293788152331
2025-02-27,BNB,1602.6228154234677
2025-02-28,BNB,1556.7208983434014
2025-03-01,BNB,1609.2936822655531
2025-03-02,BNB,1651.6748640678522
2025-03-03,BNB,1525.0342808434941
2025-03-04,BNB,1545.9733906533743
2025-03-05,BNB,1583.6426109561046
2025-03-06,BNB,1579.0365362318073
2025-03-07,BNB,1574.4569332013275
2025-03-08,BNB,1570.0361603337549
2025-03-09,BNB,1468.2524976043117
2025-03-10,BNB,1406.9440547222853
2025-03-11,BNB,1460.2051026837003
2025-03-12,BNB,1508.5424155950043
2025-03-13,BNB,1534.82880755608
2025-03-14,BNB,1555.9002758350496
2025-03-15,BNB,1640.7949979087361
2025-03-16,BNB,1594.1254017079536
2025-03-17,BNB,1672.1904267766477
2025-03-18,BNB,1661.9194095753408
2025-03-19,BNB,1637.8036965073245
2025-03-20,BNB,1668.9608801308761
2025-03-21,BNB,1681.402576225242
2025-03-22,BNB,1659.801674069917
2025-03-23,BNB,1651.277788660585
2025-03-24,BNB,1686.4586697444424
2025-03-25,BNB,1667.2402200327192
2025-03-26,BNB,1635.9242062462608
2025-03-27,BNB,1687.1998771713406
2025-03-28,BNB,1640.7420545211003
2025-03-29,BNB,1596.21666551956
2025-03-30,BNB,1594.1254017079536
2025-03-31,BNB,1601.0345137943993
2025-04-01,BNB,1617.7646242872495
2025-04-02,BNB,1563.630010429847
2025-04-03,BNB,1568.8978774995894
2025-04-04,BNB,1582.2396111837613
2025-04-05,BNB,1570.1155754152082
2025-04-06,BNB,1470.6084783540957
2025-04-07,BNB,1468.1201391352226
2025-04-08,BNB,1465.7906300792563
2025-04-09,BNB,1541.499674398166
2025-04-10,BNB,1530.1433177503293
2025-04-11,BNB,1551.0559558663917
2025-04-12,BNB,1581.1278000434133
2025-04-13,BNB,1546.6881263864548
2025-04-14,BNB,1547.3763904257175
2025-04-15,BNB,1534.0876001291815
2025-04-16,BNB,1542.7703157014203
2025-04-17,BNB,1563.127048247309
2025-04-18,BNB,1566.3565948930807
2025-04-19,BNB,1566.4095382807163
2025-04-20,BNB,1569.1625944377674
2025-04-21,BNB,1581.2601585125026
2025-04-22,BNB,1637.3007343247864
2025-04-23,BNB,1603.4169662380016
2025-04-24,BNB,1592.4047416097965
2025-04-25,BNB,1588.0633838236772
2025-04-26,BNB,1607.4406636983074
2025-04-27,BNB,1597.4608351289967
2025-04-28,BNB,1604.6081924598025
2025-04-29,BNB,1590.9487984498173
2025-04-30,BNB,1587.9839687422239
2025-05-01,BNB,1587.3221763967788
2025-05-02,BNB,1590.1281759414658
2025-05-03,BNB,1586.6074406636983
2025-05-04,BNB,1551.3206728045698
2025-05-05,BNB,1581.974894245583
2025-05-06,BNB,1595.1048543792122
2025-05-07,BNB,1595.4489863988438
2025-05-08,BNB,1665.5195599345618
2025-05-09,BNB,1763.7824873862378
2025-05-10,BNB,1757.4557525637833
2025-05-11,BNB,1723.7043429460875
2025-05-12,BNB,1747.3170938315657
2025-05-13,BNB,1758.064601521593
2025-05-14,BNB,1727.1986065300375
2025-05-15,BNB,1725.636776594787
2025-05-16,BNB,1712.0832693600732
2025-05-17,BNB,1692.8912913421677
2025-05-18,BNB,1724.710267311164
2025-05-19,BNB,1719.6541737919642
2025-05-20,BNB,1720.6600981570407
2025-05-21,BNB,1782.3656164463337
2025-05-22,BNB,1817.4670824487375
2025-05-23,BNB,1739.1373404418655
2025-05-24,BNB,1768.3356187228994
2025-05-25,BNB,1772.1210709388452
2025-05-26,BNB,1784.9598424404783
2025-05-27,BNB,1818.3671200385427
2025-05-28,BNB,1818.314176650907
2025-05-29,BNB,1786.8922760891778
2025-05-30,BNB,1734.8489260433817
2025-05-31,BNB,1741.8639249050987
2025-06-01,BNB,1749.1701123988119
2025-06-02,BNB,1762.8295064087968
2025-06-03,BNB,1751.3407912918715
2025-06-04,BNB,1755.6821490779907
2025-06-05,BNB,1676.5053128689492
2025-06-06,BNB,1701.335761670046
2025-06-07,BNB,1722.8307770501006
2025-06-08,BNB,1725.9544369206008
2025-06-09,BNB,1761.9029971251741
2025-06-10,BNB,1782.89505032269
2025-06-11,BNB,1766.8002604814667
2025-06-12,BNB,1733.234152720496
2025-06-13,BNB,1734.822454349564
2025-06-14,BNB,1709.039024571026
2025-06-15,BNB,1715.868721576019
2025-06-16,BNB,1722.619003499558
2025-06-17,BNB,1715.5775329440228
2025-06-18,BNB,1706.8154022903307
2025-06-19,BNB,1706.497741964517
2025-06-20,BNB,1698.4503470439058
2025-06-21,BNB,1664.990126058206
2025-06-22,BNB,1630.1533769939801
2025-06-23,BNB,1695.4855173363121
2025-06-24,BNB,1703.5329122569233
2025-06-25,BNB,1710.2567224866452
2025-06-26,BNB,1700.276893917334
2025-06-27,BNB,1709.3037415092042
2025-06-28,BNB,1716.9540610225486
2025-06-29,BNB,1733.6312281277628
2025-06-30,BNB,1738.925566891323
2025-07-01,BNB,1710.9449865259076
2025-07-02,BNB,1746.364112854125
2025-07-03,BNB,1756.6351300554315
2025-07-04,BNB,1730.1899079314487
2025-07-05,BNB,1736.9666615488059
2025-07-06,BNB,1755.417432139813
2025-07-07,BNB,1749.9377915195278
2025-07-08,BNB,1748.7995086853625
2025-07-09,BNB,1770.109222208692
2025-07-10,BNB,1815.4287620247665
2025-07-11,BNB,1826.5204017344254
2025-07-12,BNB,1815.5875921876734
2025-07-13,BNB,1831.8412121918034
2025-07-14,BNB,1824.2173643722765
2025-07-15,BNB,1826.3350998777007
2025-07-16,BNB,1875.81069562317
2025-07-17,BNB,1907.6826149798019
2025-07-18,BNB,1932.2218751489029
2025-07-19,BNB,1940.9045907211419
2025-07-20,BNB,2003.430731518787
2025-07-21,BNB,2028.3141237075195
2025-07-22,BNB,2082.475209258739
2025-07-23,BNB,2056.1623456038456
2025-07-24,BNB,2040.2793293131651
2025-07-25,BNB,2079.21919091915
2025-07-26,BNB,2099.9729988723057
2025-07-27,BNB,2234.210958222373
2025-07-28,BNB,2181.4528724434963
2025-07-29,BNB,2131.2360692711286
2025-07-30,BNB,2100.555376136297
2025-07-31,BNB,2073.1042296472383
2025-08-01,BNB,2004.1189955580496
2025-08-02,BNB,1949.4284761304734
2025-08-03,BNB,1988.5801112870008
2025-08-04,BNB,2034.6938019176093
2025-08-05,BNB,1998.9570152635786
2025-08-06,BNB,2037.1291977488468
2025-08-07,BNB,2087.7430763284815
2025-08-08,BNB,2100.5289044424794
2025-08-09,BNB,2114.6383172473675
2025-08-10,BNB,2136.848068360502
2025-08-11,BNB,2131.2095975773104
2025-08-12,BNB,2203.6890952504486
2025-08-13,BNB,2244.8261074433103
2025-08-14,BNB,2224.7340918356
2025-08-15,BNB,2191.3532859313536
2025-08-16,BNB,2220.207432192756
2025-08-17,BNB,2264.3357457870297
2025-08-18,BNB,2242.125994673895
2025-08-19,BNB,2181.558759218767
2025-08-20,BNB,2300.522551235963
2025-08-21,BNB,2222.2722243105445
2025-08-22,BNB,2383.0083491722303
2025-08-23,BNB,2330.6208671068025
2025-08-24,BNB,2320.2704348240422
2025-08-25,BNB,2221.822205515642
2025-08-26,BNB,2286.36019504344
2025-08-27,BNB,2263.8063119106737
2025-08-28,BNB,2312.223039903431
2025-08-29,BNB,2282.6541579089476
2025-08-30,BNB,2281.860007094414
2025-08-31,BNB,2270.3448202836703
2025-09-01,BNB,2238.658202783763
2025-09-02,BNB,2254.858879400257
2025-09-03,BNB,2262.694500770326
2025-09-04,BNB,2233.231505551114
2025-09-05,BNB,2250.4645782265025
2025-09-06,BNB,2278.8157623053667
2025-09-07,BNB,2329.641414435544
2025-09-08,BNB,2324.426490753437
2025-09-09,BNB,2329.5355276602727
2025-09-10,BNB,2365.9605783535662
2025-09-11,BNB,2389.7851027895867
2025-09-12,BNB,2448.1022442702015
2025-09-13,BNB,2471.6091083804085
2025-09-14,BNB,2452.6289039130456
2025-09-15,BNB,2434.5487370354876
2025-09-16,BNB,2529.7674196981166
2025-09-17,BNB,2620.644744574626
2025-09-18,BNB,2596.9790503015124
2025-09-19,BNB,2605.0793886097595
2025-09-20,BNB,2763.035985620576
2025-09-21,BNB,2773.704078229149
2025-09-22,BNB,2628.374479169424
2025-09-23,BNB,2689.471148500908
2025-09-24,BNB,2696.115543649176
2025-09-25,BNB,2503.9575182257613
2025-09-26,BNB,2543.4003420142835
2025-09-27,BNB,2563.651187784901
2025-09-28,BNB,2628.6656678014197
2025-09-29,BNB,2726.0285576632905
2025-09-30,BNB,2669.6967932190105
2025-10-01,BNB,2717.3193703972343
2025-10-02,BNB,2885.99700340426
2025-10-03,BNB,3148.543262689206
2025-10-04,BNB,3046.230166083407
2025-10-05,BNB,3090.2525929024096
2025-10-06,BNB,3237.991116099555
2025-10-07,BNB,3453.0471566753668
2025-10-08,BNB,3460.909249739254
2025-10-09,BNB,3323.1240834176015
2025-10-10,BNB,2918.4248283310653
2025-10-11,BNB,3004.7225501770954
2025-10-12,BNB,3448.335195175798
2025-10-13,BNB,3426.89312318338
2025-10-14,BNB,3199.157141268841
2025-10-15,BNB,3077.519708176047
2025-10-16,BNB,3030.558923343269
2025-10-17,BNB,2835.515483293714
2025-10-18,BNB,2891.8472477379937
2025-10-19,BNB,2938.040353450056
2025-10-20,BNB,2912.389282140607
2025-10-21,BNB,2798.481583642611
2025-10-22,BNB,2837.2890867795063
2025-10-23,BNB,2982.618685839232
2025-10-24,BNB,2935.737316087907
2025-10-25,BNB,2955.644029838893
2025-10-26,BNB,3012.9817186482496
2025-10-27,BNB,3014.8082655216776
2025-10-28,BNB,2921.01905432521
2025-10-29,BNB,2932.269524197775
2025-10-30,BNB,2856.428121409776
2025-10-31,BNB,2882.50273982031
2025-11-01,BNB,2897.4063034397313
2025-11-02,BNB,2867.5462328132526
2025-11-03,BNB,2630.068667573763
2025-11-04,BNB,2479.788861770109
2025-11-05,BNB,2539.509003023067
2025-11-06,BNB,2515.869780443771
2025-11-07,BNB,2623.741932751309
2025-11-08,BNB,2623.424272425495
2025-11-09,BNB,2638.2484209634636
2025-11-10,BNB,2625.9390833381863
2025-11-11,BNB,2536.2000412958423
2025-11-12,BNB,2522.3818171229505
2025-11-13,BNB,2454.3230923173846
2025-11-14,BNB,2422.821776674202
2025-11-15,BNB,2467.9030712459166
2025-11-16,BNB,2452.7612623821346
2025-11-17,BNB,2401.9356102519573
2025-11-18,BNB,2469.2531276306245
2025-11-19,BNB,2376.5492558806864
2025-11-20,BNB,2293.798741006242
2025-11-21,BNB,2198.368284793071
2025-11-22,BNB,2207.1568871405802
2025-11-23,BNB,2233.152090469661
2025-11-24,BNB,2289.5897416892117
2025-11-25,BNB,2283.3688936420285
2025-11-26,BNB,2360.692711283824
2025-11-27,BNB,2371.175502035673
2025-11-28,BNB,2348.5422038214538
2025-11-29,BNB,2310.7141533558165
2025-11-30,BNB,2317.093831565906
2025-12-01,BNB,2188.1766826732173
2025-12-02,BNB,2320.5351517622203
2025-12-03,BNB,2437.4076799678105
2025-12-04,BNB,2382.2406700515135
2025-12-05,BNB,2338.95945065941
2025-12-06,BNB,2356.986674149332
2025-12-07,BNB,2367.5488799826344
2025-12-08,BNB,2374.8285957825296
2025-12-09,BNB,2375.30508627125
2025-12-10,BNB,2365.060540763761
2025-12-11,BNB,2345.153827012775
2025-12-12,BNB,2333.6915835896675
2025-12-13,BNB,2374.0344449679956
2025-12-14,BNB,2322.282283554195
2025-12-15,BNB,2272.8596311963615
2025-12-16,BNB,2317.940925768076
2025-12-17,BNB,2231.749090697317
2025-12-18,BNB,2197.3358887341765
2025-12-19,BNB,2266.4270095986362
2025-12-20,BNB,2261.132670835076
2025-12-21,BNB,2272.965517971633
2025-12-22,BNB,2273.0184613592683
2025-12-23,BNB,2235.0051090369066
2025-12-24,BNB,2241.0406552273653
2025-12-25,BNB,2196.197605900011
2025-12-26,BNB,2209.6452263594538
2025-12-27,BNB,2236.964014379424
2025-12-28,BNB,2274.765593151243
2025-12-29,BNB,2256.606011192232
2025-12-30,BNB,2280.9334978107904
2025-12-31,BNB,2287.9484966725076
2026-01-01,BNB,2288.186741916868
2026-01-02,BNB,2332.8180176936803
2026-01-03,BNB,2325.882433913416
2026-01-04,BNB,2370.354879527321
2026-01-05,BNB,2409.7447599282086
2026-01-06,BNB,2429.1485114966563
2026-01-07,BNB,2383.24659441659
2026-01-08,BNB,2361.9633525870786
2026-01-09,BNB,2374.140331743267
2026-01-10,BNB,2403.444496799572
2026-01-11,BNB,2393.888215331346
2026-01-12,BNB,2397.753082628745
2026-01-13,BNB,2498.2131606672983
2026-01-14,BNB,2510.760743536936
2026-01-15,BNB,2465.0441283135942
2026-01-16,BNB,2483.4684272107834
2026-01-17,BNB,2507.1870648715326
2026-01-18,BNB,2468.511920203726
2026-01-19,BNB,2444.9256410120656
2026-01-20,BNB,2340.627167369931
2026-01-21,BNB,2338.403545089236
2026-01-22,BNB,2350.845241183602
2026-01-23,BNB,2360.2956358765573
2026-01-24,BNB,2348.489260433818
2026-01-25,BNB,2292.5016280091695
2026-01-26,BNB,2327.9472260312045
2026-01-27,BNB,2378.111085815937
2026-01-28,BNB,2390.155706503036
2026-01-29,BNB,2299.5695702585226
2026-01-30,BNB,2273.4155367665353
2026-01-31,BNB,2068.445211535305
2026-02-01,BNB,2007.9838628554485
2026-02-02,BNB,2048.7502713348613
2026-02-03,BNB,1998.0305059799555
2026-02-04,BNB,1845.791794833784
2026-02-05,BNB,1610.2731349368116
2026-02-06,BNB,1739.746189399675
2026-02-07,BNB,1712.7185900117001
2026-02-08,BNB,1694.0031024825153
2026-02-09,BNB,1684.632122871014
2026-02-10,BNB,1640.8479412963718
2026-02-11,BNB,1609.7701727542737
2026-02-12,BNB,1626.1296795336743
2026-02-13,BNB,1638.4390171589519
2026-02-14,BNB,1675.0493697089698
2026-02-15,BNB,1628.4327168958232
2026-02-16,BNB,1660.2781645586376
2026-02-17,BNB,1635.2624139008158
2026-02-18,BNB,1601.0080421005816
2026-02-19,BNB,1609.0289653273753
2026-02-20,BNB,1656.8897877499587
2026-02-21,BNB,1656.0956369354249
2026-02-22,BNB,1627.4797359183822
2026-02-23,BNB,1578.7982909874468
2026-02-24,BNB,1544.8880512068445
2026-02-25,BNB,1666.1813522800066
2026-02-26,BNB,1656.4397689550565
2026-02-27,BNB,1625.4414154944116
2026-02-28,BNB,1633.6741122717476
2026-03-01,BNB,1635.8447911648075
2026-03-02,BNB,1688.3381600055059
2026-03-03,BNB,1677.140633520576
2026-03-04,BNB,1741.810981517463
2026-03-05,BNB,1714.9686839862134
2026-03-06,BNB,1660.5958248844508
2026-03-07,BNB,1641.9332807429014
2026-03-08,BNB,1620.0147182617627
2026-03-09,BNB,1679.9995764528987
2026-03-10,BNB,1699.4827431028
2026-03-11,BNB,1724.5249654544396
2026-03-12,BNB,1725.2132294937023
2026-03-13,BNB,1735.8283787146406
2026-03-14,BNB,1741.043302396747
2026-03-15,BNB,1783.5833143619525
2026-03-16,BNB,1799.3075004897264
2026-03-17,BNB,1769.9239203519674
2026-03-18,BNB,1726.6691726536812
2026-03-19,BNB,1691.9383103647267
2026-03-20,BNB,1699.773931734796
2026-03-21,BNB,1669.5697290886856
2026-03-22,BNB,1658.2133724408488
2026-03-23,BNB,1691.8324235894556
2026-03-24,BNB,1689.6882163902137
2026-03-25,BNB,1714.4657218036753
2026-03-26,BNB,1664.6989374262103
2026-03-27,BNB,1625.2296419438694
2026-03-28,BNB,1617.6322658181607
2026-03-29,BNB,1604.422890603078
2026-03-30,BNB,1612.8938326247742
2026-03-31,BNB,1634.4417913924638
2026-04-01,BNB,1616.9175300850795
2026-04-02,BNB,1544.6762776563019
2026-04-03,BNB,1557.3562189950285
2026-04-04,BNB,1570.7244243730179
2026-04-05,BNB,1592.2723831407077
2026-04-06,BNB,1588.5928177000333
2026-04-07,BNB,1641.5097336418166
2026-04-08,BNB,1591.372345550902
2026-04-09,BNB,1596.322552294831
2026-04-10,BNB,1602.966947443099
2026-04-11,BNB,1606.9641732095868
2026-04-12,BNB,1567.6272361963352
2026-04-13,BNB,1627.2414906740223
2026-04-14,BNB,1624.7002080675134
2026-04-15,BNB,1648.1011854024491
2026-04-16,BNB,1682.9908778543104
2026-04-17,BNB,1702.4475728103937
2026-04-18,BNB,1667.4519935832614
2026-04-19,BNB,1630.8151693394252
2026-04-20,BNB,1665.757805178922
2026-04-21,BNB,1672.269841858101
2026-04-22,BNB,1687.4910658033364
2026-04-23,BNB,1690.323537041841
2026-04-24,BNB,1684.1556323822936
2026-04-25,BNB,1663.8253715302226
2026-04-26,BNB,1682.9644061604924
2026-04-27,BNB,1659.3251835811966
2026-04-28,BNB,1653.2896373907377
2026-04-29,BNB,1634.3359046171927
2026-04-30,BNB,1629.015094159815
2026-05-01,BNB,1628.9092073845438
2026-05-02,BNB,1636.0300930215321
2026-05-03,BNB,1634.018244291379
2026-05-04,BNB,1648.2070721777202
2026-05-05,BNB,1668.8285216617867
2026-05-06,BNB,1714.6774953542176
2026-05-07,BNB,1686.2998395815353
2026-05-08,BNB,1718.9659097527012
2026-05-09,BNB,1719.9983058115954
2026-05-10,BNB,1756.5292432801602
2026-05-11,BNB,1775.19178742171
2026-05-12,BNB,1760.2352804146526
2026-05-13,BNB,1778.050730354032
2026-05-14,BNB,1795.4955765799627
2026-05-15,BNB,1779.9037489212783
2026-05-16,BNB,1737.0725483240772
2026-05-17,BNB,1719.283570078515
2026-05-18,BNB,1703.5329122569233
2026-05-19,BNB,1694.2413477268753
2026-05-20,BNB,1719.3365134661506
2026-05-21,BNB,1743.3728114527134
2026-05-22,BNB,1721.8248526850239
2026-05-23,BNB,1737.2313784869839
2026-05-24,BNB,1738.0520009953357
2026-05-25,BNB,1755.4703755274484
2026-05-26,BNB,1737.6813972818861
2026-05-27,BNB,1717.589381674176
2026-05-28,BNB,1689.5293862273072
2026-05-29,BNB,1702.394629422758
2026-05-30,BNB,1902.6265214606021
2026-05-31,BNB,1880.946204223823
2026-06-01,BNB,1834.7530985117612
2026-06-02,BNB,1722.486645030469
2026-06-03,BNB,1642.9127334141601
2026-06-04,BNB,1600.293306367501
2026-06-05,BNB,1514.7632636421872
2026-06-06,BNB,1520.878224914099
2026-06-07,BNB,1600.055061123141
2026-06-08,BNB,1593.2253641181485
2026-06-09,BNB,1570.9361979235605
2026-06-10,BNB,1552.64425749546
2026-06-11,BNB,1603.5493247070906
2026-06-12,BNB,1598.4402878002552
2026-06-13,BNB,1613.8468136022152
2026-06-14,BNB,1632.7476029881248
2026-06-15,BNB,1635.6065459204474
2026-06-16,BNB,1601.378645814031
2026-06-17,BNB,1592.6165151603388
2026-06-18,BNB,1531.3345439721304
2026-06-19,BNB,1539.1172219545638
2026-06-20,BNB,1556.61501156813
2026-06-21,BNB,1546.5557679173658
2026-06-22,BNB,1562.2270106575038
2026-06-23,BNB,1530.2756762194185
2026-06-24,BNB,1494.7771348097478
2026-06-25,BNB,1484.0560988135385
2026-06-26,BNB,1502.6392278736346
2026-06-27,BNB,1475.0027795278509
2026-06-28,BNB,1458.7756312175393
2026-06-29,BNB,1481.1442124935804
2026-06-30,BNB,1446.7310105304396
2026-07-01,BNB,1457.1079145070178
2026-07-02,BNB,1479.6617976397838
2026-07-03,BNB,1518.9722629592175
2026-07-04,BNB,1523.1018471947943
2026-07-05,BNB,1561.4858032306054
2026-07-06,BNB,1551.2677294169343
2026-07-07,BNB,1526.9402427983757
2026-07-08,BNB,1505.33934064305
2026-07-09,BNB,1505.4981708059572
2026-07-10,BNB,1523.260677357701
2026-07-11,BNB,1521.1958852399127
2026-07-12,BNB,1519.2369798973955
2026-07-13,BNB,1502.2421524663675
2026-07-14,BNB,1540.308448176365
2026-07-15,BNB,1536.8141845924151
2026-07-16,BNB,1515.3721125999969
2026-07-17,BNB,1503.8304540954357
2026-07-18,BNB,1510.6072077127924
2026-07-19,BNB,1511.6925471593224
2026-07-20,BNB,1512.2484527294962
2026-07-21,BNB,1519.342866672667
2026-07-22,BNB,1511.745490546958
2026-07-23,BNB,1502.0303789158252
2026-07-24,BNB,1495.385983767557
2026-07-25,BNB,1506.0805480699487
2026-07-26,BNB,1522.9694887257056
2026-07-27,BNB,1499.0390775144137
2026-07-28,BNB,1512.3013961171316
2026-07-29,BNB,1514.154414684378
2026-07-30,BNB,1567.097802319979
2026-07-31,BNB,1553.9148987987144
2026-08-01,BNB,1522.4665265431672
2026-08-02,BNB,1557.7532944022955
2026-08-03,BNB,1560.1092751520798
2026-08-04,BNB,1570.2479338842973
2026-08-05,BNB,1572.02153737009
2026-08-06,BNB,1568.1566700726912
2026-08-07,BNB,1568.6331605614116
2026-08-08,BNB,1590.0487608600122
2026-08-09,BNB,1594.204816789407
2026-08-10,BNB,1586.263308644067
2026-08-11,BNB,1632.482886049947
2026-08-12,BNB,1615.9380774138212
2026-08-13,BNB,1616.6528131469017
2026-08-14,BNB,1609.373097347007
2026-08-15,BNB,1608.8436634706507
2026-08-16,BNB,1596.1901938257422
2026-08-17,BNB,1603.6552114823617
2026-08-18,BNB,1598.7314764322512
2026-08-19,BNB,1661.1252587608067
2026-08-20,BNB,1733.3665111895848
2026-08-21,BNB,1818.6053652829028
2026-08-22,BNB,1840.5239277640414
2026-08-23,BNB,1859.2923586808624
2026-08-24,BNB,1864.4278672815155
2026-08-25,BNB,1838.220890401893
2026-08-26,BNB,1872.9252809970299
2026-08-27,BNB,1884.3875244201374
2026-08-28,BNB,1830.4382124194597
2026-08-29,BNB,1833.3765704332357
2026-08-30,BNB,1812.6227624800797
2026-08-31,BNB,1830.3587973380065
2026-09-01,BNB,1808.0166877557826
2026-09-02,BNB,1823.476156945378
2026-09-03,BNB,1919.780179054537
2026-09-04,BNB,1909.5885769346837
2026-09-05,BNB,2029.134746215871
2026-09-06,BNB,1993.318544480387
2026-09-07,BNB,1958.8523991296106
2026-09-08,BNB,1990.7243184862423
2026-09-09,BNB,1912.950482049544
2026-09-10,BNB,1876.101884255166
2026-09-11,BNB,1923.8303482086603
2026-09-12,BNB,1926.0539704893556
2026-09-13,BNB,1896.4586168010544
2026-09-14,BNB,1907.0737660219922
2026-09-15,BNB,1884.943429990311
2026-09-16,BNB,1921.6331976217828
2026-09-17,BNB,1954.5639847311268
2026-09-18,BNB,2015.3165220429792
2026-09-19,BNB,2017.196012304043
2026-09-20,BNB,2045.0971775880048
2026-09-21,BNB,2116.1736754887997
2026-09-22,BNB,2086.9753972077656
2026-09-23,BNB,2031.3848401903845
2026-09-24,BNB,2056.0299871347565
2026-09-25,BNB,2057.19474166274
2026-09-26,BNB,2047.8237620512384
2026-09-27,BNB,2057.856534008185
2021-01-01,BTC,100.0
2021-01-02,BTC,109.70499824592449
2021-01-03,BTC,112.5064733740197
2021-01-04,BTC,109.05853021084022
2021-01-05,BTC,115.74351835847168
2021-01-06,BTC,125.3571137564866
2021-01-07,BTC,134.43575873057435
2021-01-08,BTC,138.35823984230024
2021-01-09,BTC,136.672043104233
2021-01-10,BTC,130.06417291332343
2021-01-11,BTC,120.70381897531306
2021-01-12,BTC,116.09027642116769
2021-01-13,BTC,127.40956964975423
2021-01-14,BTC,133.45463558356167
2021-01-15,BTC,125.26458584554794
2021-01-16,BTC,122.71703403383852
2021-01-17,BTC,122.14983180307715
2021-01-18,BTC,124.88632601803715
2021-01-19,BTC,122.36420744934915
2021-01-20,BTC,120.92119478966265
2021-01-21,BTC,105.17679001789533
2021-01-22,BTC,112.31937198299859
2021-01-23,BTC,109.36294499225923
2021-01-24,BTC,109.98309337102637
2021-01-25,BTC,109.96366046416011
2021-01-26,BTC,110.6917808009017
2021-01-27,BTC,103.52676576085456
2021-01-28,BTC,113.75021350627938
2021-01-29,BTC,116.77540571307006
2021-01-30,BTC,116.81181684383
2021-01-31,BTC,112.82329794157788
2021-02-01,BTC,114.30084662697581
2021-02-02,BTC,120.91441031866898
2021-02-03,BTC,128.25333282875962
2021-02-04,BTC,125.92748661942086
2021-02-05,BTC,130.54222242223344
2021-02-06,BTC,133.59932550766766
2021-02-07,BTC,132.26544396180378
2021-02-08,BTC,158.10500520085958
2021-02-09,BTC,158.2602979916943
2021-02-10,BTC,152.76167176183847
2021-02-11,BTC,163.54158250001962
2021-02-12,BTC,161.21675907525275
2021-02-13,BTC,160.76022213517192
2021-02-14,BTC,165.6153804980211
2021-02-15,BTC,163.34244634386903
2021-02-16,BTC,167.50978208210984
2021-02-17,BTC,177.69078426780047
2021-02-18,BTC,175.75734640588388
2021-02-19,BTC,190.59931425703735
2021-02-20,BTC,190.3783586966861
2021-02-21,BTC,195.72199897107873
2021-02-22,BTC,184.40011468824332
2021-02-23,BTC,166.68320168391253
2021-02-24,BTC,169.36016983678746
2021-02-25,BTC,160.48761595393927
2021-02-26,BTC,157.77089557403616
2021-02-27,BTC,157.18981756591592
2021-02-28,BTC,153.88018896967753
2021-03-01,BTC,169.05616416919722
2021-03-02,BTC,165.1478315773827
2021-03-03,BTC,171.65519613769274
2021-03-04,BTC,164.92090977369526
2021-03-05,BTC,166.20832280717545
2021-03-06,BTC,166.65320000313656
2021-03-07,BTC,173.7770650105739
2021-03-08,BTC,178.56171942359953
2021-03-09,BTC,187.11673278968925
2021-03-10,BTC,190.41381522851225
2021-03-11,BTC,196.96498906131902
2021-03-12,BTC,195.0849746468751
2021-03-13,BTC,208.60847090638148
2021-03-14,BTC,201.03959233170676
2021-03-15,BTC,189.57380225960384
2021-03-16,BTC,193.9906974333903
2021-03-17,BTC,200.85092267100873
2021-03-18,BTC,196.53882882302383
2021-03-19,BTC,197.84066311896794
2021-03-20,BTC,198.08705192234066
2021-03-21,BTC,195.52763580959706
2021-03-22,BTC,184.38504566221724
2021-03-23,BTC,185.26341305257213
2021-03-24,BTC,178.31788758165658
2021-03-25,BTC,174.87495606287945
2021-03-26,BTC,187.59774837385777
2021-03-27,BTC,190.2963654668381
2021-03-28,BTC,190.16166473871775
2021-03-29,BTC,196.49556503563213
2021-03-30,BTC,200.2836181617902
2021-03-31,BTC,200.26309428471393
2021-04-01,BTC,200.194533625577
2021-04-02,BTC,200.97720247282038
2021-04-03,BTC,194.50614676481308
2021-04-04,BTC,198.4270596068621
2021-04-05,BTC,201.59080503032726
2021-04-06,BTC,197.70817842408673
2021-04-07,BTC,190.7610846834942
2021-04-08,BTC,198.00263810233915
2021-04-09,BTC,198.22430961189076
2021-04-10,BTC,203.76981346795904
2021-04-11,BTC,204.56519893671316
2021-04-12,BTC,204.07961491479014
2021-04-13,BTC,216.74509719692253
2021-04-14,BTC,214.6467864620143
2021-04-15,BTC,215.33017702014442
2021-04-16,BTC,209.10762387029186
2021-04-17,BTC,204.5796201991771
2021-04-18,BTC,191.4312131350086
2021-04-19,BTC,189.6690575960676
2021-04-20,BTC,192.3687315664389
2021-04-21,BTC,183.37719374505866
2021-04-22,BTC,176.22905465044803
2021-04-23,BTC,174.30001476219067
2021-04-24,BTC,170.62719536446758
2021-04-25,BTC,167.28245116459365
2021-04-26,BTC,184.1059618453625
2021-04-27,BTC,187.55131395429314
2021-04-28,BTC,186.98622547831374
2021-04-29,BTC,182.58409249518184
2021-04-30,BTC,196.69603081172616
2021-05-01,BTC,197.0577556219911
2021-05-02,BTC,192.89106764731252
2021-05-03,BTC,194.9065669247152
2021-05-04,BTC,181.37383151124263
2021-05-05,BTC,195.81589059477992
2021-05-06,BTC,192.26195285713166
2021-05-07,BTC,195.40214014262392
2021-05-08,BTC,200.67732203633685
2021-05-09,BTC,198.55944202328607
2021-05-10,BTC,190.29295618493174
2021-05-11,BTC,193.20407381913554
2021-05-12,BTC,169.20716126482995
2021-05-13,BTC,169.3423392924172
2021-05-14,BTC,169.92355367181366
2021-05-15,BTC,159.4282156943565
2021-05-16,BTC,158.2980728352168
2021-05-17,BTC,148.4334520104365
2021-05-18,BTC,146.08697964556424
2021-05-19,BTC,125.08685997976932
2021-05-20,BTC,138.16674047761995
2021-05-21,BTC,127.0026036685919
2021-05-22,BTC,127.67668688711767
2021-05-23,BTC,118.149516785429
2021-05-24,BTC,132.2674895309476
2021-05-25,BTC,130.6597744623648
2021-05-26,BTC,133.78673373406033
2021-05-27,BTC,131.3595636664645
2021-05-28,BTC,121.58689117469876
2021-05-29,BTC,117.97871176192032
2021-05-30,BTC,121.51113693073941
2021-05-31,BTC,127.00874037602334
2021-06-01,BTC,125.0970878254884
2021-06-02,BTC,128.08222096987933
2021-06-03,BTC,133.80337102976338
2021-06-04,BTC,125.56044332938198
2021-06-05,BTC,121.07451019699171
2021-06-06,BTC,122.03971199750168
2021-06-07,BTC,114.39091985494187
2021-06-08,BTC,113.80459155268585
2021-06-09,BTC,127.46640237913329
2021-06-10,BTC,125.03786859877492
2021-06-11,BTC,127.27524394264363
2021-06-12,BTC,121.18670966453007
2021-06-13,BTC,133.03212327690633
2021-06-14,BTC,138.1314544098891
2021-06-15,BTC,136.8623492202461
2021-06-16,BTC,130.7425859198703
2021-06-17,BTC,129.86967338056553
2021-06-18,BTC,122.11993240075836
2021-06-19,BTC,120.9740045663922
2021-06-20,BTC,121.37098135156891
2021-06-21,BTC,107.7637531284423
2021-06-22,BTC,110.83425469176854
2021-06-23,BTC,114.81803469217083
2021-06-24,BTC,118.17624555557487
2021-06-25,BTC,107.68029390737459
2021-06-26,BTC,110.06406381630245
2021-06-27,BTC,118.30324130658683
2021-06-28,BTC,117.6028043389249
2021-06-29,BTC,122.43321131513392
2021-06-30,BTC,119.47828440843334
2021-07-01,BTC,114.2269333952459
2021-07-02,BTC,115.18787359337293
2021-07-03,BTC,118.1968376182893
2021-07-04,BTC,120.30166008163867
2021-07-05,BTC,114.8591847247806
2021-07-06,BTC,116.6656609285043
2021-07-07,BTC,115.44551302703665
2021-07-08,BTC,112.08256326178274
2021-07-09,BTC,115.28762918195304
2021-07-10,BTC,114.22072850217633
2021-07-11,BTC,116.79855473721426
2021-07-12,BTC,112.80164900147247
2021-07-13,BTC,111.58501266036838
2021-07-14,BTC,111.89270035241748
2021-07-15,BTC,108.68790717479968
2021-07-16,BTC,106.99646014259663
2021-07-17,BTC,107.46080433824305
2021-07-18,BTC,108.34206961821839
2021-07-19,BTC,105.14106074351666
2021-07-20,BTC,101.56370123917169
2021-07-21,BTC,109.58969633185131
2021-07-22,BTC,110.07831461467103
2021-07-23,BTC,114.66809447392905
2021-07-24,BTC,116.79565684759385
2021-07-25,BTC,120.62387131460888
2021-07-26,BTC,126.95347591632122
2021-07-27,BTC,134.52300225455812
2021-07-28,BTC,136.4379618085422
2021-07-29,BTC,136.42746122027066
2021-07-30,BTC,143.8934135741923
2021-07-31,BTC,141.35506682363
2021-08-01,BTC,135.8443376430066
2021-08-02,BTC,133.4659543994908
2021-08-03,BTC,130.25860426044324
2021-08-04,BTC,135.42751883713487
2021-08-05,BTC,139.3116455274142
2021-08-06,BTC,146.04296581615313
2021-08-07,BTC,151.96035414256733
2021-08-08,BTC,149.3073532414941
2021-08-09,BTC,157.69087972769384
2021-08-10,BTC,155.41208160866285
2021-08-11,BTC,155.15982884041117
2021-08-12,BTC,151.36870736053737
2021-08-13,BTC,162.9636751240723
2021-08-14,BTC,160.46981950238805
2021-08-15,BTC,160.14699459867467
2021-08-16,BTC,156.49043747564494
2021-08-17,BTC,152.38109362263134
2021-08-18,BTC,152.41293631563678
2021-08-19,BTC,159.42013569623845
2021-08-20,BTC,168.15420454805025
2021-08-21,BTC,166.44751802572577
2021-08-22,BTC,167.8703818293457
2021-08-23,BTC,168.72144087163065
2021-08-24,BTC,162.53413969668983
2021-08-25,BTC,166.9638537704442
2021-08-26,BTC,159.70395841494303
2021-08-27,BTC,167.29312221696057
2021-08-28,BTC,166.69803206020518
2021-08-29,BTC,166.263280431506
2021-08-30,BTC,160.17798497120353
2021-08-31,BTC,160.58021205051602
2021-09-01,BTC,166.40882267608856
2021-09-02,BTC,167.89567870109087
2021-09-03,BTC,170.4611633356278
2021-09-04,BTC,170.1764882964466
2021-09-05,BTC,176.45379451371537
2021-09-06,BTC,179.54608138842326
2021-09-07,BTC,159.77166675360337
2021-09-08,BTC,156.99167010151817
2021-09-09,BTC,158.1741113451015
2021-09-10,BTC,152.90939594684113
2021-09-11,BTC,154.00984396057643
2021-09-12,BTC,156.91301796793843
2021-09-13,BTC,153.2156176476705
2021-09-14,BTC,160.61645271718064
2021-09-15,BTC,164.05945242159592
2021-09-16,BTC,162.75168597513473
2021-09-17,BTC,161.2589659852535
2021-09-18,BTC,164.64356469061278
2021-09-19,BTC,161.0604434998461
2021-09-20,BTC,146.6523749569152
2021-09-21,BTC,138.87498470084745
2021-09-22,BTC,148.45244171065494
2021-09-23,BTC,152.9583191421974
2021-09-24,BTC,145.9533017020158
2021-09-25,BTC,145.47624088485867
2021-09-26,BTC,147.1476754322714
2021-09-27,BTC,143.69219775607885
2021-09-28,BTC,139.87104050261
2021-09-29,BTC,141.56797647868225
2021-09-30,BTC,149.40871119257022
2021-10-01,BTC,164.1283199161044
2021-10-02,BTC,162.40080268133204
2021-10-03,BTC,164.3274219794359
2021-10-04,BTC,167.82169728372284
2021-10-05,BTC,175.48252419141207
2021-10-06,BTC,188.58442865037782
2021-10-07,BTC,183.36897737566434
2021-10-08,BTC,183.93563412132067
2021-10-09,BTC,187.33908615562214
2021-10-10,BTC,186.34793971980477
2021-10-11,BTC,195.93603368916007
2021-10-12,BTC,190.9093202607828
2021-10-13,BTC,195.58027512223128
2021-10-14,BTC,195.51529420909606
2021-10-15,BTC,210.25866562751756
2021-10-16,BTC,207.54197934043353
2021-10-17,BTC,209.76742219762997
2021-10-18,BTC,211.409025528362
2021-10-19,BTC,219.150652417232
2021-10-20,BTC,225.01741290733673
2021-10-21,BTC,212.0339809946171
2021-10-22,BTC,206.9032503752767
2021-10-23,BTC,208.94380787469115
2021-10-24,BTC,207.46237260791997
2021-10-25,BTC,215.05334332934785
2021-10-26,BTC,205.67792036531137
2021-10-27,BTC,199.14788408032408
2021-10-28,BTC,206.52028573873514
2021-10-29,BTC,212.24044710686633
2021-10-30,BTC,210.89541720916864
2021-10-31,BTC,208.98829900356918
2021-11-01,BTC,207.6631452193856
2021-11-02,BTC,215.53476802734517
2021-11-03,BTC,214.43183123781822
2021-11-04,BTC,209.31289673387386
2021-11-05,BTC,207.75182064177008
2021-11-06,BTC,209.57063844599477
2021-11-07,BTC,215.71750553752614
2021-11-08,BTC,230.21459043103212
2021-11-09,BTC,228.2434459112312
2021-11-10,BTC,221.2024946397565
2021-11-11,BTC,220.83371261594542
2021-11-12,BTC,218.61075853454065
2021-11-13,BTC,219.48956913154342
2021-11-14,BTC,223.37308215107961
2021-11-15,BTC,216.85330780463042
2021-11-16,BTC,204.7576188075082
2021-11-17,BTC,205.73267343272755
2021-11-18,BTC,193.95957068958523
2021-11-19,BTC,197.9164514557463
2021-11-20,BTC,203.55973351688908
2021-11-21,BTC,199.8589921003529
2021-11-22,BTC,191.76249305784972
2021-11-23,BTC,196.1744106800529
2021-11-24,BTC,194.80053825742738
2021-11-25,BTC,201.01248854055117
2021-11-26,BTC,183.16888662058
2021-11-27,BTC,186.55941747645636
2021-11-28,BTC,195.26621207301727
2021-11-29,BTC,196.97552374240968
2021-11-30,BTC,194.16051376514616
2021-12-01,BTC,194.9566151831006
2021-12-02,BTC,192.55740122713692
2021-12-03,BTC,182.74108992696978
2021-12-04,BTC,167.5746266239688
2021-12-05,BTC,168.4060141096541
2021-12-06,BTC,171.97072517812646
2021-12-07,BTC,172.47199189681876
2021-12-08,BTC,172.07051485952567
2021-12-09,BTC,162.0963197142749
2021-12-10,BTC,160.71539007810324
2021-12-11,BTC,168.38439926236777
2021-12-12,BTC,170.64785561282014
2021-12-13,BTC,159.22284055231734
2021-12-14,BTC,164.8158697981603
2021-12-15,BTC,166.594492168709
2021-12-16,BTC,162.392211290928
2021-12-17,BTC,157.27426547873648
2021-12-18,BTC,159.6719452578423
2021-12-19,BTC,159.14947280569243
2021-12-20,BTC,159.94359684014117
2021-12-21,BTC,166.6793832881774
2021-12-22,BTC,165.65073475139008
2021-12-23,BTC,173.3238350739422
2021-12-24,BTC,173.25970648128356
2021-12-25,BTC,171.82664892476365
2021-12-26,BTC,173.10795934363142
2021-12-27,BTC,172.8555020184654
2021-12-28,BTC,162.09001254274813
2021-12-29,BTC,158.41112462323176
2021-12-30,BTC,160.64832950300513
2021-12-31,BTC,157.56654321656885
2022-01-01,BTC,162.69996716861525
2022-01-02,BTC,161.2119178949457
2022-01-03,BTC,158.34784835104966
2022-01-04,BTC,156.25424242517227
2022-01-05,BTC,148.13715131995463
2022-01-06,BTC,146.87973996725043
2022-01-07,BTC,141.71184817513074
2022-01-08,BTC,142.0979834438452
2022-01-09,BTC,142.7282914826933
2022-01-10,BTC,142.5846584359783
2022-01-11,BTC,145.6761952686668
2022-01-12,BTC,149.676544379134
2022-01-13,BTC,145.09941295574856
2022-01-14,BTC,146.80354251664326
2022-01-15,BTC,146.88649034542505
2022-01-16,BTC,146.84343111494772
2022-01-17,BTC,143.87721948513706
2022-01-18,BTC,144.39031641204448
2022-01-19,BTC,142.03071831183271
2022-01-20,BTC,138.69269039731432
2022-01-21,BTC,124.2523359547302
2022-01-22,BTC,119.5683576363994
2022-01-23,BTC,123.5678885192091
2022-01-24,BTC,124.98546793587413
2022-01-25,BTC,126.00133166551264
2022-01-26,BTC,125.4934168471029
2022-01-27,BTC,126.68925656857822
2022-01-28,BTC,128.58638557819205
2022-01-29,BTC,130.12151703498841
2022-01-30,BTC,129.14959894912298
2022-01-31,BTC,131.14450616381123
2022-02-01,BTC,131.92076556107065
2022-02-02,BTC,125.79009255859448
2022-02-03,BTC,127.20579687021103
2022-02-04,BTC,141.73833829554317
2022-02-05,BTC,141.08491532536993
2022-02-06,BTC,144.48833326685235
2022-02-07,BTC,149.4628846820623
2022-02-08,BTC,150.15496890905368
2022-02-09,BTC,151.27911143203818
2022-02-10,BTC,148.2882166012255
2022-02-11,BTC,144.46399099404093
2022-02-12,BTC,143.93262031611545
2022-02-13,BTC,143.37278213427186
2022-02-14,BTC,145.0170106120718
2022-02-15,BTC,151.86598521939922
2022-02-16,BTC,149.57733427565884
2022-02-17,BTC,138.12944293356435
2022-02-18,BTC,136.28413500892722
2022-02-19,BTC,136.64118910298043
2022-02-20,BTC,130.87172951848325
2022-02-21,BTC,126.17125027572568
2022-02-22,BTC,130.33797234322333
2022-02-23,BTC,126.99578510477917
2022-02-24,BTC,130.6682635743116
2022-02-25,BTC,133.70920666350966
2022-02-26,BTC,133.35992573220295
2022-02-27,BTC,128.5267572376498
2022-02-28,BTC,147.14460707855565
2022-03-01,BTC,151.44439341885857
2022-03-02,BTC,149.6435425302804
2022-03-03,BTC,144.73765405266454
2022-03-04,BTC,133.46881819629215
2022-03-05,BTC,134.31875217554804
2022-03-06,BTC,130.98737236074703
2022-03-07,BTC,129.5118010588548
2022-03-08,BTC,132.0436360809759
2022-03-09,BTC,142.9911130248547
2022-03-10,BTC,134.40071131257696
2022-03-11,BTC,132.04002224215517
2022-03-12,BTC,132.305230281651
2022-03-13,BTC,128.79360173246067
2022-03-14,BTC,135.2508839415663
2022-03-15,BTC,133.91771834490274
2022-03-16,BTC,140.16921629814036
2022-03-17,BTC,139.50065611630288
2022-03-18,BTC,142.36312329770294
2022-03-19,BTC,143.87554893700295
2022-03-20,BTC,140.67416504129153
2022-03-21,BTC,139.78822904510446
2022-03-22,BTC,144.43126188773985
2022-03-23,BTC,146.19941776283605
2022-03-24,BTC,149.97928861241886
2022-03-25,BTC,151.07605460169532
2022-03-26,BTC,151.75146744016453
2022-03-27,BTC,159.64903488343157
2022-03-28,BTC,160.65289794075963
2022-03-29,BTC,161.71860537186916
2022-03-30,BTC,160.46804667579673
2022-03-31,BTC,155.15757871435295
2022-04-01,BTC,157.79346502025624
2022-04-02,BTC,156.18261341231957
2022-04-03,BTC,158.21573867717817
2022-04-04,BTC,158.80608993208372
2022-04-05,BTC,155.11397399877063
2022-04-06,BTC,147.18030226011527
2022-04-07,BTC,148.1134909035245
2022-04-08,BTC,144.04901320039863
2022-04-09,BTC,145.76033634611576
2022-04-10,BTC,143.73140449800198
2022-04-11,BTC,134.7704479353218
2022-04-12,BTC,136.62676784051652
2022-04-13,BTC,140.2844159337563
2022-04-14,BTC,136.17483343100926
2022-04-15,BTC,138.25285893857463
2022-04-16,BTC,137.6624054052119
2022-04-17,BTC,135.27389659443423
2022-04-18,BTC,139.10255426809707
2022-04-19,BTC,141.46194781139445
2022-04-20,BTC,141.00172884685475
2022-04-21,BTC,138.00776566232634
2022-04-22,BTC,135.3797888904458
2022-04-23,BTC,134.46753323794164
2022-04-24,BTC,134.49661441260287
2022-04-25,BTC,137.82390308911624
2022-04-26,BTC,129.93676804848272
2022-04-27,BTC,133.76563027905996
2022-04-28,BTC,135.49192017234603
2022-04-29,BTC,131.58501947893217
2022-04-30,BTC,128.2940055619025
2022-05-01,BTC,131.14944962257545
2022-05-02,BTC,131.34313092767584
2022-05-03,BTC,128.62862658101187
2022-05-04,BTC,135.3143988634818
2022-05-05,BTC,124.61937924476906
2022-05-06,BTC,122.78109444085901
2022-05-07,BTC,120.9353774023931
2022-05-08,BTC,116.04650124149
2022-05-09,BTC,102.53861949311481
2022-05-10,BTC,105.74603781780047
2022-05-11,BTC,99.2235360458262
2022-05-12,BTC,98.97060142119327
2022-05-13,BTC,99.84780965570003
2022-05-14,BTC,102.57417830339814
2022-05-15,BTC,106.80901782338488
2022-05-16,BTC,101.84892176345788
2022-05-17,BTC,103.79534898943771
2022-05-18,BTC,97.89862091137607
2022-05-19,BTC,103.36680225380807
2022-05-20,BTC,99.5544750404767
2022-05-21,BTC,100.38651028972419
2022-05-22,BTC,103.2805815143962
2022-05-23,BTC,99.24129840455835
2022-05-24,BTC,101.10082303474503
2022-05-25,BTC,100.71751747001281
2022-05-26,BTC,99.55563419632486
2022-05-27,BTC,97.60705912274403
2022-05-28,BTC,98.97598808660531
2022-05-29,BTC,100.46506014484675
2022-05-30,BTC,108.19090205849034
2022-05-31,BTC,108.41871027547339
2022-06-01,BTC,101.61647692308217
2022-06-02,BTC,103.82156636729762
2022-06-03,BTC,101.25638856813228
2022-06-04,BTC,101.81493122285148
2022-06-05,BTC,102.00302130562542
2022-06-06,BTC,106.95974217646511
2022-06-07,BTC,106.11502439852597
2022-06-08,BTC,102.97657584680597
2022-06-09,BTC,102.65323955080665
2022-06-10,BTC,99.1824201060355
2022-06-11,BTC,96.90781540374932
2022-06-12,BTC,90.60006429905675
2022-06-13,BTC,76.66592003392918
2022-06-14,BTC,75.46926208479634
2022-06-15,BTC,76.99426797433084
2022-06-16,BTC,69.55381704906878
2022-06-17,BTC,69.78394357774818
2022-06-18,BTC,64.67677109638075
2022-06-19,BTC,70.14256594147832
2022-06-20,BTC,70.14219092046862
2022-06-21,BTC,70.65232177211746
2022-06-22,BTC,68.14469265153151
2022-06-23,BTC,71.97038424993582
2022-06-24,BTC,72.40527224991126
2022-06-25,BTC,73.26952521317386
2022-06-26,BTC,71.72471139576342
2022-06-27,BTC,70.71723449961459
2022-06-28,BTC,69.14463503466729
2022-06-29,BTC,68.60501389452841
2022-06-30,BTC,67.98861572585828
2022-07-01,BTC,65.73027329826546
2022-07-02,BTC,65.63825677961277
2022-07-03,BTC,65.85310972535167
2022-07-04,BTC,68.99264924728169
2022-07-05,BTC,68.78509216482243
2022-07-06,BTC,70.11021185618695
2022-07-07,BTC,73.72565303942596
2022-07-08,BTC,73.62259044739666
2022-07-09,BTC,73.6126353442301
2022-07-10,BTC,71.12604149300637
2022-07-11,BTC,68.06157435865443
2022-07-12,BTC,65.89715764758185
2022-07-13,BTC,68.986376168574
2022-07-14,BTC,70.19315968496872
2022-07-15,BTC,71.01547848078307
2022-07-16,BTC,72.26177557447252
2022-07-17,BTC,70.90679057360828
2022-07-18,BTC,76.47898910700339
2022-07-19,BTC,79.76567323601196
2022-07-20,BTC,79.17477649600141
2022-07-21,BTC,78.93234245964007
2022-07-22,BTC,77.33898046788305
2022-07-23,BTC,76.542026729452
2022-07-24,BTC,76.98049447542914
2022-07-25,BTC,72.654865778276
2022-07-26,BTC,72.4631618566813
2022-07-27,BTC,78.25137249166346
2022-07-28,BTC,81.2872698436401
2022-07-29,BTC,81.05141572135804
2022-07-30,BTC,80.60739084587352
2022-07-31,BTC,79.41349441508486
2022-08-01,BTC,79.32720549003484
2022-08-02,BTC,78.37185651423427
2022-08-03,BTC,77.79425597365852
2022-08-04,BTC,77.12811638197459
2022-08-05,BTC,79.47861169949635
2022-08-06,BTC,78.25737282781866
2022-08-07,BTC,79.00802851796129
2022-08-08,BTC,81.17500219046363
2022-08-09,BTC,78.92470566816982
2022-08-10,BTC,81.66610924907498
2022-08-11,BTC,81.59908276679592
2022-08-12,BTC,83.19902467263223
2022-08-13,BTC,83.32755460050207
2022-08-14,BTC,82.86341496177002
2022-08-15,BTC,82.14603386303347
2022-08-16,BTC,81.32753346295424
2022-08-17,BTC,79.58170838434472
2022-08-18,BTC,79.06533854680723
2022-08-19,BTC,71.03030885707574
2022-08-20,BTC,72.07245815021228
2022-08-21,BTC,73.35277987732722
2022-08-22,BTC,72.9580532182087
2022-08-23,BTC,73.39883927588215
2022-08-24,BTC,72.84980851768174
2022-08-25,BTC,73.50084499052049
2022-08-26,BTC,69.0074455307553
2022-08-27,BTC,68.31382712690609
2022-08-28,BTC,66.67058734085899
2022-08-29,BTC,69.15977224633153
2022-08-30,BTC,67.5435339729828
2022-08-31,BTC,68.3561704081831
2022-09-01,BTC,68.63382232663716
2022-09-02,BTC,68.02151529625468
2022-09-03,BTC,67.61253783876757
2022-09-04,BTC,68.18666091179881
2022-09-05,BTC,67.49300841513053
2022-09-06,BTC,64.06248668249256
2022-09-07,BTC,65.77473033432442
2022-09-08,BTC,65.86654229606272
2022-09-09,BTC,72.82263654088803
2022-09-10,BTC,73.80529386475855
2022-09-11,BTC,74.41395296350125
2022-09-12,BTC,76.35339116157304
2022-09-13,BTC,68.77738718771404
2022-09-14,BTC,68.95855642821807
2022-09-15,BTC,67.16926300530245
2022-09-16,BTC,67.51503237624561
2022-09-17,BTC,68.57300073742768
2022-09-18,BTC,66.19523116465503
2022-09-19,BTC,66.60720879021973
2022-09-20,BTC,64.3501959825704
2022-09-21,BTC,62.939980614823085
2022-09-22,BTC,66.14562611291747
2022-09-23,BTC,65.76474113833878
2022-09-24,BTC,64.50531830930983
2022-09-25,BTC,64.11966034006224
2022-09-26,BTC,65.5530588247728
2022-09-27,BTC,65.04613269811593
2022-09-28,BTC,66.18377597744964
2022-09-29,BTC,66.79298056129736
2022-09-30,BTC,66.21715284731293
2022-10-01,BTC,65.83647242964862
2022-10-02,BTC,64.97000343314689
2022-10-03,BTC,66.92106728251936
2022-10-04,BTC,69.3373617408339
2022-10-05,BTC,68.72519108172764
2022-10-06,BTC,68.05155106984971
2022-10-07,BTC,66.58358246660865
2022-10-08,BTC,66.20129968644835
2022-10-09,BTC,66.27309916339632
2022-10-10,BTC,65.22593822585743
2022-10-11,BTC,64.98091313524725
2022-10-12,BTC,65.30660183576194
2022-10-13,BTC,66.0552801423989
2022-10-14,BTC,65.37956046855807
2022-10-15,BTC,65.01292629234797
2022-10-16,BTC,65.67292917660046
2022-10-17,BTC,66.65098396989741
2022-10-18,BTC,65.89269148828451
2022-10-19,BTC,65.19900489879717
2022-10-20,BTC,64.91927331838022
2022-10-21,BTC,65.33673988781416
2022-10-22,BTC,65.4730429784305
2022-10-23,BTC,66.72101062025408
2022-10-24,BTC,65.90046465103102
2022-10-25,BTC,68.45861932946924
2022-10-26,BTC,70.81620595335626
2022-10-27,BTC,69.1917513106132
2022-10-28,BTC,70.2033875306878
2022-10-29,BTC,70.94603140835048
2022-10-30,BTC,70.32489433783053
2022-10-31,BTC,69.85870912995468
2022-11-01,BTC,69.83443504278138
2022-11-02,BTC,68.70330349188882
2022-11-03,BTC,68.89415509300692
2022-11-04,BTC,72.10126658232103
2022-11-05,BTC,72.61555675789563
2022-11-06,BTC,71.27301563598961
2022-11-07,BTC,70.20096694053429
2022-11-08,BTC,63.23273565212233
2022-11-09,BTC,54.28534803142949
2022-11-10,BTC,60.00728222615199
2022-11-11,BTC,58.19749901897914
2022-11-12,BTC,57.31712015229945
2022-11-13,BTC,55.67306213859481
2022-11-14,BTC,56.660424271496126
2022-11-15,BTC,57.618807508193356
2022-11-16,BTC,56.80804617804156
2022-11-17,BTC,56.90964277885114
2022-11-18,BTC,56.93654201309233
2022-11-19,BTC,56.93732614793079
2022-11-20,BTC,55.50389357040116
2022-11-21,BTC,53.80286645604123
2022-11-22,BTC,55.32221293761117
2022-11-23,BTC,56.60468251232712
2022-11-24,BTC,56.59049989959666
2022-11-25,BTC,56.32863295636903
2022-11-26,BTC,56.111904905581646
2022-11-27,BTC,56.01034239759114
2022-11-28,BTC,55.27438071246492
2022-11-29,BTC,56.0572200238036
2022-11-30,BTC,58.515687299299834
2022-12-01,BTC,57.88064035860191
2022-12-02,BTC,58.27396921213882
2022-12-03,BTC,57.56640684529258
2022-12-04,BTC,58.31815350564526
2022-12-05,BTC,57.84307007199381
2022-12-06,BTC,58.26108212653277
2022-12-07,BTC,57.400852115919676
2022-12-08,BTC,58.721812483358434
2022-12-09,BTC,58.39608969002469
2022-12-10,BTC,58.392441758384884
2022-12-11,BTC,58.247751834278894
2022-12-12,BTC,58.67316203055467
2022-12-13,BTC,60.598963101001004
2022-12-14,BTC,60.69595717123699
2022-12-15,BTC,59.17265592265567
2022-12-16,BTC,56.70358578043066
2022-12-17,BTC,57.19588608770923
2022-12-18,BTC,57.065276497876525
2022-12-19,BTC,56.0447761448454
2022-12-20,BTC,57.6017270058425
2022-12-21,BTC,57.36004301150053
2022-12-22,BTC,57.34899693812392
2022-12-23,BTC,57.20263646588383
2022-12-24,BTC,57.39907928932837
2022-12-25,BTC,57.38540806888386
2022-12-26,BTC,57.68297019367108
2022-12-27,BTC,56.95669086915892
2022-12-28,BTC,56.414444581952154
2022-12-29,BTC,56.70818831100425
2022-12-30,BTC,56.61958107425791
2022-12-31,BTC,56.39770500779192
2023-01-01,BTC,56.65118511752988
2023-01-02,BTC,56.842514018114876
2023-01-03,BTC,56.85038945931857
2023-01-04,BTC,57.447627463674955
2023-01-05,BTC,57.3845216555882
2023-01-06,BTC,57.789544346063934
2023-01-07,BTC,57.76540663016689
2023-01-08,BTC,58.39360091423305
2023-01-09,BTC,58.56553100077083
2023-01-10,BTC,59.46012657300006
2023-01-11,BTC,61.173631659137264
2023-01-12,BTC,64.25344056206785
2023-01-13,BTC,67.94702248660067
2023-01-14,BTC,71.44122960524946
2023-01-15,BTC,71.15682730862082
2023-01-16,BTC,72.22785321950424
2023-01-17,BTC,72.05452532738482
2023-01-18,BTC,70.49532434032952
2023-01-19,BTC,71.83899052526466
2023-01-20,BTC,77.27890892069294
2023-01-21,BTC,77.67554477767902
2023-01-22,BTC,77.41756441582467
2023-01-23,BTC,78.12863834303445
2023-01-24,BTC,77.16190236566662
2023-01-25,BTC,78.6212454856846
2023-01-26,BTC,78.44638341670733
2023-01-27,BTC,78.66631619248669
2023-01-28,BTC,78.4905336173947
2023-01-29,BTC,80.94419380540296
2023-01-30,BTC,77.82078018689003
2023-01-31,BTC,78.84008729125394
2023-02-01,BTC,80.91132832782564
2023-02-02,BTC,80.08041814160724
2023-02-03,BTC,79.8859527016684
2023-02-04,BTC,79.52777354458608
2023-02-05,BTC,78.18475512321315
2023-02-06,BTC,77.60384757918824
2023-02-07,BTC,79.23327977351458
2023-02-08,BTC,78.28734041577556
2023-02-09,BTC,74.3099016797191
2023-02-10,BTC,73.72636898862629
2023-02-11,BTC,74.53559614192022
2023-02-12,BTC,74.26622877849863
2023-02-13,BTC,74.23360195065473
2023-02-14,BTC,75.68551283611684
2023-02-15,BTC,82.92754355442867
2023-02-16,BTC,80.17853727487234
2023-02-17,BTC,83.76595416084106
2023-02-18,BTC,83.97726145339733
2023-02-19,BTC,82.74927220354503
2023-02-20,BTC,84.69406297420981
2023-02-21,BTC,83.36430665945262
2023-02-22,BTC,82.44397100883039
2023-02-23,BTC,81.61889069467188
2023-02-24,BTC,79.04518969074064
2023-02-25,BTC,78.94897975534312
2023-02-26,BTC,80.30512391205554
2023-02-27,BTC,80.0911573796123
2023-02-28,BTC,78.89613588579452
2023-03-01,BTC,80.55781988695504
2023-03-02,BTC,79.999890902979
2023-03-03,BTC,76.21224689064967
2023-03-04,BTC,76.18575677023725
2023-03-05,BTC,76.4710113873425
2023-03-06,BTC,76.40200752155775
2023-03-07,BTC,75.67910338613288
2023-03-08,BTC,73.99996386161179
2023-03-09,BTC,69.42054821934912
2023-03-10,BTC,68.69938281769649
2023-03-11,BTC,69.73935017041296
2023-03-12,BTC,74.99434911524021
2023-03-13,BTC,82.20965106340617
2023-03-14,BTC,84.10838243551599
2023-03-15,BTC,82.79666122204347
2023-03-16,BTC,85.22788833510786
2023-03-17,BTC,93.39772103141688
2023-03-18,BTC,91.73521880259884
2023-03-19,BTC,95.36739955999808
2023-03-20,BTC,94.49510069143646
2023-03-21,BTC,95.81947034078159
2023-03-22,BTC,92.90623895179583
2023-03-23,BTC,96.46702934607588
2023-03-24,BTC,93.60002781974036
2023-03-25,BTC,93.6289385303063
2023-03-26,BTC,95.35096682120941
2023-03-27,BTC,92.47646487467992
2023-03-28,BTC,92.94067269905007
2023-03-29,BTC,96.64836905067521
2023-03-30,BTC,95.55716019090616
2023-03-31,BTC,97.04643680606199
2023-04-01,BTC,97.00337757558464
2023-04-02,BTC,96.04584665936399
2023-04-03,BTC,94.7780369968454
2023-04-04,BTC,96.02402725516328
2023-04-05,BTC,96.03950539501815
2023-04-06,BTC,95.57519529219081
2023-04-07,BTC,95.1405459419488
2023-04-08,BTC,95.24981342704768
2023-04-09,BTC,96.5636824881212
2023-04-10,BTC,101.04204701467935
2023-04-11,BTC,102.96174547051329
2023-04-12,BTC,101.89685626706134
2023-04-13,BTC,103.55298313871448
2023-04-14,BTC,103.87035319137765
2023-04-15,BTC,103.28450218858853
2023-04-16,BTC,103.31709492361334
2023-04-17,BTC,100.3360870103291
2023-04-18,BTC,103.57401840807671
2023-04-19,BTC,98.17743198567828
2023-04-20,BTC,96.29056491460261
2023-04-21,BTC,92.94670712802433
2023-04-22,BTC,94.83548339696758
2023-04-23,BTC,94.06413336565332
2023-04-24,BTC,93.79251587617352
2023-04-25,BTC,96.4853712827321
2023-04-26,BTC,96.87573406101046
2023-04-27,BTC,100.48098149134947
2023-04-28,BTC,99.93184845469185
2023-04-29,BTC,99.65484429979998
2023-04-30,BTC,99.66425391786153
2023-05-01,BTC,95.69261096104589
2023-05-02,BTC,97.74363495591287
2023-05-03,BTC,98.95836209914943
2023-05-04,BTC,98.31741710075349
2023-05-05,BTC,100.59294230915437
2023-05-06,BTC,98.35164629109336
2023-05-07,BTC,96.92622552604368
2023-05-08,BTC,94.33070511791173
2023-05-09,BTC,94.19256101506596
2023-05-10,BTC,94.09191901319018
2023-05-11,BTC,91.9436282055347
2023-05-12,BTC,91.3517427737713
2023-05-13,BTC,91.2844776417588
2023-05-14,BTC,91.76975482831027
2023-05-15,BTC,92.60339244005374
2023-05-16,BTC,92.1659815714676
2023-05-17,BTC,93.43345030579555
2023-05-18,BTC,91.44130460945141
2023-05-19,BTC,91.6423840562886
2023-05-20,BTC,92.39982421742491
2023-05-21,BTC,91.19072238933386
2023-05-22,BTC,91.53673041001048
2023-05-23,BTC,92.79932387121234
2023-05-24,BTC,89.76301740540691
2023-05-25,BTC,90.25661323980992
2023-05-26,BTC,91.04800984873357
2023-05-27,BTC,91.55377681954229
2023-05-28,BTC,95.68149670203115
2023-05-29,BTC,94.56120666760081
2023-05-30,BTC,94.41801682753365
2023-05-31,BTC,92.76775392075942
2023-06-01,BTC,91.42988351506511
2023-06-02,BTC,92.87766916942051
2023-06-03,BTC,92.28660196531465
2023-06-04,BTC,92.4433948401882
2023-06-05,BTC,87.71468674324596
2023-06-06,BTC,92.83501905277194
2023-06-07,BTC,89.79823528749964
2023-06-08,BTC,90.3412316167258
2023-06-09,BTC,90.2703185530735
2023-06-10,BTC,88.09996969148385
2023-06-11,BTC,88.38750852746638
2023-06-12,BTC,88.31809554785285
2023-06-13,BTC,88.41716928005171
2023-06-14,BTC,85.6704813121917
2023-06-15,BTC,87.27246878717183
2023-06-16,BTC,89.81753182308964
2023-06-17,BTC,90.40389421816472
2023-06-18,BTC,89.80038313510065
2023-06-19,BTC,91.51995674303117
2023-06-20,BTC,96.50991811245791
2023-06-21,BTC,102.2576264783925
2023-06-22,BTC,101.88611702905628
2023-06-23,BTC,104.62574778337014
2023-06-24,BTC,104.07661474671252
2023-06-25,BTC,103.85579555763749
2023-06-26,BTC,103.19211064892613
2023-06-27,BTC,104.63918035408119
2023-06-28,BTC,102.54236970321178
2023-06-29,BTC,103.80346308037485
2023-06-30,BTC,103.88763825064291
2023-07-01,BTC,104.27595545977748
2023-07-02,BTC,104.38208640552249
2023-07-03,BTC,106.22026893097534
2023-07-04,BTC,104.89170586488538
2023-07-05,BTC,103.99949678999063
2023-07-06,BTC,101.92194858189214
2023-07-07,BTC,103.45363666396312
2023-07-08,BTC,103.248841099848
2023-07-09,BTC,102.82636288601168
2023-07-10,BTC,103.68161534504151
2023-07-11,BTC,104.39937146478775
2023-07-12,BTC,103.57398431525766
2023-07-13,BTC,107.23633721752822
2023-07-14,BTC,103.34218723844415
2023-07-15,BTC,103.2655124883701
2023-07-16,BTC,103.06937650029712
2023-07-17,BTC,102.74893809391823
2023-07-18,BTC,101.79819164869124
2023-07-19,BTC,101.96892848656181
2023-07-20,BTC,101.59660080956809
2023-07-21,BTC,101.94339296508316
2023-07-22,BTC,101.57614511812992
2023-07-23,BTC,102.5639845504981
2023-07-24,BTC,99.47091354095178
2023-07-25,BTC,99.64959400566418
2023-07-26,BTC,100.06910614424194
2023-07-27,BTC,99.6286951075782
2023-07-28,BTC,99.94016710254337
2023-07-29,BTC,100.07231086923395
2023-07-30,BTC,99.82749033553812
2023-07-31,BTC,99.66098100723143
2023-08-01,BTC,101.27609421755106
2023-08-02,BTC,99.50333581188127
2023-08-03,BTC,99.52934863282682
2023-08-04,BTC,99.25779932898514
2023-08-05,BTC,99.11508678838486
2023-08-06,BTC,99.17062399063947
2023-08-07,BTC,99.58873832363564
2023-08-08,BTC,101.4957542507779
2023-08-09,BTC,100.85334326116227
2023-08-10,BTC,100.42295551330321
2023-08-11,BTC,100.32163165504613
2023-08-12,BTC,100.33574608213847
2023-08-13,BTC,99.90505149890784
2023-08-14,BTC,100.33833713638731
2023-08-15,BTC,99.55103166575128
2023-08-16,BTC,97.95040790353369
2023-08-17,BTC,90.76670999863971
2023-08-18,BTC,88.8254307883385
2023-08-19,BTC,88.98229184885017
2023-08-20,BTC,89.28905903478457
2023-08-21,BTC,89.07403562495035
2023-08-22,BTC,88.83224935215121
2023-08-23,BTC,90.11659403191567
2023-08-24,BTC,89.25517077263532
2023-08-25,BTC,88.84592057259572
2023-08-26,BTC,88.70054879210846
2023-08-27,BTC,88.98829218500536
2023-08-28,BTC,89.05044339415834
2023-08-29,BTC,94.4928164725592
2023-08-30,BTC,93.07336195084567
2023-08-31,BTC,88.43943189090025
2023-09-01,BTC,87.97669005774983
2023-09-02,BTC,88.19645236943387
2023-09-03,BTC,88.54317633931082
2023-09-04,BTC,88.04818269932623
2023-09-05,BTC,87.93253985706244
2023-09-06,BTC,87.82293144377293
2023-09-07,BTC,89.51069645151712
2023-09-08,BTC,88.33619883477564
2023-09-09,BTC,88.30589031862809
2023-09-10,BTC,88.1013334042464
2023-09-11,BTC,85.78612415445548
2023-09-12,BTC,88.09618538856779
2023-09-13,BTC,89.3981901486072
2023-09-14,BTC,90.42346349630725
2023-09-15,BTC,90.68689870921179
2023-09-16,BTC,90.54940236992822
2023-09-17,BTC,90.43975986381965
2023-09-18,BTC,91.24094111181455
2023-09-19,BTC,92.76744708538786
2023-09-20,BTC,92.47677171005148
2023-09-21,BTC,90.57807443076074
2023-09-22,BTC,90.61919037055144
2023-09-23,BTC,90.60493957218286
2023-09-24,BTC,89.48812700529702
2023-09-25,BTC,89.68051278327297
2023-09-26,BTC,89.39706508557809
2023-09-27,BTC,89.9129576236487
2023-09-28,BTC,92.12353601173339
2023-09-29,BTC,91.73341188318845
2023-09-30,BTC,91.92296795718215
2023-10-01,BTC,95.43456241355341
2023-10-02,BTC,93.73653546727107
2023-10-03,BTC,93.50453383354318
2023-10-04,BTC,94.70497608559208
2023-10-05,BTC,93.44974667330796
2023-10-06,BTC,95.2249597619503
2023-10-07,BTC,95.31216919311503
2023-10-08,BTC,95.17709344398499
2023-10-09,BTC,94.06249691033828
2023-10-10,BTC,93.380640529066
2023-10-11,BTC,91.62622406005246
2023-10-12,BTC,91.23112237992424
2023-10-13,BTC,91.58013056867846
2023-10-14,BTC,91.54767420492989
2023-10-15,BTC,92.57615227762193
2023-10-16,BTC,97.1671935711853
2023-10-17,BTC,96.80966217766517
2023-10-18,BTC,96.55086358815329
2023-10-19,BTC,97.89313196750682
2023-10-20,BTC,101.150121251111
2023-10-21,BTC,101.97093996288655
2023-10-22,BTC,102.25275120526638
2023-10-23,BTC,112.74491855055062
2023-10-24,BTC,115.65214960338122
2023-10-25,BTC,117.6067591059363
2023-10-26,BTC,116.4326365102045
2023-10-27,BTC,115.54745055603684
2023-10-28,BTC,116.19173665070099
2023-10-29,BTC,117.7084920780221
2023-10-30,BTC,117.53407321569267
2023-10-31,BTC,118.09674110151853
2023-11-01,BTC,120.76164039644495
2023-11-02,BTC,119.12573056649651
2023-11-03,BTC,118.35928990112741
2023-11-04,BTC,119.53648085057493
2023-11-05,BTC,119.36536899169465
2023-11-06,BTC,119.48200052571127
2023-11-07,BTC,120.68557931711403
2023-11-08,BTC,121.45471331518914
2023-11-09,BTC,125.12436208073929
2023-11-10,BTC,127.17177223678553
2023-11-11,BTC,126.58663718319674
2023-11-12,BTC,126.36206778402472
2023-11-13,BTC,124.31240750192028
2023-11-14,BTC,121.20402881661441
2023-11-15,BTC,129.06927626740907
2023-11-16,BTC,123.29160031351758
2023-11-17,BTC,124.82717497696179
2023-11-18,BTC,124.67096168001231
2023-11-19,BTC,127.37029472219297
2023-11-20,BTC,127.6734480693066
2023-11-21,BTC,121.85336064849999
2023-11-22,BTC,127.53557670901334
2023-11-23,BTC,127.14671401477378
2023-11-24,BTC,128.57619182529203
2023-11-25,BTC,128.80495464120887
2023-11-26,BTC,127.66884553873304
2023-11-27,BTC,126.97086325404365
2023-11-28,BTC,128.9351892100319
2023-11-29,BTC,129.05713922382242
2023-11-30,BTC,128.61161426429913
2023-12-01,BTC,131.87961552846085
2023-12-02,BTC,134.49736445462227
2023-12-03,BTC,136.27670277437136
2023-12-04,BTC,143.15949745820987
2023-12-05,BTC,150.2583724292736
2023-12-06,BTC,149.1993471907006
2023-12-07,BTC,147.53033323344138
2023-12-08,BTC,150.5913569930679
2023-12-09,BTC,149.0319855419173
2023-12-10,BTC,149.2907841314292
2023-12-11,BTC,140.64447019588712
2023-12-12,BTC,141.45925447868842
2023-12-13,BTC,146.1526083222617
2023-12-14,BTC,146.67501258877346
2023-12-15,BTC,142.98630593736675
2023-12-16,BTC,144.13772271560214
2023-12-17,BTC,141.05784562703343
2023-12-18,BTC,145.43246570518102
2023-12-19,BTC,144.13076778051314
2023-12-20,BTC,148.87969291916014
2023-12-21,BTC,149.53724112044006
2023-12-22,BTC,149.90285251207825
2023-12-23,BTC,148.99298335690852
2023-12-24,BTC,146.57014307733377
2023-12-25,BTC,148.5633115582498
2023-12-26,BTC,144.924925907781
2023-12-27,BTC,148.0611925190809
2023-12-28,BTC,145.11185683470677
2023-12-29,BTC,143.41809149080737
2023-12-30,BTC,143.66809413300086
2023-12-31,BTC,144.15664423018245
2024-01-01,BTC,150.62054044618637
2024-01-02,BTC,153.23668700985183
2024-01-03,BTC,146.07146741289029
2024-01-04,BTC,150.5235463759504
2024-01-05,BTC,150.50312477733127
2024-01-06,BTC,149.90039782910566
2024-01-07,BTC,149.76641305018566
2024-01-08,BTC,160.0693311568478
2024-01-09,BTC,157.20198870232161
2024-01-10,BTC,159.05660396656313
2024-01-11,BTC,157.98325974398338
2024-01-12,BTC,145.8583872937427
2024-01-13,BTC,146.08087703095185
2024-01-14,BTC,142.27734576493887
2024-01-15,BTC,144.93232404951777
2024-01-16,BTC,147.06943241252037
2024-01-17,BTC,145.83578375470353
2024-01-18,BTC,140.8970979851485
2024-01-19,BTC,142.02737721556446
2024-01-20,BTC,142.1535547389189
2024-01-21,BTC,141.75906672953386
2024-01-22,BTC,134.89853465654383
2024-01-23,BTC,136.0221657872424
2024-01-24,BTC,136.66065610266577
2024-01-25,BTC,136.2386210954773
2024-01-26,BTC,142.58813590352278
2024-01-27,BTC,143.60110174354085
2024-01-28,BTC,143.29573236318808
2024-01-29,BTC,147.6311116065934
2024-01-30,BTC,146.39831526925315
2024-01-31,BTC,145.16722357286608
2024-02-01,BTC,146.88188781485144
2024-02-02,BTC,147.28097835481012
2024-02-03,BTC,146.63693090987937
2024-02-04,BTC,145.17704230475638
2024-02-05,BTC,145.60599815421477
2024-02-06,BTC,146.9364704181723
2024-02-07,BTC,151.2002888343631
2024-02-08,BTC,154.40177500853173
2024-02-09,BTC,160.6888999576908
2024-02-10,BTC,162.79692714603215
2024-02-11,BTC,164.66828198443392
2024-02-12,BTC,170.18204542595396
2024-02-13,BTC,169.43991294057724
2024-02-14,BTC,176.58433591790995
2024-02-15,BTC,176.8735453020266
2024-02-16,BTC,177.70578510818845
2024-02-17,BTC,176.06431814873264
2024-02-18,BTC,177.7520149708387
2024-02-19,BTC,176.51465019574394
2024-02-20,BTC,178.1650494737944
2024-02-21,BTC,176.76918718287286
2024-02-22,BTC,174.85668231186133
2024-02-23,BTC,173.00111244868606
2024-02-24,BTC,175.81059938926126
2024-02-25,BTC,176.35823234188007
2024-02-26,BTC,185.72564349343662
2024-02-27,BTC,194.4563712489802
2024-02-28,BTC,212.84862890614212
2024-02-29,BTC,208.41274403213728
2024-03-01,BTC,212.69793864588098
2024-03-02,BTC,211.33211212855448
2024-03-03,BTC,215.17331595963273
2024-03-04,BTC,232.66886428978353
2024-03-05,BTC,217.25311429378942
2024-03-06,BTC,225.26502905219576
2024-03-07,BTC,227.81902440670825
2024-03-08,BTC,232.2545683525225
2024-03-09,BTC,232.8991953753773
2024-03-10,BTC,235.09003402122417
2024-03-11,BTC,245.7345621749037
2024-03-12,BTC,243.60004486614991
2024-03-13,BTC,249.12444526721785
2024-03-14,BTC,243.3850214563157
2024-03-15,BTC,236.94458109982753
2024-03-16,BTC,222.62825633299684
2024-03-17,BTC,233.1726538770865
2024-03-18,BTC,230.50151559627153
2024-03-19,BTC,211.16205714706518
2024-03-20,BTC,231.28742326132587
2024-03-21,BTC,223.31229465468917
2024-03-22,BTC,217.50073043864845
2024-03-23,BTC,218.15998328088156
2024-03-24,BTC,229.13780283372697
2024-03-25,BTC,238.24065370934986
2024-03-26,BTC,238.60882206241786
2024-03-27,BTC,236.84277994210362
2024-03-28,BTC,241.31101890139982
2024-03-29,BTC,238.14018217156936
2024-03-30,BTC,237.22526727917824
2024-03-31,BTC,243.0136483782557
2024-04-01,BTC,237.45580292168646
2024-04-02,BTC,223.18519662522002
2024-04-03,BTC,224.8874169882472
2024-04-04,BTC,233.49418325367543
2024-04-05,BTC,231.21961264420835
2024-04-06,BTC,234.88588622067127
2024-04-07,BTC,236.46912264516638
2024-04-08,BTC,244.17277013359953
2024-04-09,BTC,235.73820669726157
2024-04-10,BTC,240.80126307076068
2024-04-11,BTC,238.67097327157077
2024-04-12,BTC,228.81913725393935
2024-04-13,BTC,217.93667531601488
2024-04-14,BTC,223.85972305039363
2024-04-15,BTC,216.21662440861743
2024-04-16,BTC,217.48965027245276
2024-04-17,BTC,208.91182881040953
2024-04-18,BTC,216.3873953393071
2024-04-19,BTC,217.5735867929874
2024-04-20,BTC,221.4007784754305
2024-04-21,BTC,221.4026876732981
2024-04-22,BTC,227.80589867136877
2024-04-23,BTC,226.4240485290824
2024-04-24,BTC,219.18133595438925
2024-04-25,BTC,219.89302355234219
2024-04-26,BTC,217.40994126148206
2024-04-27,BTC,216.35978015586556
2024-04-28,BTC,215.18916912049733
2024-04-29,BTC,217.7371982316737
2024-04-30,BTC,206.84795182275556
2024-05-01,BTC,198.98263618632274
2024-05-02,BTC,201.35426905166392
2024-05-03,BTC,214.3824989286332
2024-05-04,BTC,217.82597593251532
2024-05-05,BTC,218.2349533900024
2024-05-06,BTC,215.3479393788766
2024-05-07,BTC,212.43944689174063
2024-05-08,BTC,208.62428997442697
2024-05-09,BTC,215.03708105465455
2024-05-10,BTC,207.2843058139507
2024-05-11,BTC,207.37294714351611
2024-05-12,BTC,209.61625463790185
2024-05-13,BTC,214.58047592893558
2024-05-14,BTC,209.93502249614667
2024-05-15,BTC,225.7166225335124
2024-05-16,BTC,222.4052211106827
2024-05-17,BTC,228.5037104919628
2024-05-18,BTC,228.1327806205507
2024-05-19,BTC,225.94678315501082
2024-05-20,BTC,243.58166883667457
2024-05-21,BTC,239.15546632328378
2024-05-22,BTC,235.8085060901707
2024-05-23,BTC,231.72769792671338
2024-05-24,BTC,233.70624058825115
2024-05-25,BTC,236.23108658246426
2024-05-26,BTC,233.56195977797393
2024-05-27,BTC,236.72836444132605
2024-05-28,BTC,233.1893934512468
2024-05-29,BTC,230.64617142755841
2024-05-30,BTC,233.03181644153472
2024-05-31,BTC,230.26293404846433
2024-06-01,BTC,231.03629555610334
2024-06-02,BTC,231.03213623217758
2024-06-03,BTC,234.5923470485335
2024-06-04,BTC,240.48338162581155
2024-06-05,BTC,242.42721779754254
2024-06-06,BTC,241.37395424539125
2024-06-07,BTC,236.45279218483495
2024-06-08,BTC,236.29889719958177
2024-06-09,BTC,237.45014351372186
2024-06-10,BTC,237.08146376836794
2024-06-11,BTC,229.4932204724651
2024-06-12,BTC,232.73118596303183
2024-06-13,BTC,227.64801482628516
2024-06-14,BTC,225.16258013090962
2024-06-15,BTC,225.79077441497577
2024-06-16,BTC,227.32024646380756
2024-06-17,BTC,226.732008963684
2024-06-18,BTC,222.2010392173107
2024-06-19,BTC,221.5159440182274
2024-06-20,BTC,221.16008317284138
2024-06-21,BTC,218.68347851760333
2024-06-22,BTC,219.08730795941182
2024-06-23,BTC,215.5007433939197
2024-06-24,BTC,205.5568567648165
2024-06-25,BTC,210.71411159738838
2024-06-26,BTC,207.5059091378642
2024-06-27,BTC,210.37475167642916
2024-06-28,BTC,206.01554155249832
2024-06-29,BTC,207.9207846530493
2024-06-30,BTC,214.00747791893343
2024-07-01,BTC,214.44379781730953
2024-07-02,BTC,211.83733361425817
2024-07-03,BTC,205.26802240170957
2024-07-04,BTC,194.49956685073383
2024-07-05,BTC,193.06350912613627
2024-07-06,BTC,198.52292861406895
2024-07-07,BTC,190.4350209619698
2024-07-08,BTC,193.3561277921593
2024-07-09,BTC,197.90881466427606
2024-07-10,BTC,196.80369593432906
2024-07-11,BTC,195.48784948974983
2024-07-12,BTC,197.36026120554254
2024-07-13,BTC,201.84319416985522
2024-07-14,BTC,207.27721450758548
2024-07-15,BTC,220.6628394067986
2024-07-16,BTC,221.75329822454825
2024-07-17,BTC,218.4940247220668
2024-07-18,BTC,218.15285788169723
2024-07-19,BTC,227.26273187804728
2024-07-20,BTC,228.8990508218245
2024-07-21,BTC,232.39486030296925
2024-07-22,BTC,230.23565979321342
2024-07-23,BTC,224.7944458706607
2024-07-24,BTC,222.8852139102793
2024-07-25,BTC,224.33057897448117
2024-07-26,BTC,231.5174816043672
2024-07-27,BTC,231.4783089552631
2024-07-28,BTC,232.68308099533309
2024-07-29,BTC,227.6878352389515
2024-07-30,BTC,225.65355081824472
2024-07-31,BTC,220.33507104432098
2024-08-01,BTC,222.81027789397746
2024-08-02,BTC,209.6651437404391
2024-08-03,BTC,206.93655905950186
2024-08-04,BTC,198.2872449558822
2024-08-05,BTC,184.16535153617127
2024-08-06,BTC,190.99482505099434
2024-08-07,BTC,187.96789411043144
2024-08-08,BTC,210.30492958298686
2024-08-09,BTC,207.41385852639246
2024-08-10,BTC,207.7054203150245
2024-08-11,BTC,200.16777076261204
2024-08-12,BTC,202.32942595534044
2024-08-13,BTC,206.5586742530008
2024-08-14,BTC,200.06821973094628
2024-08-15,BTC,196.17369473085253
2024-08-16,BTC,200.72010852426163
2024-08-17,BTC,202.82496508043008
2024-08-18,BTC,199.19530719164155
2024-08-19,BTC,202.64260259125882
2024-08-20,BTC,201.19468056562715
2024-08-21,BTC,208.49814654389164
2024-08-22,BTC,205.83825889336757
2024-08-23,BTC,218.32100366531898
2024-08-24,BTC,218.7293333592439
2024-08-25,BTC,218.9440840265256
2024-08-26,BTC,214.21881930430877
2024-08-27,BTC,202.5624844664593
2024-08-28,BTC,201.26661641385138
2024-08-29,BTC,202.3715987725222
2024-08-30,BTC,201.5703493388891
2024-08-31,BTC,201.05895705293491
2024-09-01,BTC,195.3581944988509
2024-09-02,BTC,201.59810089360687
2024-09-03,BTC,195.9918777267863
2024-09-04,BTC,197.6391404654829
2024-09-05,BTC,191.53345749938038
2024-09-06,BTC,183.97497723452008
2024-09-07,BTC,184.64964003096992
2024-09-08,BTC,187.0671277379517
2024-09-09,BTC,194.47225850266386
2024-09-10,BTC,196.49733786222342
2024-09-11,BTC,195.4814059469468
2024-09-12,BTC,198.18946675080775
2024-09-13,BTC,206.25473677104864
2024-09-14,BTC,204.5331516867934
2024-09-15,BTC,201.59765768695905
2024-09-16,BTC,198.46790280410028
2024-09-17,BTC,205.6273948074591
2024-09-18,BTC,210.55721644405762
2024-09-19,BTC,214.6074433488149
2024-09-20,BTC,215.4701962280387
2024-09-21,BTC,215.9744631148086
2024-09-22,BTC,216.75791609689043
2024-09-23,BTC,215.94388185610853
2024-09-24,BTC,219.08966036392718
2024-09-25,BTC,215.30300504335074
2024-09-26,BTC,222.19650487237524
2024-09-27,BTC,224.22830051729034
2024-09-28,BTC,224.5284877891455
2024-09-29,BTC,223.655745713936
2024-09-30,BTC,215.90160676046963
2024-10-01,BTC,207.30404555618853
2024-10-02,BTC,206.77049293784302
2024-10-03,BTC,207.12311496541798
2024-10-04,BTC,211.66867643835045
2024-10-05,BTC,211.57321654497235
2024-10-06,BTC,214.17078252224812
2024-10-07,BTC,212.13915734142836
2024-10-08,BTC,211.92263384755532
2024-10-09,BTC,206.72528585976465
2024-10-10,BTC,205.669669903098
2024-10-11,BTC,213.21649042383854
2024-10-12,BTC,215.48782221549462
2024-10-13,BTC,214.34162163857587
2024-10-14,BTC,225.29895140716408
2024-10-15,BTC,228.67465188674774
2024-10-16,BTC,230.53567660097323
2024-10-17,BTC,229.8598546486752
2024-10-18,BTC,233.29034228849412
2024-10-19,BTC,233.11987819317608
2024-10-20,BTC,235.34951446711733
2024-10-21,BTC,229.7088916458615
2024-10-22,BTC,229.8742418183201
2024-10-23,BTC,227.29222216653727
2024-10-24,BTC,232.5071620489648
2024-10-25,BTC,227.3934096535181
2024-10-26,BTC,228.7381327158442
2024-10-27,BTC,231.90515104993952
2024-10-28,BTC,238.5208966820528
2024-10-29,BTC,247.97896063949943
2024-10-30,BTC,246.64361310241588
2024-10-31,BTC,239.6452778547707
2024-11-01,BTC,236.9314894573071
2024-11-02,BTC,236.51804584052266
2024-11-03,BTC,234.47673829908885
2024-11-04,BTC,231.3198114394363
2024-11-05,BTC,236.50873850091827
2024-11-06,BTC,257.6462181347205
2024-11-07,BTC,258.6209318317492
2024-11-08,BTC,260.84340861368713
2024-11-09,BTC,261.4150770037458
2024-11-10,BTC,274.00402090708036
2024-11-11,BTC,302.2259883423015
2024-11-12,BTC,299.8531963211121
2024-11-13,BTC,308.1145341437878
2024-11-14,BTC,297.7175539493292
2024-11-15,BTC,310.35398914961945
2024-11-16,BTC,308.83634730900263
2024-11-17,BTC,306.34440088518596
2024-11-18,BTC,308.4175511196253
2024-11-19,BTC,314.71350610892176
2024-11-20,BTC,321.4494630210533
2024-11-21,BTC,335.19077830155715
2024-11-22,BTC,337.15070628388617
2024-11-23,BTC,332.99274607088785
2024-11-24,BTC,333.76883500405194
2024-11-25,BTC,317.09734420348775
2024-11-26,BTC,313.5351560036261
2024-11-27,BTC,326.8243664105273
2024-11-28,BTC,326.0772904663864
2024-11-29,BTC,332.2686145939767
2024-11-30,BTC,328.6820159356655
2024-12-01,BTC,331.3316757404705
2024-12-02,BTC,326.74769166045326
2024-12-03,BTC,326.778613847344
2024-12-04,BTC,336.111966272656
2024-12-05,BTC,330.5149822598016
2024-12-06,BTC,340.04464113728193
2024-12-07,BTC,340.35539718304676
2024-12-08,BTC,344.711095746614
2024-12-09,BTC,331.64290908570223
2024-12-10,BTC,329.3127671811614
2024-12-11,BTC,344.76363278079106
2024-12-12,BTC,340.9428164555128
2024-12-13,BTC,345.7838603912696
2024-12-14,BTC,345.76937094316764
2024-12-15,BTC,356.14719097331255
2024-12-16,BTC,361.58387055092976
2024-12-17,BTC,361.8398394364594
2024-12-18,BTC,341.6237182378513
2024-12-19,BTC,332.2749558583225
2024-12-20,BTC,333.4463169357102
2024-12-21,BTC,331.69582114088894
2024-12-22,BTC,324.5168280450257
2024-12-23,BTC,323.4776789199668
2024-12-24,BTC,336.37195811083507
2024-12-25,BTC,338.98353623674603
2024-12-26,BTC,326.58056866140345
2024-12-27,BTC,321.4919767664257
2024-12-28,BTC,324.9045656762362
2024-12-29,BTC,319.579949194881
2024-12-30,BTC,316.35425711917725
2024-12-31,BTC,319.02696366966927
2025-01-01,BTC,322.49007813733203
2025-01-02,BTC,330.6484897392547
2025-01-03,BTC,334.7034555458618
2025-01-04,BTC,334.8613734837645
2025-01-05,BTC,335.3492758173839
2025-01-06,BTC,348.54998126599594
2025-01-07,BTC,330.5455976113207
2025-01-08,BTC,324.08841768067236
2025-01-09,BTC,315.5375295456893
2025-01-10,BTC,322.94801288299453
2025-01-11,BTC,322.51803424896417
2025-01-12,BTC,322.33076239384775
2025-01-13,BTC,322.30021522796676
2025-01-14,BTC,329.203192860691
2025-01-15,BTC,342.62379699226335
2025-01-16,BTC,340.8848927559237
2025-01-17,BTC,354.8294694236847
2025-01-18,BTC,356.46166313635524
2025-01-19,BTC,345.4678881441881
2025-01-20,BTC,348.6332018373302
2025-01-21,BTC,361.8742049980755
2025-01-22,BTC,353.56523950716786
2025-01-23,BTC,354.2596420458555
2025-01-24,BTC,357.53309816106747
2025-01-25,BTC,357.1115404533459
2025-01-26,BTC,349.86050923080126
2025-01-27,BTC,348.0291452691611
2025-01-28,BTC,345.4813548077182
2025-01-29,BTC,353.655858220239
2025-01-30,BTC,357.03002452296477
2025-01-31,BTC,349.2112455845538
2025-02-01,BTC,343.09530067991307
2025-02-02,BTC,333.08885372782817
2025-02-03,BTC,345.45748983437375
2025-02-04,BTC,333.302070218252
2025-02-05,BTC,329.379009528602
2025-02-06,BTC,329.1809984354806
2025-02-07,BTC,329.0188870808331
2025-02-08,BTC,328.8073070457243
2025-02-09,BTC,328.8687082128578
2025-02-10,BTC,332.1691317479491
2025-02-11,BTC,326.5348842838582
2025-02-12,BTC,333.6663860827658
2025-02-13,BTC,329.3643837092237
2025-02-14,BTC,332.4066223255462
2025-02-15,BTC,332.6424764478283
2025-02-16,BTC,327.6937673894685
2025-02-17,BTC,326.54102099128966
2025-02-18,BTC,326.171932132107
2025-02-19,BTC,329.4879019926912
2025-02-20,BTC,335.14945780485203
2025-02-21,BTC,327.91148413200875
2025-02-22,BTC,329.1696114339133
2025-02-23,BTC,328.17065774253035
2025-02-24,BTC,312.1295772592715
2025-02-25,BTC,302.3364831688866
2025-02-26,BTC,287.23230744631485
2025-02-27,BTC,288.7954291075625
2025-02-28,BTC,287.5727242446651
2025-03-01,BTC,293.4182449084932
2025-03-02,BTC,321.393005312684
2025-03-03,BTC,293.9503656284381
2025-03-04,BTC,297.5688751653928
2025-03-05,BTC,308.9014305005951
2025-03-06,BTC,306.6031653818788
2025-03-07,BTC,295.9316357155009
2025-03-08,BTC,293.95663870714577
2025-03-09,BTC,275.2462268624822
2025-03-10,BTC,267.9554434129094
2025-03-11,BTC,282.7419422474464
2025-03-12,BTC,285.2891190381461
2025-03-13,BTC,276.5465610743875
2025-03-14,BTC,286.3224041983261
2025-03-15,BTC,287.5335175027419
2025-03-16,BTC,281.51985105529207
2025-03-17,BTC,286.4138752318738
2025-03-18,BTC,281.99885516313583
2025-03-19,BTC,296.082291882943
2025-03-20,BTC,287.14127961941506
2025-03-21,BTC,286.6823902748188
2025-03-22,BTC,285.8362065056599
2025-03-23,BTC,293.4795097043505
2025-03-24,BTC,298.30589372790996
2025-03-25,BTC,297.9469304359892
2025-03-26,BTC,296.2978607778822
2025-03-27,BTC,297.39851334853194
2025-03-28,BTC,287.82651118977464
2025-03-29,BTC,281.7721720091819
2025-03-30,BTC,280.89070217229215
2025-03-31,BTC,281.4362554629481
2025-04-01,BTC,290.3287877377676
2025-04-02,BTC,281.3212944770656
2025-04-03,BTC,283.6968821094182
2025-04-04,BTC,286.0042159180054
2025-04-05,BTC,284.804557800795
2025-04-06,BTC,267.38997991592026
2025-04-07,BTC,269.88980178094073
2025-04-08,BTC,260.20464555571124
2025-04-09,BTC,281.65857473606195
2025-04-10,BTC,271.4037275042795
2025-04-11,BTC,284.4153882711838
2025-04-12,BTC,290.7329922005858
2025-04-13,BTC,285.5614524768263
2025-04-14,BTC,288.39654312451825
2025-04-15,BTC,285.1659416828693
2025-04-16,BTC,286.4832541186683
2025-04-17,BTC,289.611372546212
2025-04-18,BTC,287.9980321624837
2025-04-19,BTC,290.0515108403232
2025-04-20,BTC,290.40004172961056
2025-04-21,BTC,298.36749945195794
2025-04-22,BTC,318.5734950833041
2025-04-23,BTC,319.4193038314533
2025-04-24,BTC,320.4059159223352
2025-04-25,BTC,322.6499393659213
2025-04-26,BTC,322.61352823516137
2025-04-27,BTC,319.61779222404164
2025-04-28,BTC,323.91989687604087
2025-04-29,BTC,321.3480709771582
2025-04-30,BTC,321.0588956858606
2025-05-01,BTC,328.96130430943464
2025-05-02,BTC,330.3155733610986
2025-05-03,BTC,326.80155831457375
2025-05-04,BTC,321.41898404081047
2025-05-05,BTC,322.9738211470256
2025-05-06,BTC,330.1344723062326
2025-05-07,BTC,330.80432801519447
2025-05-08,BTC,352.0479045019227
2025-05-09,BTC,351.0605423690214
2025-05-10,BTC,357.3252342432366
2025-05-11,BTC,354.96761352653056
2025-05-12,BTC,350.4445874069991
2025-05-13,BTC,354.9189289809077
2025-05-14,BTC,352.887337892907
2025-05-15,BTC,353.7597390399258
2025-05-16,BTC,352.73760223157956
2025-05-17,BTC,351.5878219086592
2025-05-18,BTC,362.9325824730863
2025-05-19,BTC,359.93064156889704
2025-05-20,BTC,364.28173760189065
2025-05-21,BTC,373.80727124826427
2025-05-22,BTC,380.80386776213714
2025-05-23,BTC,365.8783384114588
2025-05-24,BTC,367.3907299579397
2025-05-25,BTC,371.6260126845743
2025-05-26,BTC,373.0940494734535
2025-05-27,BTC,371.4009318931163
2025-05-28,BTC,367.4584723894191
2025-05-29,BTC,359.98522417221784
2025-05-30,BTC,354.5158154882995
2025-05-31,BTC,356.58320403631706
2025-06-01,BTC,360.1665297839981
2025-06-02,BTC,360.8997299507802
2025-06-03,BTC,359.25952442562976
2025-06-04,BTC,356.94111045084685
2025-06-05,BTC,346.0717060626237
2025-06-06,BTC,355.54869153465074
2025-06-07,BTC,359.85703517253864
2025-06-08,BTC,360.4770130872105
2025-06-09,BTC,375.91771902675913
2025-06-10,BTC,375.95648256203447
2025-06-11,BTC,370.4018418304571
2025-06-12,BTC,360.26471710290133
2025-06-13,BTC,361.6109061564472
2025-06-14,BTC,359.3882248175949
2025-06-15,BTC,359.9997477131389
2025-06-16,BTC,364.09265882736383
2025-06-17,BTC,356.44441216990907
2025-06-18,BTC,357.588601270503
2025-06-19,BTC,356.8106372322904
2025-06-20,BTC,352.1719682704952
2025-06-21,BTC,348.1559023704396
2025-06-22,BTC,344.214295187219
2025-06-23,BTC,359.11306167493245
2025-06-24,BTC,361.66685247253054
2025-06-25,BTC,365.9542972123325
2025-06-26,BTC,364.6126765965412
2025-06-27,BTC,364.95541170658765
2025-06-28,BTC,365.80500475765285
2025-06-29,BTC,369.4193208778628
2025-06-30,BTC,365.29262377994587
2025-07-01,BTC,360.2967984456402
2025-07-02,BTC,371.0989717946699
2025-07-03,BTC,373.6054076665886
2025-07-04,BTC,368.148715604181
2025-07-05,BTC,368.87789281831357
2025-07-06,BTC,372.3066758171793
2025-07-07,BTC,369.09888247148393
2025-07-08,BTC,371.34914490095866
2025-07-09,BTC,379.22802947937885
2025-07-10,BTC,395.5107939569797
2025-07-11,BTC,400.684924734988
2025-07-12,BTC,400.3178814449491
2025-07-13,BTC,405.99992704136724
2025-07-14,BTC,408.5723666109931
2025-07-15,BTC,401.4705255646708
2025-07-16,BTC,404.4445785428661
2025-07-17,BTC,406.30989895229357
2025-07-18,BTC,402.0390233225566
2025-07-19,BTC,401.74977984562094
2025-07-20,BTC,399.7898518632919
2025-07-21,BTC,400.18273751018097
2025-07-22,BTC,408.9584336940694
2025-07-23,BTC,404.87264797902884
2025-07-24,BTC,403.4577959878889
2025-07-25,BTC,400.98033901217417
2025-07-26,BTC,402.0224883053108
2025-07-27,BTC,407.12127395318856
2025-07-28,BTC,402.5077313990432
2025-07-29,BTC,402.12739190956944
2025-07-30,BTC,401.7508026301928
2025-07-31,BTC,394.6723833505673
2025-08-01,BTC,386.2645827771942
2025-08-02,BTC,383.7022346820112
2025-08-03,BTC,389.3699953872416
2025-08-04,BTC,392.25503201486174
2025-08-05,BTC,389.1004916525437
2025-08-06,BTC,392.04106548241856
2025-08-07,BTC,400.49519819689897
2025-08-08,BTC,397.7770800114143
2025-08-09,BTC,397.0526416991316
2025-08-10,BTC,406.70690983028936
2025-08-11,BTC,404.6340323384026
2025-08-12,BTC,409.57094528136633
2025-08-13,BTC,420.38638073701173
2025-08-14,BTC,403.30130994838686
2025-08-15,BTC,400.05212792034825
2025-08-16,BTC,400.1837602947529
2025-08-17,BTC,400.2667763091727
2025-08-18,BTC,396.2507785947554
2025-08-19,BTC,384.81567205980974
2025-08-20,BTC,389.5828709494748
2025-08-21,BTC,383.54421446565135
2025-08-22,BTC,398.6677549094512
2025-08-23,BTC,393.56085517063633
2025-08-24,BTC,386.93164287499286
2025-08-25,BTC,375.40278108762226
2025-08-26,BTC,381.0323237426824
2025-08-27,BTC,379.32355755839507
2025-08-28,BTC,383.7722954251869
2025-08-29,BTC,369.48910887848604
2025-08-30,BTC,370.9855449856452
2025-08-31,BTC,369.0423224846574
2025-09-01,BTC,372.42115950359494
2025-09-02,BTC,379.2485533564551
2025-09-03,BTC,380.8362559402476
2025-09-04,BTC,377.51275156665025
2025-09-05,BTC,377.27110166512745
2025-09-06,BTC,375.66185241968674
2025-09-07,BTC,378.898522383129
2025-09-08,BTC,382.06196097122256
2025-09-09,BTC,380.2930891469261
2025-09-10,BTC,388.5217660489389
2025-09-11,BTC,393.71304551493625
2025-09-12,BTC,395.5770022116012
2025-09-13,BTC,395.1981287133473
2025-09-14,BTC,392.9811408752786
2025-09-15,BTC,393.25967920702834
2025-09-16,BTC,398.1664881907589
2025-09-17,BTC,397.0026616263843
2025-09-18,BTC,399.13666754285214
2025-09-19,BTC,394.22338092349946
2025-09-20,BTC,394.40492518501327
2025-09-21,BTC,392.85936132558334
2025-09-22,BTC,384.05898194069283
2025-09-23,BTC,381.8354823741831
2025-09-24,BTC,386.29550496408496
2025-09-25,BTC,371.5929426500826
2025-09-26,BTC,373.80546432885393
2025-09-27,BTC,373.7795196935465
2025-09-28,BTC,382.39852528101864
2025-09-29,BTC,389.72169690870186
2025-09-30,BTC,388.8249534888716
2025-10-01,BTC,404.32375359210465
2025-10-02,BTC,410.9185321404938
2025-10-03,BTC,416.72334597835993
2025-10-04,BTC,417.26542180147146
2025-10-05,BTC,420.9860052387026
2025-10-06,BTC,424.99610489542204
2025-10-07,BTC,413.6582310804458
2025-10-08,BTC,420.38491474579206
2025-10-09,BTC,414.7814190044965
2025-10-10,BTC,384.4800623489475
2025-10-11,BTC,377.2179509602072
2025-10-12,BTC,391.9269568170126
2025-10-13,BTC,392.63336002801066
2025-10-14,BTC,385.344792611677
2025-10-15,BTC,377.62324639323543
2025-10-16,BTC,368.86480117579316
2025-10-17,BTC,362.85560088764066
2025-10-18,BTC,365.42391522615986
2025-10-19,BTC,370.39386411079624
2025-10-20,BTC,376.83505450930375
2025-10-21,BTC,369.2172868320919
2025-10-22,BTC,366.72772690560964
2025-10-23,BTC,375.2875473591873
2025-10-24,BTC,378.4469629946314
2025-10-25,BTC,380.63360822373346
2025-10-26,BTC,390.5652896236119
2025-10-27,BTC,389.02514652241314
2025-10-28,BTC,384.902642841241
2025-10-29,BTC,375.0935933115344
2025-10-30,BTC,369.30323482895125
2025-10-31,BTC,373.6846052852734
2025-11-01,BTC,375.3554602547621
2025-11-02,BTC,376.86434024087936
2025-11-03,BTC,363.37162979698746
2025-11-04,BTC,346.03263569197685
2025-11-05,BTC,354.1737963274534
2025-11-06,BTC,345.51722045337317
2025-11-07,BTC,352.3120556640276
2025-11-08,BTC,348.8136551286339
2025-11-09,BTC,357.0300927086029
2025-11-10,BTC,361.42182738192037
2025-11-11,BTC,351.35714989487485
2025-11-12,BTC,346.5684043435615
2025-11-13,BTC,339.87819999461334
2025-11-14,BTC,322.49761265034505
2025-11-15,BTC,325.9145313481767
2025-11-16,BTC,321.3638218595656
2025-11-17,BTC,314.38740829457834
2025-11-18,BTC,316.929675719333
2025-11-19,BTC,312.13666856563674
2025-11-20,BTC,295.3707406562663
2025-11-21,BTC,290.23022539785467
2025-11-22,BTC,288.9016623317647
2025-11-23,BTC,296.0279479293556
2025-11-24,BTC,301.0396264245258
2025-11-25,BTC,297.8688237875145
2025-11-26,BTC,308.4855322008381
2025-11-27,BTC,311.3831831715118
2025-11-28,BTC,309.87201896651715
2025-11-29,BTC,309.57111574546167
2025-11-30,BTC,308.06271305881114
2025-12-01,BTC,294.1733326651141
2025-12-02,BTC,311.19202473502213
2025-12-03,BTC,318.52903804724514
2025-12-04,BTC,313.9200639308543
2025-12-05,BTC,304.5512890665352
2025-12-06,BTC,304.233373528767
2025-12-07,BTC,308.18309480292476
2025-12-08,BTC,308.99801545700234
2025-12-09,BTC,315.96815594328183
2025-12-10,BTC,313.7063360481445
2025-12-11,BTC,315.40419253033156
2025-12-12,BTC,307.7504910218266
2025-12-13,BTC,307.6536333228668
2025-12-14,BTC,300.6037838256166
2025-12-15,BTC,294.6713264731763
2025-12-16,BTC,299.55116803702754
2025-12-17,BTC,294.0274494923409
2025-12-18,BTC,291.54954930997843
2025-12-19,BTC,300.48367482405547
2025-12-20,BTC,301.2472175998042
2025-12-21,BTC,302.2630472366236
2025-12-22,BTC,302.1332558744484
2025-12-23,BTC,298.26443685992865
2025-12-24,BTC,298.8898696256506
2025-12-25,BTC,297.37553478848304
2025-12-26,BTC,297.86746007475193
2025-12-27,BTC,299.59750017813496
2025-12-28,BTC,299.8555828184466
2025-12-29,BTC,297.4159688718925
2025-12-30,BTC,301.6719800325178
2025-12-31,BTC,298.8174905707786
2026-01-01,BTC,302.8773316505118
2026-01-02,BTC,306.8187683696371
2026-01-03,BTC,308.976434702535
2026-01-04,BTC,312.0506523831392
2026-01-05,BTC,319.99421103932303
2026-01-06,BTC,319.61325787910624
2026-01-07,BTC,311.486177577903
2026-01-08,BTC,310.5855475766995
2026-01-09,BTC,309.02167587343246
2026-01-10,BTC,308.5560361506616
2026-01-11,BTC,310.29119017690425
2026-01-12,BTC,311.2544827795466
2026-01-13,BTC,325.2932238135614
2026-01-14,BTC,330.5359493435257
2026-01-15,BTC,325.94371480129513
2026-01-16,BTC,325.7600908778185
2026-01-17,BTC,324.3855706916308
2026-01-18,BTC,319.35814131405317
2026-01-19,BTC,315.8051922681578
2026-01-20,BTC,301.4748212598729
2026-01-21,BTC,304.9763924274394
2026-01-22,BTC,305.334162470693
2026-01-23,BTC,305.47254522327216
2026-01-24,BTC,304.19433725093916
2026-01-25,BTC,295.4836901658241
2026-01-26,BTC,301.2001013238583
2026-01-27,BTC,304.2784101427501
2026-01-28,BTC,304.44884014524905
2026-01-29,BTC,288.5962588585929
2026-01-30,BTC,287.2677639781411
2026-01-31,BTC,268.4505734241702
2026-02-01,BTC,262.4063257180204
2026-02-02,BTC,268.44211840504244
2026-02-03,BTC,258.32200599419946
2026-02-04,BTC,249.4429403829101
2026-02-05,BTC,214.47744742972534
2026-02-06,BTC,240.62800336427935
2026-02-07,BTC,236.22702953699564
2026-02-08,BTC,239.77609200151787
2026-02-09,BTC,239.12021434837203
2026-02-10,BTC,234.6993644075742
2026-02-11,BTC,228.70322166912308
2026-02-12,BTC,225.94051007630313
2026-02-13,BTC,234.74256000932786
2026-02-14,BTC,238.04612008377285
2026-02-15,BTC,234.66966956216982
2026-02-16,BTC,234.8737150842655
2026-02-17,BTC,230.13852935170124
2026-02-18,BTC,226.58428477868136
2026-02-19,BTC,228.43460434772084
2026-02-20,BTC,231.89938936351774
2026-02-21,BTC,231.7491082170853
2026-02-22,BTC,230.615419704763
2026-02-23,BTC,220.43059912333723
2026-02-24,BTC,218.39229174998104
2026-02-25,BTC,231.79039462097134
2026-02-26,BTC,230.0760031215385
2026-02-27,BTC,224.57655866402519
2026-02-28,BTC,228.33072352803399
2026-03-01,BTC,224.25052903531983
2026-03-02,BTC,234.66107817176578
2026-03-03,BTC,232.9835069169216
2026-03-04,BTC,247.74150415472144
2026-03-05,BTC,241.68644902492832
2026-03-06,BTC,232.21989595553484
2026-03-07,BTC,229.3182220322116
2026-03-08,BTC,224.91441850094554
2026-03-09,BTC,233.30452490122462
2026-03-10,BTC,238.4745986337644
2026-03-11,BTC,239.30383827184863
2026-03-12,BTC,240.49531411248378
2026-03-13,BTC,241.82036561821022
2026-03-14,BTC,242.7816126517088
2026-03-15,BTC,248.2476802393589
2026-03-16,BTC,255.30295049484022
2026-03-17,BTC,251.97784375874696
2026-03-18,BTC,242.89953971284982
2026-03-19,BTC,238.41108371184885
2026-03-20,BTC,240.39095599333007
2026-03-21,BTC,234.96129953643992
2026-03-22,BTC,231.3504608837745
2026-03-23,BTC,241.7400770293154
2026-03-24,BTC,240.5478170538418
2026-03-25,BTC,243.2063409916033
2026-03-26,BTC,234.62783767317873
2026-03-27,BTC,226.40113815467166
2026-03-28,BTC,226.29800737700418
2026-03-29,BTC,225.0498692710853
2026-03-30,BTC,227.7310649335241
2026-03-31,BTC,232.80104214929312
2026-04-01,BTC,232.21955502734417
2026-04-02,BTC,228.08774400656768
2026-04-03,BTC,228.30017636215305
2026-04-04,BTC,229.44610419651917
2026-04-05,BTC,235.35698079449224
2026-04-06,BTC,234.74153722475592
2026-04-07,BTC,245.20994187515282
2026-04-08,BTC,242.2974264353673
2026-04-09,BTC,244.74542721541107
2026-04-10,BTC,248.7504129492709
2026-04-11,BTC,249.02472377145676
2026-04-12,BTC,241.17594315226975
2026-04-13,BTC,253.71190681477955
2026-04-14,BTC,252.73535210552137
2026-04-15,BTC,255.0483453220732
2026-04-16,BTC,256.22216108243333
2026-04-17,BTC,262.7601750870816
2026-04-18,BTC,258.0545478286454
2026-04-19,BTC,251.61110730407964
2026-04-20,BTC,258.5632467818936
2026-04-21,BTC,260.2514549962856
2026-04-22,BTC,266.5316250103557
2026-04-23,BTC,266.80181060143485
2026-04-24,BTC,264.0050061895513
2026-04-25,BTC,264.6455079812994
2026-04-26,BTC,268.1657620137128
2026-04-27,BTC,263.7806413472937
2026-04-28,BTC,260.2740244425057
2026-04-29,BTC,258.35538286406273
2026-04-30,BTC,260.28697971374993
2026-05-01,BTC,266.7119760232022
2026-05-02,BTC,268.2656539735692
2026-05-03,BTC,267.8624041096848
2026-05-04,BTC,272.26869641674244
2026-05-05,BTC,275.829725460756
2026-05-06,BTC,277.67581752023153
2026-05-07,BTC,272.7630082003458
2026-05-08,BTC,273.4011234947594
2026-05-09,BTC,275.05540935418315
2026-05-10,BTC,280.27730417169965
2026-05-11,BTC,278.6939654687473
2026-05-12,BTC,274.4624329522097
2026-05-13,BTC,270.4024555012003
2026-05-14,BTC,276.45863569402246
2026-05-15,BTC,269.71923540716546
2026-05-16,BTC,266.42873288242174
2026-05-17,BTC,264.075032839908
2026-05-18,BTC,262.5210821469885
2026-05-19,BTC,261.94999333485384
2026-05-20,BTC,264.3974145369735
2026-05-21,BTC,264.6131879888271
2026-05-22,BTC,257.53545056558283
2026-05-23,BTC,261.66923896986503
2026-05-24,BTC,262.73617374246084
2026-05-25,BTC,263.612529656491
2026-05-26,BTC,258.866809242836
2026-05-27,BTC,253.81865143126768
2026-05-28,BTC,250.98284483437538
2026-05-29,BTC,250.4485080811914
2026-05-30,BTC,251.89267989672607
2026-05-31,BTC,251.17676478920922
2026-06-01,BTC,243.45307072316663
2026-06-02,BTC,227.6064897726657
2026-06-03,BTC,218.6807169992592
2026-06-04,BTC,217.8053497769818
2026-06-05,BTC,208.1587184372943
2026-06-06,BTC,207.5728333416861
2026-06-07,BTC,215.91667578649577
2026-06-08,BTC,215.07792425189277
2026-06-09,BTC,210.45497207968583
2026-06-10,BTC,209.70830524937364
2026-06-11,BTC,216.9189364813279
2026-06-12,BTC,216.76217769927342
2026-06-13,BTC,219.75552721305866
2026-06-14,BTC,224.14818239249087
2026-06-15,BTC,226.13337315374605
2026-06-16,BTC,223.9046232931004
2026-06-17,BTC,219.93073021022656
2026-06-18,BTC,214.64160435351664
2026-06-19,BTC,216.63910262245375
2026-06-20,BTC,219.21004210804082
2026-06-21,BTC,215.84842196273038
2026-06-22,BTC,218.26226173807237
2026-06-23,BTC,213.87983440435926
2026-06-24,BTC,208.23208618391917
2026-06-25,BTC,203.85460230897027
2026-06-26,BTC,204.88853523271246
2026-06-27,BTC,204.65578355696522
2026-06-28,BTC,203.11482222810895
2026-06-29,BTC,205.444043626535
2026-06-30,BTC,199.868163068681
2026-07-01,BTC,204.63873714743337
2026-07-02,BTC,209.8753941556044
2026-07-03,BTC,213.36397595910773
2026-07-04,BTC,215.27573078809982
2026-07-05,BTC,217.00079333989964
2026-07-06,BTC,218.3373000328314
2026-07-07,BTC,216.02570462186122
2026-07-08,BTC,212.36416994724817
2026-07-09,BTC,215.56889493922787
2026-07-10,BTC,218.74539107702287
2026-07-11,BTC,217.5769619820747
2026-07-12,BTC,217.44399998772658
2026-07-13,BTC,212.5159511777194
2026-07-14,BTC,221.7532641317292
2026-07-15,BTC,220.77241372726903
2026-07-16,BTC,217.6151459394259
2026-07-17,BTC,217.9610857744644
2026-07-18,BTC,221.0381331590509
2026-07-19,BTC,220.65738455574842
2026-07-20,BTC,222.47442953338182
2026-07-21,BTC,226.9087120448907
2026-07-22,BTC,225.40293450530814
2026-07-23,BTC,221.94074054376003
2026-07-24,BTC,218.6713073811976
2026-07-25,BTC,219.4725227220116
2026-07-26,BTC,222.9670025832129
2026-07-27,BTC,217.36169992250703
2026-07-28,BTC,217.9042530450854
2026-07-29,BTC,218.14044809555807
2026-07-30,BTC,220.85335007972606
2026-07-31,BTC,214.4025114134235
2026-08-01,BTC,214.18349914375887
2026-08-02,BTC,216.7280507873907
2026-08-03,BTC,216.55758669207265
2026-08-04,BTC,218.55733508706794
2026-08-05,BTC,220.46199860969486
2026-08-06,BTC,219.2973197248437
2026-08-07,BTC,221.34145697025983
2026-08-08,BTC,221.47581677018954
2026-08-09,BTC,221.2678164810824
2026-08-10,BTC,218.09179764275433
2026-08-11,BTC,216.83032924458155
2026-08-12,BTC,216.42118132299913
2026-08-13,BTC,216.45824021732128
2026-08-14,BTC,214.93326842060583
2026-08-15,BTC,215.07799243753087
2026-08-16,BTC,214.44383191012858
2026-08-17,BTC,220.00812090950097
2026-08-18,BTC,220.6672032876387
2026-08-19,BTC,236.3818450283635
2026-08-20,BTC,248.96332260432317
2026-08-21,BTC,267.0764282589922
2026-08-22,BTC,262.77016428306723
2026-08-23,BTC,265.0171197090928
2026-08-24,BTC,269.30855330872515
2026-08-25,BTC,267.7620689431806
2026-08-26,BTC,269.4142410478224
2026-08-27,BTC,273.5934410870973
2026-08-28,BTC,265.3985160759574
2026-08-29,BTC,266.708123534648
2026-08-30,BTC,264.839837049962
2026-08-31,BTC,267.9057701755337
2026-09-01,BTC,264.0113815467162
2026-09-02,BTC,263.6738967308055
2026-09-03,BTC,277.07360196429187
2026-09-04,BTC,271.5860218078127
2026-09-05,BTC,272.1689408281623
2026-09-06,BTC,273.9079473429591
2026-09-07,BTC,269.7151442688778
2026-09-08,BTC,267.47793938910445
2026-09-09,BTC,266.9686949507512
2026-09-10,BTC,261.04435168924806
2026-09-11,BTC,263.28418171608934
2026-09-12,BTC,263.46497593558365
2026-09-13,BTC,261.97607434143754
2026-09-14,BTC,266.5690589256876
2026-09-15,BTC,257.8933569801126
2026-09-16,BTC,259.8077710489917
2026-09-17,BTC,260.527129531234
2026-09-18,BTC,275.75591450748317
2026-09-19,BTC,277.00412079904027
2026-09-20,BTC,276.7586865946013
2026-09-21,BTC,295.3119987290197
2026-09-22,BTC,293.9092837814664
2026-09-23,BTC,287.7352106203223
2026-09-24,BTC,287.77830394361865
2026-09-25,BTC,286.72057423217007
2026-09-26,BTC,287.85624012799815
2026-09-27,BTC,288.5909062859999
2021-01-01,DOGE,100.0
2021-01-02,DOGE,185.3239436619718
2021-01-03,DOGE,172.9031690140845
2021-01-04,DOGE,171.8538732394366
2021-01-05,DOGE,175.5281690140845
2021-01-06,DOGE,183.45070422535213
2021-01-07,DOGE,171.5475352112676
2021-01-08,DOGE,171.47887323943664
2021-01-09,DOGE,179.20598591549296
2021-01-10,DOGE,172.88732394366198
2021-01-11,DOGE,155.50352112676055
2021-01-12,DOGE,142.26584507042253
2021-01-13,DOGE,152.70774647887325
2021-01-14,DOGE,165.32922535211267
2021-01-15,DOGE,164.65669014084506
2021-01-16,DOGE,162.63028169014083
2021-01-17,DOGE,160.18838028169014
2021-01-18,DOGE,161.58802816901408
2021-01-19,DOGE,159.20422535211267
2021-01-20,DOGE,159.30809859154928
2021-01-21,DOGE,143.62852112676055
2021-01-22,DOGE,149.77992957746477
2021-01-23,DOGE,151.01936619718307
2021-01-24,DOGE,153.40669014084506
2021-01-25,DOGE,147.02288732394365
2021-01-26,DOGE,145.19718309859152
2021-01-27,DOGE,130.5
2021-01-28,DOGE,642.5968309859154
2021-01-29,DOGE,808.2024647887323
2021-01-30,DOGE,497.53521126760563
2021-01-31,DOGE,651.4084507042253
2021-02-01,DOGE,612.9806338028169
2021-02-02,DOGE,551.9172535211268
2021-02-03,DOGE,655.9806338028169
2021-02-04,DOGE,931.4806338028168
2021-02-05,DOGE,822.5228873239436
2021-02-06,DOGE,1015.068661971831
2021-02-07,DOGE,1371.9137323943662
2021-02-08,DOGE,1385.5633802816901
2021-02-09,DOGE,1232.607394366197
2021-02-10,DOGE,1277.3362676056336
2021-02-11,DOGE,1225.0528169014085
2021-02-12,DOGE,1228.301056338028
2021-02-13,DOGE,1166.2059859154929
2021-02-14,DOGE,1103.4911971830986
2021-02-15,DOGE,994.7183098591549
2021-02-16,DOGE,941.4788732394367
2021-02-17,DOGE,871.8080985915492
2021-02-18,DOGE,1035.1954225352113
2021-02-19,DOGE,968.8908450704225
2021-02-20,DOGE,953.7112676056337
2021-02-21,DOGE,986.237676056338
2021-02-22,DOGE,942.882042253521
2021-02-23,DOGE,839.0176056338028
2021-02-24,DOGE,999.8433098591547
2021-02-25,DOGE,878.7640845070422
2021-02-26,DOGE,888.6760563380282
2021-02-27,DOGE,881.5580985915492
2021-02-28,DOGE,847.8556338028168
2021-03-01,DOGE,890.7271126760563
2021-03-02,DOGE,886.6901408450703
2021-03-03,DOGE,887.5809859154929
2021-03-04,DOGE,880.0440140845071
2021-03-05,DOGE,871.9806338028169
2021-03-06,DOGE,897.1619718309859
2021-03-07,DOGE,915.2658450704225
2021-03-08,DOGE,1108.6936619718308
2021-03-09,DOGE,1019.5721830985915
2021-03-10,DOGE,983.6126760563379
2021-03-11,DOGE,984.6584507042254
2021-03-12,DOGE,973.1179577464789
2021-03-13,DOGE,1105.443661971831
2021-03-14,DOGE,1025.017605633803
2021-03-15,DOGE,1002.9771126760563
2021-03-16,DOGE,1032.5827464788733
2021-03-17,DOGE,1019.2253521126761
2021-03-18,DOGE,1009.656690140845
2021-03-19,DOGE,1025.4788732394366
2021-03-20,DOGE,1035.5387323943662
2021-03-21,DOGE,1011.93838028169
2021-03-22,DOGE,966.338028169014
2021-03-23,DOGE,939.3169014084508
2021-03-24,DOGE,906.6830985915493
2021-03-25,DOGE,902.5704225352113
2021-03-26,DOGE,949.4894366197183
2021-03-27,DOGE,958.3802816901407
2021-03-28,DOGE,944.8169014084506
2021-03-29,DOGE,952.8873239436618
2021-03-30,DOGE,950.7095070422534
2021-03-31,DOGE,946.6531690140846
2021-04-01,DOGE,1094.207746478873
2021-04-02,DOGE,1013.8186619718309
2021-04-03,DOGE,977.3116197183098
2021-04-04,DOGE,1010.4630281690141
2021-04-05,DOGE,1056.323943661972
2021-04-06,DOGE,1133.8855633802816
2021-04-07,DOGE,1034.8045774647885
2021-04-08,DOGE,1087.7429577464789
2021-04-09,DOGE,1084.2922535211267
2021-04-10,DOGE,1121.7728873239437
2021-04-11,DOGE,1308.6267605633802
2021-04-12,DOGE,1245.3221830985915
2021-04-13,DOGE,1662.0070422535211
2021-04-14,DOGE,2137.9031690140846
2021-04-15,DOGE,3210.5616197183094
2021-04-16,DOGE,6433.8626760563375
2021-04-17,DOGE,4969.246478873239
2021-04-18,DOGE,5674.822183098591
2021-04-19,DOGE,7198.9964788732395
2021-04-20,DOGE,5586.6285211267605
2021-04-21,DOGE,5384.244718309859
2021-04-22,DOGE,4589.110915492957
2021-04-23,DOGE,4398.1602112676055
2021-04-24,DOGE,4753.521126760563
2021-04-25,DOGE,4429.401408450704
2021-04-26,DOGE,4781.866197183099
2021-04-27,DOGE,4794.366197183099
2021-04-28,DOGE,5688.556338028169
2021-04-29,DOGE,5366.021126760563
2021-04-30,DOGE,5941.197183098591
2021-05-01,DOGE,6881.514084507042
2021-05-02,DOGE,6583.978873239437
2021-05-03,DOGE,7771.478873239435
2021-05-04,DOGE,9481.338028169015
2021-05-05,DOGE,11514.084507042255
2021-05-06,DOGE,10229.929577464789
2021-05-07,DOGE,12144.718309859154
2021-05-08,DOGE,11216.197183098591
2021-05-09,DOGE,10046.302816901409
2021-05-10,DOGE,7935.56338028169
2021-05-11,DOGE,8684.154929577464
2021-05-12,DOGE,6894.366197183099
2021-05-13,DOGE,8617.077464788732
2021-05-14,DOGE,9854.049295774648
2021-05-15,DOGE,8953.345070422534
2021-05-16,DOGE,9044.014084507044
2021-05-17,DOGE,8582.746478873238
2021-05-18,DOGE,8375.704225352112
2021-05-19,DOGE,5800.1760563380285
2021-05-20,DOGE,6999.647887323944
2021-05-21,DOGE,6298.943661971831
2021-05-22,DOGE,6020.950704225352
2021-05-23,DOGE,5393.133802816901
2021-05-24,DOGE,6441.725352112675
2021-05-25,DOGE,6091.197183098591
2021-05-26,DOGE,6211.971830985915
2021-05-27,DOGE,5880.80985915493
2021-05-28,DOGE,5479.401408450704
2021-05-29,DOGE,5330.985915492957
2021-05-30,DOGE,5313.204225352113
2021-05-31,DOGE,5731.866197183099
2021-06-01,DOGE,6515.140845070422
2021-06-02,DOGE,7453.873239436619
2021-06-03,DOGE,7055.985915492958
2021-06-04,DOGE,6624.647887323944
2021-06-05,DOGE,6536.971830985915
2021-06-06,DOGE,6539.260563380281
2021-06-07,DOGE,5835.56338028169
2021-06-08,DOGE,5736.971830985915
2021-06-09,DOGE,6041.901408450704
2021-06-10,DOGE,5740.492957746479
2021-06-11,DOGE,5610.915492957745
2021-06-12,DOGE,5495.774647887324
2021-06-13,DOGE,5703.169014084508
2021-06-14,DOGE,5768.838028169014
2021-06-15,DOGE,5638.732394366197
2021-06-16,DOGE,5418.133802816901
2021-06-17,DOGE,5390.669014084508
2021-06-18,DOGE,5163.38028169014
2021-06-19,DOGE,5029.401408450704
2021-06-20,DOGE,4939.084507042254
2021-06-21,DOGE,3146.654929577465
2021-06-22,DOGE,3357.746478873239
2021-06-23,DOGE,4131.69014084507
2021-06-24,DOGE,4643.838028169014
2021-06-25,DOGE,4180.457746478873
2021-06-26,DOGE,4327.992957746478
2021-06-27,DOGE,4656.69014084507
2021-06-28,DOGE,4525.880281690141
2021-06-29,DOGE,4638.908450704225
2021-06-30,DOGE,4470.2464788732395
2021-07-01,DOGE,4292.429577464789
2021-07-02,DOGE,4314.260563380281
2021-07-03,DOGE,4337.323943661972
2021-07-04,DOGE,4338.556338028169
2021-07-05,DOGE,4068.6619718309857
2021-07-06,DOGE,4122.711267605634
2021-07-07,DOGE,3941.1971830985913
2021-07-08,DOGE,3642.605633802817
2021-07-09,DOGE,3866.725352112676
2021-07-10,DOGE,3763.2042253521126
2021-07-11,DOGE,3802.2887323943655
2021-07-12,DOGE,3657.570422535211
2021-07-13,DOGE,3520.598591549296
2021-07-14,DOGE,3479.049295774648
2021-07-15,DOGE,3263.0281690140846
2021-07-16,DOGE,3028.5211267605637
2021-07-17,DOGE,3298.2394366197186
2021-07-18,DOGE,3196.654929577465
2021-07-19,DOGE,3056.6901408450703
2021-07-20,DOGE,3001.2323943661972
2021-07-21,DOGE,3353.1690140845067
2021-07-22,DOGE,3366.725352112676
2021-07-23,DOGE,3431.1619718309857
2021-07-24,DOGE,3466.1971830985913
2021-07-25,DOGE,3484.683098591549
2021-07-26,DOGE,3584.8591549295775
2021-07-27,DOGE,3624.1197183098593
2021-07-28,DOGE,3622.1830985915494
2021-07-29,DOGE,3609.507042253521
2021-07-30,DOGE,3674.823943661972
2021-07-31,DOGE,3655.8098591549297
2021-08-01,DOGE,3595.774647887324
2021-08-02,DOGE,3578.6971830985913
2021-08-03,DOGE,3455.281690140845
2021-08-04,DOGE,3548.0633802816897
2021-08-05,DOGE,3537.852112676056
2021-08-06,DOGE,3605.9859154929577
2021-08-07,DOGE,4610.739436619719
2021-08-08,DOGE,4224.647887323944
2021-08-09,DOGE,4508.62676056338
2021-08-10,DOGE,4530.281690140845
2021-08-11,DOGE,4655.80985915493
2021-08-12,DOGE,4648.06338028169
2021-08-13,DOGE,5047.007042253521
2021-08-14,DOGE,5176.408450704225
2021-08-15,DOGE,5983.098591549296
2021-08-16,DOGE,5626.056338028169
2021-08-17,DOGE,5269.8943661971825
2021-08-18,DOGE,5338.028169014085
2021-08-19,DOGE,5594.718309859155
2021-08-20,DOGE,5762.852112676056
2021-08-21,DOGE,5574.295774647887
2021-08-22,DOGE,5539.9647887323945
2021-08-23,DOGE,5595.598591549296
2021-08-24,DOGE,5081.69014084507
2021-08-25,DOGE,5150.528169014084
2021-08-26,DOGE,4725.352112676057
2021-08-27,DOGE,5183.098591549296
2021-08-28,DOGE,5035.211267605633
2021-08-29,DOGE,4945.422535211267
2021-08-30,DOGE,4788.732394366198
2021-08-31,DOGE,4896.126760563381
2021-09-01,DOGE,5181.338028169014
2021-09-02,DOGE,5188.380281690141
2021-09-03,DOGE,5213.028169014084
2021-09-04,DOGE,5267.605633802817
2021-09-05,DOGE,5533.450704225353
2021-09-06,DOGE,5440.140845070422
2021-09-07,DOGE,4492.957746478873
2021-09-08,DOGE,4519.366197183099
2021-09-09,DOGE,4445.422535211267
2021-09-10,DOGE,4220.070422535211
2021-09-11,DOGE,4242.957746478873
2021-09-12,DOGE,4404.929577464788
2021-09-13,DOGE,4151.408450704225
2021-09-14,DOGE,4235.915492957746
2021-09-15,DOGE,4359.154929577464
2021-09-16,DOGE,4257.042253521126
2021-09-17,DOGE,4227.112676056338
2021-09-18,DOGE,4248.239436619718
2021-09-19,DOGE,4103.87323943662
2021-09-20,DOGE,3672.5352112676055
2021-09-21,DOGE,3536.9718309859154
2021-09-22,DOGE,3952.4647887323945
2021-09-23,DOGE,3954.225352112676
2021-09-24,DOGE,3681.3380281690143
2021-09-25,DOGE,3667.253521126761
2021-09-26,DOGE,3609.154929577465
2021-09-27,DOGE,3515.845070422535
2021-09-28,DOGE,3459.507042253521
2021-09-29,DOGE,3498.2394366197177
2021-09-30,DOGE,3595.070422535211
2021-10-01,DOGE,3919.014084507042
2021-10-02,DOGE,3846.830985915493
2021-10-03,DOGE,3904.929577464789
2021-10-04,DOGE,4250.0
2021-10-05,DOGE,4429.577464788732
2021-10-06,DOGE,4473.591549295775
2021-10-07,DOGE,4274.647887323943
2021-10-08,DOGE,4297.5352112676055
2021-10-09,DOGE,4343.30985915493
2021-10-10,DOGE,4028.169014084507
2021-10-11,DOGE,4070.422535211267
2021-10-12,DOGE,3980.6338028169007
2021-10-13,DOGE,4095.070422535211
2021-10-14,DOGE,4093.3098591549297
2021-10-15,DOGE,4119.718309859155
2021-10-16,DOGE,4176.056338028169
2021-10-17,DOGE,4186.619718309859
2021-10-18,DOGE,4355.633802816901
2021-10-19,DOGE,4320.422535211268
2021-10-20,DOGE,4485.915492957747
2021-10-21,DOGE,4267.605633802817
2021-10-22,DOGE,4306.338028169014
2021-10-23,DOGE,4420.774647887324
2021-10-24,DOGE,4852.112676056338
2021-10-25,DOGE,4667.2535211267605
2021-10-26,DOGE,4505.281690140846
2021-10-27,DOGE,4188.380281690141
2021-10-28,DOGE,5276.408450704225
2021-10-29,DOGE,5073.943661971831
2021-10-30,DOGE,4735.915492957746
2021-10-31,DOGE,4929.577464788733
2021-11-01,DOGE,4781.69014084507
2021-11-02,DOGE,4822.1830985915485
2021-11-03,DOGE,4734.154929577464
2021-11-04,DOGE,4630.281690140845
2021-11-05,DOGE,4593.30985915493
2021-11-06,DOGE,4609.154929577464
2021-11-07,DOGE,4690.140845070423
2021-11-08,DOGE,4963.028169014084
2021-11-09,DOGE,4816.901408450704
2021-11-10,DOGE,4494.718309859155
2021-11-11,DOGE,4586.267605633803
2021-11-12,DOGE,4565.140845070422
2021-11-13,DOGE,4600.352112676056
2021-11-14,DOGE,4626.7605633802805
2021-11-15,DOGE,4517.605633802817
2021-11-16,DOGE,4163.732394366197
2021-11-17,DOGE,4179.577464788732
2021-11-18,DOGE,3887.323943661972
2021-11-19,DOGE,4100.352112676056
2021-11-20,DOGE,4102.112676056338
2021-11-21,DOGE,3970.070422535211
2021-11-22,DOGE,3864.4366197183094
2021-11-23,DOGE,3989.4366197183094
2021-11-24,DOGE,3820.422535211267
2021-11-25,DOGE,3889.084507042254
2021-11-26,DOGE,3549.2957746478874
2021-11-27,DOGE,3607.394366197183
2021-11-28,DOGE,3649.647887323944
2021-11-29,DOGE,3785.2112676056336
2021-11-30,DOGE,3779.929577464789
2021-12-01,DOGE,3684.8591549295775
2021-12-02,DOGE,3688.3802816901407
2021-12-03,DOGE,3519.3661971830984
2021-12-04,DOGE,3135.5633802816906
2021-12-05,DOGE,3014.0845070422533
2021-12-06,DOGE,3126.7605633802814
2021-12-07,DOGE,3102.112676056338
2021-12-08,DOGE,3151.4084507042253
2021-12-09,DOGE,2977.112676056338
2021-12-10,DOGE,2889.0845070422533
2021-12-11,DOGE,2973.5915492957743
2021-12-12,DOGE,2987.676056338028
2021-12-13,DOGE,2769.3661971830984
2021-12-14,DOGE,3360.915492957746
2021-12-15,DOGE,3183.0985915492956
2021-12-16,DOGE,3049.2957746478874
2021-12-17,DOGE,2966.549295774648
2021-12-18,DOGE,3033.450704225352
2021-12-19,DOGE,2982.394366197183
2021-12-20,DOGE,2941.901408450704
2021-12-21,DOGE,3005.281690140845
2021-12-22,DOGE,3045.7746478873237
2021-12-23,DOGE,3257.0422535211264
2021-12-24,DOGE,3278.169014084507
2021-12-25,DOGE,3359.154929577465
2021-12-26,DOGE,3341.549295774648
2021-12-27,DOGE,3308.098591549296
2021-12-28,DOGE,3061.6197183098593
2021-12-29,DOGE,2957.7464788732395
2021-12-30,DOGE,3012.3239436619715
2021-12-31,DOGE,2998.2394366197186
2022-01-01,DOGE,3049.2957746478874
2022-01-02,DOGE,3072.183098591549
2022-01-03,DOGE,2998.2394366197186
2022-01-04,DOGE,2964.788732394366
2022-01-05,DOGE,2799.2957746478874
2022-01-06,DOGE,2815.140845070422
2022-01-07,DOGE,2728.8732394366198
2022-01-08,DOGE,2656.6901408450703
2022-01-09,DOGE,2649.6478873239435
2022-01-10,DOGE,2519.366197183099
2022-01-11,DOGE,2707.746478873239
2022-01-12,DOGE,2866.1971830985917
2022-01-13,DOGE,3022.8873239436616
2022-01-14,DOGE,3225.352112676056
2022-01-15,DOGE,3248.2394366197186
2022-01-16,DOGE,3109.154929577465
2022-01-17,DOGE,3007.042253521127
2022-01-18,DOGE,2906.6901408450703
2022-01-19,DOGE,2843.3098591549297
2022-01-20,DOGE,2734.1549295774644
2022-01-21,DOGE,2498.2394366197186
2022-01-22,DOGE,2345.0704225352115
2022-01-23,DOGE,2496.478873239437
2022-01-24,DOGE,2417.2535211267605
2022-01-25,DOGE,2512.3239436619715
2022-01-26,DOGE,2519.366197183099
2022-01-27,DOGE,2489.4366197183094
2022-01-28,DOGE,2489.4366197183094
2022-01-29,DOGE,2517.6056338028166
2022-01-30,DOGE,2448.943661971831
2022-01-31,DOGE,2491.1971830985913
2022-02-01,DOGE,2505.281690140845
2022-02-02,DOGE,2411.9718309859154
2022-02-03,DOGE,2427.8169014084506
2022-02-04,DOGE,2602.1126760563375
2022-02-05,DOGE,2586.2676056338028
2022-02-06,DOGE,2709.5070422535214
2022-02-07,DOGE,2910.2112676056336
2022-02-08,DOGE,2783.450704225352
2022-02-09,DOGE,2806.338028169014
2022-02-10,DOGE,2665.4929577464786
2022-02-11,DOGE,2545.774647887324
2022-02-12,DOGE,2542.2535211267605
2022-02-13,DOGE,2605.633802816901
2022-02-14,DOGE,2565.1408450704225
2022-02-15,DOGE,2670.774647887324
2022-02-16,DOGE,2617.957746478873
2022-02-17,DOGE,2434.8591549295775
2022-02-18,DOGE,2440.1408450704225
2022-02-19,DOGE,2480.633802816901
2022-02-20,DOGE,2404.929577464789
2022-02-21,DOGE,2257.042253521127
2022-02-22,DOGE,2311.6197183098593
2022-02-23,DOGE,2241.1971830985917
2022-02-24,DOGE,2184.8591549295775
2022-02-25,DOGE,2246.4788732394363
2022-02-26,DOGE,2246.4788732394363
2022-02-27,DOGE,2163.7323943661972
2022-02-28,DOGE,2350.3521126760565
2022-03-01,DOGE,2359.154929577465
2022-03-02,DOGE,2341.549295774648
2022-03-03,DOGE,2283.450704225352
2022-03-04,DOGE,2158.450704225352
2022-03-05,DOGE,2200.7042253521126
2022-03-06,DOGE,2125.0
2022-03-07,DOGE,2054.5774647887324
2022-03-08,DOGE,2059.8591549295775
2022-03-09,DOGE,2139.0845070422533
2022-03-10,DOGE,2058.0985915492956
2022-03-11,DOGE,2033.450704225352
2022-03-12,DOGE,2019.3661971830984
2022-03-13,DOGE,1961.2676056338028
2022-03-14,DOGE,2005.2816901408453
2022-03-15,DOGE,1982.3943661971832
2022-03-16,DOGE,2061.6197183098593
2022-03-17,DOGE,2047.5352112676055
2022-03-18,DOGE,2096.830985915493
2022-03-19,DOGE,2176.0563380281687
2022-03-20,DOGE,2096.830985915493
2022-03-21,DOGE,2098.5915492957743
2022-03-22,DOGE,2154.9295774647885
2022-03-23,DOGE,2285.2112676056336
2022-03-24,DOGE,2408.450704225352
2022-03-25,DOGE,2302.8169014084506
2022-03-26,DOGE,2394.366197183099
2022-03-27,DOGE,2549.2957746478874
2022-03-28,DOGE,2508.802816901408
2022-03-29,DOGE,2542.2535211267605
2022-03-30,DOGE,2521.1267605633802
2022-03-31,DOGE,2431.338028169014
2022-04-01,DOGE,2487.6760563380285
2022-04-02,DOGE,2441.901408450704
2022-04-03,DOGE,2580.985915492958
2022-04-04,DOGE,2614.4366197183094
2022-04-05,DOGE,3040.4929577464786
2022-04-06,DOGE,2522.887323943662
2022-04-07,DOGE,2568.661971830986
2022-04-08,DOGE,2507.042253521127
2022-04-09,DOGE,2538.7323943661972
2022-04-10,DOGE,2609.154929577465
2022-04-11,DOGE,2360.915492957746
2022-04-12,DOGE,2429.5774647887324
2022-04-13,DOGE,2463.0281690140846
2022-04-14,DOGE,2536.9718309859154
2022-04-15,DOGE,2566.9014084507044
2022-04-16,DOGE,2526.4084507042253
2022-04-17,DOGE,2450.7042253521126
2022-04-18,DOGE,2468.309859154929
2022-04-19,DOGE,2508.802816901408
2022-04-20,DOGE,2477.1126760563375
2022-04-21,DOGE,2397.8873239436616
2022-04-22,DOGE,2399.6478873239435
2022-04-23,DOGE,2357.394366197183
2022-04-24,DOGE,2318.661971830986
2022-04-25,DOGE,2783.450704225352
2022-04-26,DOGE,2422.5352112676055
2022-04-27,DOGE,2464.7887323943664
2022-04-28,DOGE,2420.774647887324
2022-04-29,DOGE,2374.9999999999995
2022-04-30,DOGE,2242.9577464788736
2022-05-01,DOGE,2336.2676056338028
2022-05-02,DOGE,2302.8169014084506
2022-05-03,DOGE,2279.929577464789
2022-05-04,DOGE,2392.605633802817
2022-05-05,DOGE,2257.042253521127
2022-05-06,DOGE,2250.0
2022-05-07,DOGE,2244.718309859155
2022-05-08,DOGE,2184.8591549295775
2022-05-09,DOGE,1794.0140845070423
2022-05-10,DOGE,1901.4084507042253
2022-05-11,DOGE,1501.7605633802816
2022-05-12,DOGE,1454.225352112676
2022-05-13,DOGE,1551.056338028169
2022-05-14,DOGE,1573.9436619718308
2022-05-15,DOGE,1640.8450704225352
2022-05-16,DOGE,1549.2957746478871
2022-05-17,DOGE,1589.7887323943662
2022-05-18,DOGE,1466.5492957746478
2022-05-19,DOGE,1524.6478873239437
2022-05-20,DOGE,1478.8732394366198
2022-05-21,DOGE,1487.6760563380283
2022-05-22,DOGE,1512.3239436619717
2022-05-23,DOGE,1466.5492957746478
2022-05-24,DOGE,1473.5915492957747
2022-05-25,DOGE,1461.2676056338028
2022-05-26,DOGE,1371.4788732394366
2022-05-27,DOGE,1436.6197183098593
2022-05-28,DOGE,1440.1408450704225
2022-05-29,DOGE,1455.9859154929577
2022-05-30,DOGE,1549.2957746478871
2022-05-31,DOGE,1512.5
2022-06-01,DOGE,1426.9366197183099
2022-06-02,DOGE,1457.2183098591547
2022-06-03,DOGE,1413.556338028169
2022-06-04,DOGE,1441.3732394366195
2022-06-05,DOGE,1427.2887323943662
2022-06-06,DOGE,1452.4647887323945
2022-06-07,DOGE,1415.3169014084508
2022-06-08,DOGE,1395.5985915492956
2022-06-09,DOGE,1397.3591549295775
2022-06-10,DOGE,1327.2887323943662
2022-06-11,DOGE,1231.161971830986
2022-06-12,DOGE,1118.4859154929577
2022-06-13,DOGE,954.225352112676
2022-06-14,DOGE,977.9929577464789
2022-06-15,DOGE,1106.5140845070423
2022-06-16,DOGE,972.3591549295774
2022-06-17,DOGE,1001.5845070422536
2022-06-18,DOGE,931.3380281690141
2022-06-19,DOGE,1064.612676056338
2022-06-20,DOGE,1056.6901408450703
2022-06-21,DOGE,1158.6267605633802
2022-06-22,DOGE,1086.2676056338028
2022-06-23,DOGE,1126.4084507042253
2022-06-24,DOGE,1178.5211267605634
2022-06-25,DOGE,1206.338028169014
2022-06-26,DOGE,1284.507042253521
2022-06-27,DOGE,1270.4225352112676
2022-06-28,DOGE,1163.7323943661972
2022-06-29,DOGE,1224.6478873239437
2022-06-30,DOGE,1169.7183098591547
2022-07-01,DOGE,1169.7183098591547
2022-07-02,DOGE,1173.7676056338025
2022-07-03,DOGE,1183.274647887324
2022-07-04,DOGE,1221.4788732394366
2022-07-05,DOGE,1182.394366197183
2022-07-06,DOGE,1204.9295774647887
2022-07-07,DOGE,1242.0774647887324
2022-07-08,DOGE,1215.8450704225352
2022-07-09,DOGE,1223.0633802816901
2022-07-10,DOGE,1184.5070422535211
2022-07-11,DOGE,1087.1478873239437
2022-07-12,DOGE,1053.169014084507
2022-07-13,DOGE,1090.4929577464789
2022-07-14,DOGE,1099.6478873239437
2022-07-15,DOGE,1108.0985915492956
2022-07-16,DOGE,1133.6267605633805
2022-07-17,DOGE,1110.2112676056338
2022-07-18,DOGE,1189.4366197183099
2022-07-19,DOGE,1214.9647887323945
2022-07-20,DOGE,1234.8591549295775
2022-07-21,DOGE,1232.042253521127
2022-07-22,DOGE,1187.1478873239437
2022-07-23,DOGE,1197.887323943662
2022-07-24,DOGE,1189.2605633802816
2022-07-25,DOGE,1090.3169014084506
2022-07-26,DOGE,1100.7042253521129
2022-07-27,DOGE,1183.274647887324
2022-07-28,DOGE,1216.3732394366195
2022-07-29,DOGE,1210.7394366197182
2022-07-30,DOGE,1226.2323943661972
2022-07-31,DOGE,1198.4154929577467
2022-08-01,DOGE,1205.1056338028168
2022-08-02,DOGE,1171.1267605633802
2022-08-03,DOGE,1165.6690140845071
2022-08-04,DOGE,1183.9788732394366
2022-08-05,DOGE,1229.0492957746478
2022-08-06,DOGE,1208.274647887324
2022-08-07,DOGE,1214.2605633802818
2022-08-08,DOGE,1234.330985915493
2022-08-09,DOGE,1215.492957746479
2022-08-10,DOGE,1254.5774647887324
2022-08-11,DOGE,1247.1830985915492
2022-08-12,DOGE,1272.887323943662
2022-08-13,DOGE,1283.9788732394363
2022-08-14,DOGE,1438.0281690140846
2022-08-15,DOGE,1348.9436619718308
2022-08-16,DOGE,1527.6408450704225
2022-08-17,DOGE,1412.1478873239437
2022-08-18,DOGE,1315.8450704225352
2022-08-19,DOGE,1192.957746478873
2022-08-20,DOGE,1220.5985915492959
2022-08-21,DOGE,1220.4225352112676
2022-08-22,DOGE,1204.225352112676
2022-08-23,DOGE,1211.9718309859154
2022-08-24,DOGE,1195.5985915492959
2022-08-25,DOGE,1214.4366197183099
2022-08-26,DOGE,1118.1338028169014
2022-08-27,DOGE,1118.1338028169014
2022-08-28,DOGE,1087.6760563380283
2022-08-29,DOGE,1123.9436619718308
2022-08-30,DOGE,1083.450704225352
2022-08-31,DOGE,1080.105633802817
2022-09-01,DOGE,1098.4154929577464
2022-09-02,DOGE,1085.387323943662
2022-09-03,DOGE,1104.0492957746478
2022-09-04,DOGE,1113.2042253521126
2022-09-05,DOGE,1104.7535211267607
2022-09-06,DOGE,1036.7957746478871
2022-09-07,DOGE,1073.4154929577467
2022-09-08,DOGE,1073.2394366197182
2022-09-09,DOGE,1124.1197183098593
2022-09-10,DOGE,1138.3802816901407
2022-09-11,DOGE,1121.3028169014085
2022-09-12,DOGE,1125.5281690140844
2022-09-13,DOGE,1050.0
2022-09-14,DOGE,1076.5845070422536
2022-09-15,DOGE,1031.6901408450703
2022-09-16,DOGE,1064.4366197183099
2022-09-17,DOGE,1095.0704225352113
2022-09-18,DOGE,1011.0915492957746
2022-09-19,DOGE,1030.457746478873
2022-09-20,DOGE,1027.9929577464789
2022-09-21,DOGE,1006.1619718309859
2022-09-22,DOGE,1048.943661971831
2022-09-23,DOGE,1115.669014084507
2022-09-24,DOGE,1110.9154929577467
2022-09-25,DOGE,1076.9366197183099
2022-09-26,DOGE,1076.232394366197
2022-09-27,DOGE,1064.7887323943662
2022-09-28,DOGE,1065.3169014084506
2022-09-29,DOGE,1071.4788732394366
2022-09-30,DOGE,1085.7394366197184
2022-10-01,DOGE,1066.725352112676
2022-10-02,DOGE,1043.4859154929577
2022-10-03,DOGE,1062.3239436619717
2022-10-04,DOGE,1159.1549295774646
2022-10-05,DOGE,1140.492957746479
2022-10-06,DOGE,1117.0774647887324
2022-10-07,DOGE,1097.7112676056338
2022-10-08,DOGE,1085.387323943662
2022-10-09,DOGE,1093.661971830986
2022-10-10,DOGE,1045.4225352112676
2022-10-11,DOGE,1060.7394366197182
2022-10-12,DOGE,1052.9929577464789
2022-10-13,DOGE,1050.1760563380283
2022-10-14,DOGE,1032.7464788732393
2022-10-15,DOGE,1031.1619718309857
2022-10-16,DOGE,1037.1478873239437
2022-10-17,DOGE,1055.9859154929577
2022-10-18,DOGE,1052.112676056338
2022-10-19,DOGE,1033.0985915492959
2022-10-20,DOGE,1046.1267605633802
2022-10-21,DOGE,1044.542253521127
2022-10-22,DOGE,1050.7042253521126
2022-10-23,DOGE,1063.0281690140846
2022-10-24,DOGE,1046.6549295774648
2022-10-25,DOGE,1110.0352112676055
2022-10-26,DOGE,1279.049295774648
2022-10-27,DOGE,1353.6971830985915
2022-10-28,DOGE,1476.5845070422533
2022-10-29,DOGE,2143.6619718309857
2022-10-30,DOGE,2072.7112676056336
2022-10-31,DOGE,2233.450704225352
2022-11-01,DOGE,2501.9366197183094
2022-11-02,DOGE,2247.3591549295775
2022-11-03,DOGE,2158.8028169014083
2022-11-04,DOGE,2220.5985915492956
2022-11-05,DOGE,2191.0211267605637
2022-11-06,DOGE,2020.5985915492956
2022-11-07,DOGE,1958.2746478873237
2022-11-08,DOGE,1554.0492957746478
2022-11-09,DOGE,1311.619718309859
2022-11-10,DOGE,1580.6338028169014
2022-11-11,DOGE,1498.0633802816901
2022-11-12,DOGE,1551.9366197183099
2022-11-13,DOGE,1495.5985915492956
2022-11-14,DOGE,1513.2042253521126
2022-11-15,DOGE,1532.7464788732393
2022-11-16,DOGE,1504.9295774647885
2022-11-17,DOGE,1490.669014084507
2022-11-18,DOGE,1491.901408450704
2022-11-19,DOGE,1488.556338028169
2022-11-20,DOGE,1356.1619718309857
2022-11-21,DOGE,1314.4366197183099
2022-11-22,DOGE,1386.619718309859
2022-11-23,DOGE,1443.1338028169014
2022-11-24,DOGE,1434.1549295774648
2022-11-25,DOGE,1575.7042253521126
2022-11-26,DOGE,1565.669014084507
2022-11-27,DOGE,1737.323943661972
2022-11-28,DOGE,1674.823943661972
2022-11-29,DOGE,1786.2676056338028
2022-11-30,DOGE,1879.7535211267605
2022-12-01,DOGE,1791.3732394366195
2022-12-02,DOGE,1797.5352112676055
2022-12-03,DOGE,1755.2816901408448
2022-12-04,DOGE,1832.042253521127
2022-12-05,DOGE,1786.7957746478871
2022-12-06,DOGE,1763.9084507042253
2022-12-07,DOGE,1685.7394366197184
2022-12-08,DOGE,1733.6267605633805
2022-12-09,DOGE,1702.4647887323945
2022-12-10,DOGE,1695.774647887324
2022-12-11,DOGE,1631.338028169014
2022-12-12,DOGE,1589.612676056338
2022-12-13,DOGE,1602.9929577464789
2022-12-14,DOGE,1553.5211267605634
2022-12-15,DOGE,1493.838028169014
2022-12-16,DOGE,1332.570422535211
2022-12-17,DOGE,1394.1901408450703
2022-12-18,DOGE,1381.5140845070423
2022-12-19,DOGE,1255.8098591549297
2022-12-20,DOGE,1317.4295774647885
2022-12-21,DOGE,1298.2394366197182
2022-12-22,DOGE,1352.9929577464789
2022-12-23,DOGE,1359.330985915493
2022-12-24,DOGE,1364.7887323943662
2022-12-25,DOGE,1337.6760563380283
2022-12-26,DOGE,1332.394366197183
2022-12-27,DOGE,1297.8873239436618
2022-12-28,DOGE,1239.4366197183099
2022-12-29,DOGE,1248.943661971831
2022-12-30,DOGE,1204.225352112676
2022-12-31,DOGE,1236.7957746478874
2023-01-01,DOGE,1236.619718309859
2023-01-02,DOGE,1257.042253521127
2023-01-03,DOGE,1241.0211267605632
2023-01-04,DOGE,1287.1478873239437
2023-01-05,DOGE,1259.1549295774648
2023-01-06,DOGE,1274.8239436619717
2023-01-07,DOGE,1270.9507042253522
2023-01-08,DOGE,1296.3028169014085
2023-01-09,DOGE,1332.042253521127
2023-01-10,DOGE,1370.0704225352113
2023-01-11,DOGE,1375.7042253521126
2023-01-12,DOGE,1412.8521126760563
2023-01-13,DOGE,1487.6760563380283
2023-01-14,DOGE,1536.7957746478874
2023-01-15,DOGE,1515.492957746479
2023-01-16,DOGE,1473.2394366197184
2023-01-17,DOGE,1458.6267605633802
2023-01-18,DOGE,1408.4507042253522
2023-01-19,DOGE,1436.7957746478874
2023-01-20,DOGE,1517.0774647887322
2023-01-21,DOGE,1490.669014084507
2023-01-22,DOGE,1553.5211267605634
2023-01-23,DOGE,1558.274647887324
2023-01-24,DOGE,1477.4647887323943
2023-01-25,DOGE,1523.5915492957747
2023-01-26,DOGE,1519.8943661971832
2023-01-27,DOGE,1535.7394366197184
2023-01-28,DOGE,1544.542253521127
2023-01-29,DOGE,1586.0915492957747
2023-01-30,DOGE,1555.8098591549297
2023-01-31,DOGE,1692.2535211267605
2023-02-01,DOGE,1655.457746478873
2023-02-02,DOGE,1601.9366197183099
2023-02-03,DOGE,1636.0915492957745
2023-02-04,DOGE,1684.330985915493
2023-02-05,DOGE,1620.2464788732395
2023-02-06,DOGE,1576.5845070422536
2023-02-07,DOGE,1629.049295774648
2023-02-08,DOGE,1587.676056338028
2023-02-09,DOGE,1433.8028169014085
2023-02-10,DOGE,1424.1197183098593
2023-02-11,DOGE,1448.0633802816901
2023-02-12,DOGE,1446.3028169014085
2023-02-13,DOGE,1445.2464788732393
2023-02-14,DOGE,1471.8309859154929
2023-02-15,DOGE,1571.8309859154929
2023-02-16,DOGE,1494.5422535211267
2023-02-17,DOGE,1544.1901408450703
2023-02-18,DOGE,1563.732394366197
2023-02-19,DOGE,1531.161971830986
2023-02-20,DOGE,1554.401408450704
2023-02-21,DOGE,1504.5774647887322
2023-02-22,DOGE,1505.2816901408453
2023-02-23,DOGE,1483.274647887324
2023-02-24,DOGE,1424.6478873239437
2023-02-25,DOGE,1421.6549295774648
2023-02-26,DOGE,1446.4788732394366
2023-02-27,DOGE,1432.394366197183
2023-02-28,DOGE,1423.4154929577467
2023-03-01,DOGE,1442.4295774647887
2023-03-02,DOGE,1418.3098591549297
2023-03-03,DOGE,1352.8169014084508
2023-03-04,DOGE,1313.7323943661972
2023-03-05,DOGE,1315.8450704225352
2023-03-06,DOGE,1316.725352112676
2023-03-07,DOGE,1304.0492957746478
2023-03-08,DOGE,1252.112676056338
2023-03-09,DOGE,1161.0915492957747
2023-03-10,DOGE,1157.042253521127
2023-03-11,DOGE,1162.6760563380283
2023-03-12,DOGE,1241.3732394366198
2023-03-13,DOGE,1281.514084507042
2023-03-14,DOGE,1312.6760563380283
2023-03-15,DOGE,1225.8802816901407
2023-03-16,DOGE,1277.4647887323945
2023-03-17,DOGE,1345.4225352112676
2023-03-18,DOGE,1284.330985915493
2023-03-19,DOGE,1311.619718309859
2023-03-20,DOGE,1256.5140845070423
2023-03-21,DOGE,1348.5915492957747
2023-03-22,DOGE,1300.1760563380283
2023-03-23,DOGE,1361.9718309859154
2023-03-24,DOGE,1312.1478873239437
2023-03-25,DOGE,1303.169014084507
2023-03-26,DOGE,1309.1549295774646
2023-03-27,DOGE,1282.9225352112676
2023-03-28,DOGE,1299.4718309859154
2023-03-29,DOGE,1330.457746478873
2023-03-30,DOGE,1306.6901408450701
2023-03-31,DOGE,1354.7535211267607
2023-04-01,DOGE,1440.3169014084506
2023-04-02,DOGE,1391.3732394366198
2023-04-03,DOGE,1690.1408450704225
2023-04-04,DOGE,1674.6478873239437
2023-04-05,DOGE,1631.5140845070423
2023-04-06,DOGE,1503.6971830985915
2023-04-07,DOGE,1447.5352112676055
2023-04-08,DOGE,1432.0422535211267
2023-04-09,DOGE,1464.4366197183099
2023-04-10,DOGE,1491.725352112676
2023-04-11,DOGE,1480.281690140845
2023-04-12,DOGE,1469.3661971830986
2023-04-13,DOGE,1536.7957746478874
2023-04-14,DOGE,1560.9154929577464
2023-04-15,DOGE,1564.7887323943662
2023-04-16,DOGE,1592.0774647887322
2023-04-17,DOGE,1608.6267605633805
2023-04-18,DOGE,1656.8661971830984
2023-04-19,DOGE,1547.1830985915492
2023-04-20,DOGE,1476.9366197183099
2023-04-21,DOGE,1380.6338028169014
2023-04-22,DOGE,1413.3802816901407
2023-04-23,DOGE,1386.9718309859156
2023-04-24,DOGE,1386.0915492957745
2023-04-25,DOGE,1404.225352112676
2023-04-26,DOGE,1383.6267605633802
2023-04-27,DOGE,1410.9154929577464
2023-04-28,DOGE,1414.2605633802816
2023-04-29,DOGE,1436.0915492957747
2023-04-30,DOGE,1399.8239436619717
2023-05-01,DOGE,1387.6760563380283
2023-05-02,DOGE,1386.619718309859
2023-05-03,DOGE,1401.7605633802816
2023-05-04,DOGE,1379.9295774647887
2023-05-05,DOGE,1411.443661971831
2023-05-06,DOGE,1350.7042253521126
2023-05-07,DOGE,1347.1830985915494
2023-05-08,DOGE,1274.4718309859154
2023-05-09,DOGE,1286.9718309859154
2023-05-10,DOGE,1287.3239436619717
2023-05-11,DOGE,1266.3732394366195
2023-05-12,DOGE,1273.7676056338028
2023-05-13,DOGE,1261.7957746478871
2023-05-14,DOGE,1266.9014084507041
2023-05-15,DOGE,1266.0211267605634
2023-05-16,DOGE,1280.8098591549294
2023-05-17,DOGE,1317.4295774647885
2023-05-18,DOGE,1292.9577464788733
2023-05-19,DOGE,1294.0140845070423
2023-05-20,DOGE,1295.950704225352
2023-05-21,DOGE,1269.718309859155
2023-05-22,DOGE,1283.6267605633802
2023-05-23,DOGE,1283.274647887324
2023-05-24,DOGE,1243.6619718309857
2023-05-25,DOGE,1247.887323943662
2023-05-26,DOGE,1249.4718309859156
2023-05-27,DOGE,1277.2887323943662
2023-05-28,DOGE,1294.3661971830986
2023-05-29,DOGE,1287.5
2023-05-30,DOGE,1273.0633802816901
2023-05-31,DOGE,1261.443661971831
2023-06-01,DOGE,1257.394366197183
2023-06-02,DOGE,1277.4647887323945
2023-06-03,DOGE,1279.9295774647887
2023-06-04,DOGE,1276.2323943661972
2023-06-05,DOGE,1169.0140845070423
2023-06-06,DOGE,1236.7957746478874
2023-06-07,DOGE,1184.5070422535211
2023-06-08,DOGE,1196.4788732394368
2023-06-09,DOGE,1223.0633802816901
2023-06-10,DOGE,1087.1478873239437
2023-06-11,DOGE,1082.9225352112676
2023-06-12,DOGE,1081.5140845070423
2023-06-13,DOGE,1087.1478873239437
2023-06-14,DOGE,1063.0281690140846
2023-06-15,DOGE,1083.274647887324
2023-06-16,DOGE,1094.8943661971832
2023-06-17,DOGE,1095.0704225352113
2023-06-18,DOGE,1093.661971830986
2023-06-19,DOGE,1099.4718309859154
2023-06-20,DOGE,1111.443661971831
2023-06-21,DOGE,1155.1056338028168
2023-06-22,DOGE,1154.0492957746478
2023-06-23,DOGE,1201.2323943661972
2023-06-24,DOGE,1174.1197183098593
2023-06-25,DOGE,1174.6478873239437
2023-06-26,DOGE,1139.7887323943662
2023-06-27,DOGE,1154.2253521126759
2023-06-28,DOGE,1101.5845070422533
2023-06-29,DOGE,1116.549295774648
2023-06-30,DOGE,1170.0704225352115
2023-07-01,DOGE,1206.161971830986
2023-07-02,DOGE,1197.3591549295775
2023-07-03,DOGE,1205.1056338028168
2023-07-04,DOGE,1213.0281690140846
2023-07-05,DOGE,1179.7535211267607
2023-07-06,DOGE,1141.725352112676
2023-07-07,DOGE,1151.4084507042253
2023-07-08,DOGE,1157.2183098591547
2023-07-09,DOGE,1150.7042253521126
2023-07-10,DOGE,1148.4154929577464
2023-07-11,DOGE,1149.2957746478874
2023-07-12,DOGE,1144.8943661971832
2023-07-13,DOGE,1239.788732394366
2023-07-14,DOGE,1205.8098591549294
2023-07-15,DOGE,1267.0774647887324
2023-07-16,DOGE,1223.943661971831
2023-07-17,DOGE,1229.2253521126759
2023-07-18,DOGE,1208.8028169014085
2023-07-19,DOGE,1232.9225352112674
2023-07-20,DOGE,1243.3098591549297
2023-07-21,DOGE,1289.0845070422533
2023-07-22,DOGE,1240.6690140845071
2023-07-23,DOGE,1264.0845070422536
2023-07-24,DOGE,1306.338028169014
2023-07-25,DOGE,1441.0211267605634
2023-07-26,DOGE,1372.007042253521
2023-07-27,DOGE,1366.3732394366195
2023-07-28,DOGE,1358.6267605633802
2023-07-29,DOGE,1412.4999999999998
2023-07-30,DOGE,1373.5915492957747
2023-07-31,DOGE,1370.774647887324
2023-08-01,DOGE,1375.8802816901407
2023-08-02,DOGE,1306.6901408450701
2023-08-03,DOGE,1295.4225352112676
2023-08-04,DOGE,1293.4859154929577
2023-08-05,DOGE,1332.9225352112676
2023-08-06,DOGE,1307.5704225352113
2023-08-07,DOGE,1294.7183098591547
2023-08-08,DOGE,1319.7183098591547
2023-08-09,DOGE,1327.6408450704225
2023-08-10,DOGE,1335.9154929577464
2023-08-11,DOGE,1333.4507042253522
2023-08-12,DOGE,1350.3521126760563
2023-08-13,DOGE,1316.725352112676
2023-08-14,DOGE,1314.9647887323945
2023-08-15,DOGE,1248.767605633803
2023-08-16,DOGE,1182.5704225352113
2023-08-17,DOGE,1074.2957746478871
2023-08-18,DOGE,1113.732394366197
2023-08-19,DOGE,1123.0633802816901
2023-08-20,DOGE,1123.9436619718308
2023-08-21,DOGE,1100.7042253521129
2023-08-22,DOGE,1101.9366197183099
2023-08-23,DOGE,1123.0633802816901
2023-08-24,DOGE,1110.5633802816901
2023-08-25,DOGE,1111.2676056338025
2023-08-26,DOGE,1107.218309859155
2023-08-27,DOGE,1112.3239436619717
2023-08-28,DOGE,1117.0774647887324
2023-08-29,DOGE,1169.0140845070423
2023-08-30,DOGE,1159.8591549295775
2023-08-31,DOGE,1122.5352112676055
2023-09-01,DOGE,1124.6478873239437
2023-09-02,DOGE,1117.6056338028168
2023-09-03,DOGE,1112.1478873239437
2023-09-04,DOGE,1113.732394366197
2023-09-05,DOGE,1127.112676056338
2023-09-06,DOGE,1120.5985915492959
2023-09-07,DOGE,1120.5985915492959
2023-09-08,DOGE,1121.6549295774648
2023-09-09,DOGE,1116.0211267605634
2023-09-10,DOGE,1079.225352112676
2023-09-11,DOGE,1064.9647887323945
2023-09-12,DOGE,1072.1830985915494
2023-09-13,DOGE,1078.5211267605634
2023-09-14,DOGE,1092.957746478873
2023-09-15,DOGE,1100.3521126760563
2023-09-16,DOGE,1094.0140845070423
2023-09-17,DOGE,1082.2183098591547
2023-09-18,DOGE,1091.1971830985915
2023-09-19,DOGE,1103.5211267605634
2023-09-20,DOGE,1102.4647887323943
2023-09-21,DOGE,1079.4014084507041
2023-09-22,DOGE,1083.0985915492959
2023-09-23,DOGE,1083.0985915492959
2023-09-24,DOGE,1068.4859154929577
2023-09-25,DOGE,1072.887323943662
2023-09-26,DOGE,1067.2535211267607
2023-09-27,DOGE,1065.669014084507
2023-09-28,DOGE,1082.7464788732393
2023-09-29,DOGE,1093.838028169014
2023-09-30,DOGE,1092.781690140845
2023-10-01,DOGE,1112.4999999999998
2023-10-02,DOGE,1091.5492957746478
2023-10-03,DOGE,1080.457746478873
2023-10-04,DOGE,1082.2183098591547
2023-10-05,DOGE,1071.4788732394366
2023-10-06,DOGE,1080.457746478873
2023-10-07,DOGE,1081.5140845070423
2023-10-08,DOGE,1073.2394366197182
2023-10-09,DOGE,1033.9788732394366
2023-10-10,DOGE,1041.0211267605634
2023-10-11,DOGE,1030.1056338028168
2023-10-12,DOGE,1019.0140845070422
2023-10-13,DOGE,1027.9929577464789
2023-10-14,DOGE,1053.5211267605632
2023-10-15,DOGE,1044.1901408450703
2023-10-16,DOGE,1056.338028169014
2023-10-17,DOGE,1039.4366197183099
2023-10-18,DOGE,1031.338028169014
2023-10-19,DOGE,1036.443661971831
2023-10-20,DOGE,1054.5774647887324
2023-10-21,DOGE,1077.2887323943662
2023-10-22,DOGE,1086.2676056338028
2023-10-23,DOGE,1186.9718309859154
2023-10-24,DOGE,1172.5352112676057
2023-10-25,DOGE,1202.8169014084508
2023-10-26,DOGE,1264.9647887323943
2023-10-27,DOGE,1192.957746478873
2023-10-28,DOGE,1214.7887323943662
2023-10-29,DOGE,1220.950704225352
2023-10-30,DOGE,1225.1760563380283
2023-10-31,DOGE,1201.9366197183099
2023-11-01,DOGE,1213.7323943661972
2023-11-02,DOGE,1195.4225352112676
2023-11-03,DOGE,1198.4154929577467
2023-11-04,DOGE,1216.1971830985915
2023-11-05,DOGE,1251.4084507042253
2023-11-06,DOGE,1344.5422535211267
2023-11-07,DOGE,1291.9014084507041
2023-11-08,DOGE,1326.4084507042253
2023-11-09,DOGE,1295.2464788732393
2023-11-10,DOGE,1327.2887323943662
2023-11-11,DOGE,1381.8661971830986
2023-11-12,DOGE,1372.3591549295775
2023-11-13,DOGE,1312.6760563380283
2023-11-14,DOGE,1275.3521126760563
2023-11-15,DOGE,1342.0774647887324
2023-11-16,DOGE,1399.119718309859
2023-11-17,DOGE,1521.3028169014085
2023-11-18,DOGE,1413.3802816901407
2023-11-19,DOGE,1416.549295774648
2023-11-20,DOGE,1367.6056338028168
2023-11-21,DOGE,1263.3802816901407
2023-11-22,DOGE,1333.6267605633802
2023-11-23,DOGE,1341.549295774648
2023-11-24,DOGE,1376.4084507042253
2023-11-25,DOGE,1389.788732394366
2023-11-26,DOGE,1385.2112676056338
2023-11-27,DOGE,1388.0281690140844
2023-11-28,DOGE,1423.0633802816901
2023-11-29,DOGE,1416.725352112676
2023-11-30,DOGE,1468.8380281690143
2023-12-01,DOGE,1476.232394366197
2023-12-02,DOGE,1517.0774647887322
2023-12-03,DOGE,1508.9788732394363
2023-12-04,DOGE,1617.6056338028168
2023-12-05,DOGE,1661.0915492957747
2023-12-06,DOGE,1671.3028169014085
2023-12-07,DOGE,1688.9084507042253
2023-12-08,DOGE,1789.4366197183097
2023-12-09,DOGE,1733.450704225352
2023-12-10,DOGE,1793.3098591549297
2023-12-11,DOGE,1657.2183098591547
2023-12-12,DOGE,1651.5845070422536
2023-12-13,DOGE,1697.5352112676055
2023-12-14,DOGE,1730.6338028169012
2023-12-15,DOGE,1637.8521126760563
2023-12-16,DOGE,1710.0352112676055
2023-12-17,DOGE,1636.4436619718313
2023-12-18,DOGE,1622.0070422535211
2023-12-19,DOGE,1588.556338028169
2023-12-20,DOGE,1610.9154929577464
2023-12-21,DOGE,1672.3591549295775
2023-12-22,DOGE,1672.3591549295775
2023-12-23,DOGE,1645.4225352112676
2023-12-24,DOGE,1614.612676056338
2023-12-25,DOGE,1661.0915492957747
2023-12-26,DOGE,1608.274647887324
2023-12-27,DOGE,1648.7676056338028
2023-12-28,DOGE,1615.1408450704225
2023-12-29,DOGE,1601.5845070422533
2023-12-30,DOGE,1584.507042253521
2023-12-31,DOGE,1576.5845070422536
2024-01-01,DOGE,1619.542253521127
2024-01-02,DOGE,1603.8732394366195
2024-01-03,DOGE,1443.838028169014
2024-01-04,DOGE,1479.0492957746478
2024-01-05,DOGE,1455.457746478873
2024-01-06,DOGE,1418.6619718309857
2024-01-07,DOGE,1377.4647887323945
2024-01-08,DOGE,1431.338028169014
2024-01-09,DOGE,1394.894366197183
2024-01-10,DOGE,1462.5
2024-01-11,DOGE,1488.732394366197
2024-01-12,DOGE,1409.6830985915492
2024-01-13,DOGE,1424.6478873239437
2024-01-14,DOGE,1408.9788732394366
2024-01-15,DOGE,1427.4647887323945
2024-01-16,DOGE,1432.0422535211267
2024-01-17,DOGE,1418.838028169014
2024-01-18,DOGE,1374.6478873239437
2024-01-19,DOGE,1383.274647887324
2024-01-20,DOGE,1545.2464788732393
2024-01-21,DOGE,1504.5774647887322
2024-01-22,DOGE,1418.4859154929577
2024-01-23,DOGE,1376.9366197183099
2024-01-24,DOGE,1391.5492957746478
2024-01-25,DOGE,1372.3591549295775
2024-01-26,DOGE,1405.8098591549297
2024-01-27,DOGE,1410.9154929577464
2024-01-28,DOGE,1387.6760563380283
2024-01-29,DOGE,1432.218309859155
2024-01-30,DOGE,1403.5211267605634
2024-01-31,DOGE,1386.443661971831
2024-02-01,DOGE,1397.3591549295775
2024-02-02,DOGE,1395.774647887324
2024-02-03,DOGE,1386.2676056338028
2024-02-04,DOGE,1378.6971830985915
2024-02-05,DOGE,1379.4014084507041
2024-02-06,DOGE,1381.8661971830986
2024-02-07,DOGE,1410.7394366197184
2024-02-08,DOGE,1406.1619718309857
2024-02-09,DOGE,1435.7394366197182
2024-02-10,DOGE,1433.4507042253522
2024-02-11,DOGE,1430.1056338028168
2024-02-12,DOGE,1447.7112676056338
2024-02-13,DOGE,1426.9366197183099
2024-02-14,DOGE,1505.2816901408453
2024-02-15,DOGE,1501.4084507042253
2024-02-16,DOGE,1512.5
2024-02-17,DOGE,1471.1267605633802
2024-02-18,DOGE,1499.4718309859154
2024-02-19,DOGE,1574.2957746478871
2024-02-20,DOGE,1516.725352112676
2024-02-21,DOGE,1488.9084507042253
2024-02-22,DOGE,1480.6338028169012
2024-02-23,DOGE,1487.8521126760563
2024-02-24,DOGE,1516.725352112676
2024-02-25,DOGE,1516.1971830985915
2024-02-26,DOGE,1570.9507042253522
2024-02-27,DOGE,1717.957746478873
2024-02-28,DOGE,2039.612676056338
2024-02-29,DOGE,2065.4929577464786
2024-03-01,DOGE,2453.1690140845067
2024-03-02,DOGE,2499.2957746478874
2024-03-03,DOGE,2701.9366197183094
2024-03-04,DOGE,3203.521126760563
2024-03-05,DOGE,2694.366197183099
2024-03-06,DOGE,2778.8732394366198
2024-03-07,DOGE,2775.3521126760565
2024-03-08,DOGE,2897.359154929577
2024-03-09,DOGE,3147.007042253521
2024-03-10,DOGE,2992.429577464789
2024-03-11,DOGE,3204.225352112676
2024-03-12,DOGE,2960.56338028169
2024-03-13,DOGE,2974.823943661972
2024-03-14,DOGE,3119.5422535211264
2024-03-15,DOGE,2879.7535211267605
2024-03-16,DOGE,2509.330985915493
2024-03-17,DOGE,2716.1971830985917
2024-03-18,DOGE,2526.9366197183094
2024-03-19,DOGE,2267.781690140845
2024-03-20,DOGE,2677.6408450704225
2024-03-21,DOGE,2735.387323943662
2024-03-22,DOGE,2692.2535211267605
2024-03-23,DOGE,2850.352112676056
2024-03-24,DOGE,3107.570422535211
2024-03-25,DOGE,3085.56338028169
2024-03-26,DOGE,3209.507042253521
2024-03-27,DOGE,3353.345070422535
2024-03-28,DOGE,3873.415492957746
2024-03-29,DOGE,3750.0
2024-03-30,DOGE,3505.6338028169007
2024-03-31,DOGE,3873.2394366197186
2024-04-01,DOGE,3609.683098591549
2024-04-02,DOGE,3212.676056338028
2024-04-03,DOGE,3084.859154929577
2024-04-04,DOGE,3168.661971830986
2024-04-05,DOGE,3119.718309859155
2024-04-06,DOGE,3270.598591549295
2024-04-07,DOGE,3501.232394366197
2024-04-08,DOGE,3566.901408450704
2024-04-09,DOGE,3329.577464788733
2024-04-10,DOGE,3516.021126760563
2024-04-11,DOGE,3411.9718309859154
2024-04-12,DOGE,3063.9084507042253
2024-04-13,DOGE,2685.5633802816906
2024-04-14,DOGE,2854.225352112676
2024-04-15,DOGE,2838.556338028169
2024-04-16,DOGE,2746.4788732394363
2024-04-17,DOGE,2597.887323943662
2024-04-18,DOGE,2679.753521126761
2024-04-19,DOGE,2752.288732394366
2024-04-20,DOGE,2862.676056338028
2024-04-21,DOGE,2786.0915492957743
2024-04-22,DOGE,2838.0281690140846
2024-04-23,DOGE,2813.2042253521126
2024-04-24,DOGE,2665.3169014084506
2024-04-25,DOGE,2663.2042253521126
2024-04-26,DOGE,2605.633802816901
2024-04-27,DOGE,2601.4084507042253
2024-04-28,DOGE,2582.746478873239
2024-04-29,DOGE,2524.9999999999995
2024-04-30,DOGE,2348.415492957746
2024-05-01,DOGE,2292.4295774647885
2024-05-02,DOGE,2322.0070422535214
2024-05-03,DOGE,2571.1267605633802
2024-05-04,DOGE,2819.0140845070423
2024-05-05,DOGE,2834.154929577465
2024-05-06,DOGE,2754.929577464789
2024-05-07,DOGE,2640.669014084507
2024-05-08,DOGE,2521.8309859154933
2024-05-09,DOGE,2679.5774647887324
2024-05-10,DOGE,2533.2746478873237
2024-05-11,DOGE,2518.6619718309857
2024-05-12,DOGE,2486.443661971831
2024-05-13,DOGE,2616.901408450704
2024-05-14,DOGE,2561.9718309859154
2024-05-15,DOGE,2734.8591549295775
2024-05-16,DOGE,2635.915492957746
2024-05-17,DOGE,2738.5563380281687
2024-05-18,DOGE,2694.014084507042
2024-05-19,DOGE,2624.6478873239435
2024-05-20,DOGE,2917.781690140845
2024-05-21,DOGE,2997.1830985915494
2024-05-22,DOGE,2927.4647887323945
2024-05-23,DOGE,2812.1478873239435
2024-05-24,DOGE,2884.8591549295775
2024-05-25,DOGE,3063.7323943661972
2024-05-26,DOGE,2926.2323943661972
2024-05-27,DOGE,2976.7605633802814
2024-05-28,DOGE,2904.4014084507044
2024-05-29,DOGE,2884.8591549295775
2024-05-30,DOGE,2807.394366197183
2024-05-31,DOGE,2798.9436619718313
2024-06-01,DOGE,2822.3591549295775
2024-06-02,DOGE,2765.8450704225347
2024-06-03,DOGE,2787.852112676056
2024-06-04,DOGE,2840.845070422535
2024-06-05,DOGE,2874.2957746478874
2024-06-06,DOGE,2819.718309859155
2024-06-07,DOGE,2609.154929577465
2024-06-08,DOGE,2568.3098591549297
2024-06-09,DOGE,2584.330985915493
2024-06-10,DOGE,2548.943661971831
2024-06-11,DOGE,2430.633802816901
2024-06-12,DOGE,2574.1197183098593
2024-06-13,DOGE,2484.154929577465
2024-06-14,DOGE,2376.584507042254
2024-06-15,DOGE,2407.9225352112676
2024-06-16,DOGE,2414.2605633802814
2024-06-17,DOGE,2267.4295774647885
2024-06-18,DOGE,2152.288732394366
2024-06-19,DOGE,2156.1619718309857
2024-06-20,DOGE,2192.781690140845
2024-06-21,DOGE,2186.2676056338028
2024-06-22,DOGE,2178.6971830985917
2024-06-23,DOGE,2151.7605633802814
2024-06-24,DOGE,2095.4225352112676
2024-06-25,DOGE,2220.950704225352
2024-06-26,DOGE,2161.2676056338028
2024-06-27,DOGE,2237.8521126760565
2024-06-28,DOGE,2166.549295774648
2024-06-29,DOGE,2146.1267605633802
2024-06-30,DOGE,2191.549295774648
2024-07-01,DOGE,2174.6478873239435
2024-07-02,DOGE,2205.9859154929577
2024-07-03,DOGE,2086.0915492957743
2024-07-04,DOGE,1848.9436619718308
2024-07-05,DOGE,1856.8661971830984
2024-07-06,DOGE,1997.0070422535211
2024-07-07,DOGE,1833.6267605633805
2024-07-08,DOGE,1894.014084507042
2024-07-09,DOGE,1893.661971830986
2024-07-10,DOGE,1901.4084507042253
2024-07-11,DOGE,1877.4647887323945
2024-07-12,DOGE,1895.950704225352
2024-07-13,DOGE,1977.288732394366
2024-07-14,DOGE,2030.8098591549297
2024-07-15,DOGE,2198.943661971831
2024-07-16,DOGE,2196.830985915493
2024-07-17,DOGE,2144.014084507042
2024-07-18,DOGE,2104.929577464789
2024-07-19,DOGE,2208.274647887324
2024-07-20,DOGE,2363.3802816901407
2024-07-21,DOGE,2469.3661971830984
2024-07-22,DOGE,2425.352112676056
2024-07-23,DOGE,2294.1901408450703
2024-07-24,DOGE,2252.640845070423
2024-07-25,DOGE,2205.281690140845
2024-07-26,DOGE,2362.5
2024-07-27,DOGE,2314.084507042254
2024-07-28,DOGE,2289.4366197183094
2024-07-29,DOGE,2261.0915492957743
2024-07-30,DOGE,2209.6830985915494
2024-07-31,DOGE,2146.4788732394363
2024-08-01,DOGE,2094.894366197183
2024-08-02,DOGE,1963.7323943661972
2024-08-03,DOGE,1903.3450704225352
2024-08-04,DOGE,1826.5845070422533
2024-08-05,DOGE,1661.2676056338028
2024-08-06,DOGE,1698.0633802816901
2024-08-07,DOGE,1682.7464788732393
2024-08-08,DOGE,1892.2535211267607
2024-08-09,DOGE,1828.5211267605632
2024-08-10,DOGE,1851.7605633802816
2024-08-11,DOGE,1770.950704225352
2024-08-12,DOGE,1899.823943661972
2024-08-13,DOGE,1872.5352112676055
2024-08-14,DOGE,1802.8169014084508
2024-08-15,DOGE,1764.2605633802816
2024-08-16,DOGE,1766.725352112676
2024-08-17,DOGE,1808.9788732394363
2024-08-18,DOGE,1761.2676056338028
2024-08-19,DOGE,1783.9788732394368
2024-08-20,DOGE,1811.4436619718308
2024-08-21,DOGE,1868.838028169014
2024-08-22,DOGE,1852.9929577464789
2024-08-23,DOGE,1988.2042253521129
2024-08-24,DOGE,1982.042253521127
2024-08-25,DOGE,1929.4014084507044
2024-08-26,DOGE,1852.112676056338
2024-08-27,DOGE,1741.3732394366195
2024-08-28,DOGE,1754.225352112676
2024-08-29,DOGE,1767.0774647887324
2024-08-30,DOGE,1791.725352112676
2024-08-31,DOGE,1783.0985915492956
2024-09-01,DOGE,1674.1197183098589
2024-09-02,DOGE,1745.0704225352113
2024-09-03,DOGE,1703.6971830985913
2024-09-04,DOGE,1725.3521126760563
2024-09-05,DOGE,1732.7464788732393
2024-09-06,DOGE,1629.225352112676
2024-09-07,DOGE,1679.4014084507044
2024-09-08,DOGE,1692.957746478873
2024-09-09,DOGE,1826.7605633802816
2024-09-10,DOGE,1809.8591549295775
2024-09-11,DOGE,1783.62676056338
2024-09-12,DOGE,1807.9225352112676
2024-09-13,DOGE,1883.0985915492956
2024-09-14,DOGE,1855.6338028169012
2024-09-15,DOGE,1810.0352112676055
2024-09-16,DOGE,1754.225352112676
2024-09-17,DOGE,1780.2816901408453
2024-09-18,DOGE,1828.3450704225352
2024-09-19,DOGE,1848.4154929577464
2024-09-20,DOGE,1858.274647887324
2024-09-21,DOGE,1935.387323943662
2024-09-22,DOGE,1872.007042253521
2024-09-23,DOGE,1902.6408450704225
2024-09-24,DOGE,1932.9225352112676
2024-09-25,DOGE,1910.0352112676055
2024-09-26,DOGE,2080.633802816901
2024-09-27,DOGE,2174.4718309859154
2024-09-28,DOGE,2254.5774647887324
2024-09-29,DOGE,2189.7887323943664
2024-09-30,DOGE,2010.7394366197184
2024-10-01,DOGE,1881.161971830986
2024-10-02,DOGE,1841.9014084507044
2024-10-03,DOGE,1849.8239436619717
2024-10-04,DOGE,1923.2394366197184
2024-10-05,DOGE,1926.0563380281687
2024-10-06,DOGE,1964.612676056338
2024-10-07,DOGE,1908.6267605633805
2024-10-08,DOGE,1885.387323943662
2024-10-09,DOGE,1900.352112676056
2024-10-10,DOGE,1866.725352112676
2024-10-11,DOGE,1950.176056338028
2024-10-12,DOGE,1960.9154929577464
2024-10-13,DOGE,1961.2676056338028
2024-10-14,DOGE,2054.4014084507044
2024-10-15,DOGE,2068.3098591549297
2024-10-16,DOGE,2213.556338028169
2024-10-17,DOGE,2282.9225352112676
2024-10-18,DOGE,2414.7887323943664
2024-10-19,DOGE,2536.443661971831
2024-10-20,DOGE,2502.464788732394
2024-10-21,DOGE,2529.401408450704
2024-10-22,DOGE,2459.507042253521
2024-10-23,DOGE,2464.260563380282
2024-10-24,DOGE,2497.887323943662
2024-10-25,DOGE,2317.0774647887324
2024-10-26,DOGE,2420.2464788732395
2024-10-27,DOGE,2539.788732394366
2024-10-28,DOGE,2842.605633802817
2024-10-29,DOGE,3096.1267605633802
2024-10-30,DOGE,2962.6760563380285
2024-10-31,DOGE,2845.774647887324
2024-11-01,DOGE,2802.112676056338
2024-11-02,DOGE,2808.9788732394363
2024-11-03,DOGE,2665.3169014084506
2024-11-04,DOGE,2785.56338028169
2024-11-05,DOGE,2992.781690140845
2024-11-06,DOGE,3458.802816901408
2024-11-07,DOGE,3402.1126760563375
2024-11-08,DOGE,3555.8098591549297
2024-11-09,DOGE,3853.8732394366198
2024-11-10,DOGE,4890.492957746479
2024-11-11,DOGE,6185.915492957746
2024-11-12,DOGE,6687.5
2024-11-13,DOGE,7025.176056338028
2024-11-14,DOGE,6382.746478873239
2024-11-15,DOGE,6716.549295774648
2024-11-16,DOGE,6412.147887323943
2024-11-17,DOGE,6461.971830985915
2024-11-18,DOGE,6533.978873239437
2024-11-19,DOGE,6877.992957746478
2024-11-20,DOGE,6651.056338028169
2024-11-21,DOGE,6807.042253521126
2024-11-22,DOGE,7267.077464788733
2024-11-23,DOGE,7573.06338028169
2024-11-24,DOGE,7574.471830985915
2024-11-25,DOGE,6912.676056338028
2024-11-26,DOGE,6814.260563380281
2024-11-27,DOGE,7058.626760563381
2024-11-28,DOGE,7070.422535211267
2024-11-29,DOGE,7506.338028169014
2024-11-30,DOGE,7422.535211267605
2024-12-01,DOGE,7754.401408450704
2024-12-02,DOGE,7474.8239436619715
2024-12-03,DOGE,7153.521126760563
2024-12-04,DOGE,7618.661971830986
2024-12-05,DOGE,7514.436619718309
2024-12-06,DOGE,7652.640845070422
2024-12-07,DOGE,7972.00704225352
2024-12-08,DOGE,8210.387323943662
2024-12-09,DOGE,7289.260563380281
2024-12-10,DOGE,6935.211267605634
2024-12-11,DOGE,7289.084507042253
2024-12-12,DOGE,7149.823943661972
2024-12-13,DOGE,7200.880281690141
2024-12-14,DOGE,7011.971830985915
2024-12-15,DOGE,7158.274647887323
2024-12-16,DOGE,7076.584507042253
2024-12-17,DOGE,6939.260563380281
2024-12-18,DOGE,6307.042253521126
2024-12-19,DOGE,5533.62676056338
2024-12-20,DOGE,5597.359154929577
2024-12-21,DOGE,5641.197183098591
2024-12-22,DOGE,5503.87323943662
2024-12-23,DOGE,5721.302816901408
2024-12-24,DOGE,5934.859154929578
2024-12-25,DOGE,5886.091549295775
2024-12-26,DOGE,5505.985915492957
2024-12-27,DOGE,5490.492957746479
2024-12-28,DOGE,5711.091549295775
2024-12-29,DOGE,5534.330985915492
2024-12-30,DOGE,5527.4647887323945
2024-12-31,DOGE,5563.380281690141
2025-01-01,DOGE,5724.119718309858
2025-01-02,DOGE,5967.077464788732
2025-01-03,DOGE,6688.204225352112
2025-01-04,DOGE,6951.232394366197
2025-01-05,DOGE,6730.633802816901
2025-01-06,DOGE,6827.8169014084515
2025-01-07,DOGE,6126.7605633802805
2025-01-08,DOGE,6026.408450704225
2025-01-09,DOGE,5651.408450704225
2025-01-10,DOGE,5878.169014084508
2025-01-11,DOGE,6007.042253521126
2025-01-12,DOGE,5913.908450704225
2025-01-13,DOGE,5951.93661971831
2025-01-14,DOGE,6266.021126760563
2025-01-15,DOGE,6784.6830985915485
2025-01-16,DOGE,6628.345070422534
2025-01-17,DOGE,7310.739436619719
2025-01-18,DOGE,6979.049295774648
2025-01-19,DOGE,6309.859154929578
2025-01-20,DOGE,6242.2535211267605
2025-01-21,DOGE,6545.246478873239
2025-01-22,DOGE,6389.260563380281
2025-01-23,DOGE,6198.239436619718
2025-01-24,DOGE,6176.93661971831
2025-01-25,DOGE,6223.943661971831
2025-01-26,DOGE,5916.37323943662
2025-01-27,DOGE,5879.7535211267605
2025-01-28,DOGE,5611.091549295775
2025-01-29,DOGE,5704.929577464789
2025-01-30,DOGE,5836.795774647887
2025-01-31,DOGE,5790.492957746479
2025-02-01,DOGE,5421.126760563381
2025-02-02,DOGE,4719.718309859154
2025-02-03,DOGE,5014.9647887323945
2025-02-04,DOGE,4638.204225352113
2025-02-05,DOGE,4510.387323943662
2025-02-06,DOGE,4364.260563380281
2025-02-07,DOGE,4339.9647887323945
2025-02-08,DOGE,4452.1126760563375
2025-02-09,DOGE,4382.042253521127
2025-02-10,DOGE,4496.830985915492
2025-02-11,DOGE,4455.105633802817
2025-02-12,DOGE,4651.056338028169
2025-02-13,DOGE,4620.598591549296
2025-02-14,DOGE,4785.211267605634
2025-02-15,DOGE,4784.154929577464
2025-02-16,DOGE,4675.176056338028
2025-02-17,DOGE,4545.598591549296
2025-02-18,DOGE,4425.528169014084
2025-02-19,DOGE,4485.915492957747
2025-02-20,DOGE,4484.859154929578
2025-02-21,DOGE,4219.366197183099
2025-02-22,DOGE,4340.845070422535
2025-02-23,DOGE,4275.528169014085
2025-02-24,DOGE,3704.753521126761
2025-02-25,DOGE,3725.0
2025-02-26,DOGE,3583.6267605633802
2025-02-27,DOGE,3642.077464788732
2025-02-28,DOGE,3553.521126760563
2025-03-01,DOGE,3639.6126760563375
2025-03-02,DOGE,4213.204225352113
2025-03-03,DOGE,3505.8098591549297
2025-03-04,DOGE,3504.401408450704
2025-03-05,DOGE,3604.049295774648
2025-03-06,DOGE,3548.0633802816897
2025-03-07,DOGE,3493.6619718309857
2025-03-08,DOGE,3386.267605633803
2025-03-09,DOGE,2959.330985915493
2025-03-10,DOGE,2712.676056338028
2025-03-11,DOGE,2896.830985915493
2025-03-12,DOGE,3035.915492957746
2025-03-13,DOGE,2908.9788732394363
2025-03-14,DOGE,3027.112676056338
2025-03-15,DOGE,3097.5352112676055
2025-03-16,DOGE,2960.739436619718
2025-03-17,DOGE,3051.4084507042253
2025-03-18,DOGE,2958.0985915492956
2025-03-19,DOGE,3133.6267605633802
2025-03-20,DOGE,2983.9788732394363
2025-03-21,DOGE,2944.894366197183
2025-03-22,DOGE,2946.6549295774644
2025-03-23,DOGE,3038.7323943661972
2025-03-24,DOGE,3221.830985915493
2025-03-25,DOGE,3355.9859154929577
2025-03-26,DOGE,3431.338028169014
2025-03-27,DOGE,3353.1690140845067
2025-03-28,DOGE,3173.2394366197186
2025-03-29,DOGE,2985.387323943662
2025-03-30,DOGE,2931.6901408450703
2025-03-31,DOGE,2934.154929577465
2025-04-01,DOGE,3063.0281690140846
2025-04-02,DOGE,2884.330985915493
2025-04-03,DOGE,2857.570422535211
2025-04-04,DOGE,3015.4929577464786
2025-04-05,DOGE,2974.9999999999995
2025-04-06,DOGE,2627.992957746479
2025-04-07,DOGE,2633.450704225352
2025-04-08,DOGE,2504.401408450704
2025-04-09,DOGE,2822.3591549295775
2025-04-10,DOGE,2703.6971830985917
2025-04-11,DOGE,2817.6056338028166
2025-04-12,DOGE,2951.2323943661972
2025-04-13,DOGE,2862.676056338028
2025-04-14,DOGE,2791.1971830985913
2025-04-15,DOGE,2703.521126760563
2025-04-16,DOGE,2723.7676056338023
2025-04-17,DOGE,2744.3661971830984
2025-04-18,DOGE,2774.4718309859154
2025-04-19,DOGE,2770.246478873239
2025-04-20,DOGE,2733.450704225352
2025-04-21,DOGE,2806.161971830986
2025-04-22,DOGE,3144.894366197183
2025-04-23,DOGE,3145.070422535211
2025-04-24,DOGE,3213.7323943661977
2025-04-25,DOGE,3197.0070422535214
2025-04-26,DOGE,3202.8169014084506
2025-04-27,DOGE,3157.218309859155
2025-04-28,DOGE,3152.6408450704225
2025-04-29,DOGE,3075.0
2025-04-30,DOGE,3032.394366197183
2025-05-01,DOGE,3180.457746478873
2025-05-02,DOGE,3195.5985915492956
2025-05-03,DOGE,3092.2535211267605
2025-05-04,DOGE,3001.584507042254
2025-05-05,DOGE,3003.8732394366198
2025-05-06,DOGE,3031.5140845070423
2025-05-07,DOGE,3028.5211267605637
2025-05-08,DOGE,3488.9084507042257
2025-05-09,DOGE,3614.4366197183094
2025-05-10,DOGE,4412.5
2025-05-11,DOGE,4081.1619718309857
2025-05-12,DOGE,4067.077464788732
2025-05-13,DOGE,4239.084507042254
2025-05-14,DOGE,4098.239436619718
2025-05-15,DOGE,3862.5
2025-05-16,DOGE,3892.781690140845
2025-05-17,DOGE,3777.6408450704225
2025-05-18,DOGE,4102.816901408451
2025-05-19,DOGE,3951.584507042254
2025-05-20,DOGE,3983.274647887324
2025-05-21,DOGE,4120.422535211267
2025-05-22,DOGE,4323.591549295775
2025-05-23,DOGE,3964.9647887323945
2025-05-24,DOGE,3963.3802816901407
2025-05-25,DOGE,3959.683098591549
2025-05-26,DOGE,3978.169014084507
2025-05-27,DOGE,3978.521126760563
2025-05-28,DOGE,3890.1408450704225
2025-05-29,DOGE,3782.922535211267
2025-05-30,DOGE,3407.922535211267
2025-05-31,DOGE,3389.2605633802814
2025-06-01,DOGE,3408.978873239437
2025-06-02,DOGE,3434.330985915493
2025-06-03,DOGE,3399.823943661972
2025-06-04,DOGE,3311.9718309859154
2025-06-05,DOGE,3011.4436619718313
2025-06-06,DOGE,3147.5352112676055
2025-06-07,DOGE,3258.978873239437
2025-06-08,DOGE,3242.605633802817
2025-06-09,DOGE,3431.338028169014
2025-06-10,DOGE,3494.718309859155
2025-06-11,DOGE,3396.830985915493
2025-06-12,DOGE,3188.3802816901407
2025-06-13,DOGE,3176.056338028169
2025-06-14,DOGE,3138.0281690140846
2025-06-15,DOGE,3090.3169014084506
2025-06-16,DOGE,3040.845070422535
2025-06-17,DOGE,2981.6901408450703
2025-06-18,DOGE,3004.929577464789
2025-06-19,DOGE,3009.1549295774644
2025-06-20,DOGE,2858.098591549296
2025-06-21,DOGE,2719.718309859155
2025-06-22,DOGE,2663.556338028169
2025-06-23,DOGE,2883.0985915492956
2025-06-24,DOGE,2917.4295774647885
2025-06-25,DOGE,2897.7112676056336
2025-06-26,DOGE,2817.0774647887324
2025-06-27,DOGE,2835.2112676056336
2025-06-28,DOGE,2880.8098591549297
2025-06-29,DOGE,2983.098591549296
2025-06-30,DOGE,2908.0985915492956
2025-07-01,DOGE,2777.8169014084506
2025-07-02,DOGE,2969.894366197183
2025-07-03,DOGE,3028.345070422535
2025-07-04,DOGE,2867.605633802817
2025-07-05,DOGE,2891.021126760563
2025-07-06,DOGE,3027.4647887323945
2025-07-07,DOGE,2956.3380281690143
2025-07-08,DOGE,3009.5070422535214
2025-07-09,DOGE,3178.345070422535
2025-07-10,DOGE,3434.330985915493
2025-07-11,DOGE,3539.2605633802814
2025-07-12,DOGE,3475.7042253521126
2025-07-13,DOGE,3495.598591549296
2025-07-14,DOGE,3476.9366197183094
2025-07-15,DOGE,3506.8661971830984
2025-07-16,DOGE,3744.718309859155
2025-07-17,DOGE,3842.605633802817
2025-07-18,DOGE,4151.408450704225
2025-07-19,DOGE,4250.528169014085
2025-07-20,DOGE,4819.542253521126
2025-07-21,DOGE,4778.521126760563
2025-07-22,DOGE,4769.894366197183
2025-07-23,DOGE,4239.9647887323945
2025-07-24,DOGE,4087.676056338028
2025-07-25,DOGE,4167.781690140845
2025-07-26,DOGE,4144.894366197183
2025-07-27,DOGE,4237.852112676056
2025-07-28,DOGE,3981.514084507042
2025-07-29,DOGE,3942.253521126761
2025-07-30,DOGE,3873.0633802816897
2025-07-31,DOGE,3692.605633802817
2025-08-01,DOGE,3538.2042253521126
2025-08-02,DOGE,3362.323943661972
2025-08-03,DOGE,3499.2957746478874
2025-08-04,DOGE,3704.049295774648
2025-08-05,DOGE,3517.781690140845
2025-08-06,DOGE,3613.3802816901407
2025-08-07,DOGE,3913.3802816901407
2025-08-08,DOGE,4056.161971830986
2025-08-09,DOGE,4224.471830985915
2025-08-10,DOGE,4117.077464788732
2025-08-11,DOGE,3909.683098591549
2025-08-12,DOGE,4151.760563380281
2025-08-13,DOGE,4310.211267605634
2025-08-14,DOGE,3940.4929577464786
2025-08-15,DOGE,4029.225352112676
2025-08-16,DOGE,4069.5422535211264
2025-08-17,DOGE,4129.577464788732
2025-08-18,DOGE,3919.3661971830984
2025-08-19,DOGE,3687.147887323944
2025-08-20,DOGE,3902.9929577464786
2025-08-21,DOGE,3780.4577464788736
2025-08-22,DOGE,4234.859154929578
2025-08-23,DOGE,4160.387323943662
2025-08-24,DOGE,4081.338028169014
2025-08-25,DOGE,3691.021126760563
2025-08-26,DOGE,3844.894366197183
2025-08-27,DOGE,3854.225352112676
2025-08-28,DOGE,3950.176056338028
2025-08-29,DOGE,3766.021126760563
2025-08-30,DOGE,3801.9366197183094
2025-08-31,DOGE,3762.5
2025-09-01,DOGE,3710.0352112676055
2025-09-02,DOGE,3783.274647887324
2025-09-03,DOGE,3878.521126760563
2025-09-04,DOGE,3739.6126760563375
2025-09-05,DOGE,3835.915492957746
2025-09-06,DOGE,3801.9366197183094
2025-09-07,DOGE,4027.6408450704225
2025-09-08,DOGE,4254.225352112676
2025-09-09,DOGE,4236.443661971831
2025-09-10,DOGE,4319.718309859154
2025-09-11,DOGE,4507.57042253521
2025-09-12,DOGE,4850.352112676057
2025-09-13,DOGE,5094.718309859155
2025-09-14,DOGE,4893.661971830986
2025-09-15,DOGE,4723.767605633802
2025-09-16,DOGE,4752.640845070423
2025-09-17,DOGE,4974.647887323943
2025-09-18,DOGE,4904.401408450704
2025-09-19,DOGE,4670.2464788732395
2025-09-20,DOGE,4711.091549295775
2025-09-21,DOGE,4590.492957746479
2025-09-22,DOGE,4246.830985915492
2025-09-23,DOGE,4174.119718309859
2025-09-24,DOGE,4244.19014084507
2025-09-25,DOGE,3924.647887323944
2025-09-26,DOGE,4092.253521126761
2025-09-27,DOGE,4062.852112676056
2025-09-28,DOGE,4178.697183098591
2025-09-29,DOGE,4133.450704225352
2025-09-30,DOGE,4100.880281690141
2025-10-01,DOGE,4384.859154929578
2025-10-02,DOGE,4612.676056338028
2025-10-03,DOGE,4545.598591549296
2025-10-04,DOGE,4416.197183098591
2025-10-05,DOGE,4451.408450704225
2025-10-06,DOGE,4683.62676056338
2025-10-07,DOGE,4345.422535211268
2025-10-08,DOGE,4500.704225352112
2025-10-09,DOGE,4374.8239436619715
2025-10-10,DOGE,3406.5140845070423
2025-10-11,DOGE,3261.7957746478874
2025-10-12,DOGE,3647.3591549295775
2025-10-13,DOGE,3764.084507042254
2025-10-14,DOGE,3598.0633802816897
2025-10-15,DOGE,3454.401408450704
2025-10-16,DOGE,3318.6619718309857
2025-10-17,DOGE,3251.7605633802814
2025-10-18,DOGE,3338.3802816901407
2025-10-19,DOGE,3439.2605633802814
2025-10-20,DOGE,3521.1267605633802
2025-10-21,DOGE,3420.246478873239
2025-10-22,DOGE,3343.838028169014
2025-10-23,DOGE,3431.8661971830984
2025-10-24,DOGE,3481.5140845070423
2025-10-25,DOGE,3459.8591549295775
2025-10-26,DOGE,3622.7112676056336
2025-10-27,DOGE,3527.8169014084506
2025-10-28,DOGE,3408.802816901408
2025-10-29,DOGE,3386.7957746478874
2025-10-30,DOGE,3216.197183098592
2025-10-31,DOGE,3282.394366197183
2025-11-01,DOGE,3298.5915492957743
2025-11-02,DOGE,3281.338028169014
2025-11-03,DOGE,2947.3591549295775
2025-11-04,DOGE,2856.161971830986
2025-11-05,DOGE,2943.4859154929577
2025-11-06,DOGE,2845.774647887324
2025-11-07,DOGE,3147.3591549295775
2025-11-08,DOGE,3099.4718309859154
2025-11-09,DOGE,3156.69014084507
2025-11-10,DOGE,3200.5281690140846
2025-11-11,DOGE,3029.225352112676
2025-11-12,DOGE,2996.1267605633802
2025-11-13,DOGE,2884.5070422535214
2025-11-14,DOGE,2775.5281690140846
2025-11-15,DOGE,2872.5352112676055
2025-11-16,DOGE,2791.725352112676
2025-11-17,DOGE,2678.521126760563
2025-11-18,DOGE,2847.3591549295775
2025-11-19,DOGE,2721.830985915493
2025-11-20,DOGE,2621.830985915493
2025-11-21,DOGE,2469.894366197183
2025-11-22,DOGE,2469.542253521127
2025-11-23,DOGE,2552.8169014084506
2025-11-24,DOGE,2672.7112676056336
2025-11-25,DOGE,2693.838028169014
2025-11-26,DOGE,2724.2957746478874
2025-11-27,DOGE,2687.3239436619715
2025-11-28,DOGE,2643.838028169014
2025-11-29,DOGE,2612.1478873239435
2025-11-30,DOGE,2570.2464788732395
2025-12-01,DOGE,2385.0352112676055
2025-12-02,DOGE,2566.3732394366198
2025-12-03,DOGE,2670.070422535211
2025-12-04,DOGE,2594.894366197183
2025-12-05,DOGE,2457.0422535211264
2025-12-06,DOGE,2460.387323943662
2025-12-07,DOGE,2441.3732394366198
2025-12-08,DOGE,2510.3873239436616
2025-12-09,DOGE,2605.105633802817
2025-12-10,DOGE,2523.2394366197186
2025-12-11,DOGE,2470.598591549296
2025-12-12,DOGE,2410.5633802816897
2025-12-13,DOGE,2448.0633802816906
2025-12-14,DOGE,2360.56338028169
2025-12-15,DOGE,2284.330985915493
2025-12-16,DOGE,2320.246478873239
2025-12-17,DOGE,2224.1197183098593
2025-12-18,DOGE,2149.1197183098593
2025-12-19,DOGE,2327.8169014084506
2025-12-20,DOGE,2322.887323943662
2025-12-21,DOGE,2308.4507042253517
2025-12-22,DOGE,2334.154929577465
2025-12-23,DOGE,2276.056338028169
2025-12-24,DOGE,2263.3802816901407
2025-12-25,DOGE,2176.9366197183094
2025-12-26,DOGE,2149.8239436619715
2025-12-27,DOGE,2189.2605633802814
2025-12-28,DOGE,2181.8661971830984
2025-12-29,DOGE,2163.3802816901407
2025-12-30,DOGE,2171.830985915493
2025-12-31,DOGE,2068.1338028169016
2026-01-01,DOGE,2232.9225352112676
2026-01-02,DOGE,2497.887323943662
2026-01-03,DOGE,2520.246478873239
2026-01-04,DOGE,2632.570422535211
2026-01-05,DOGE,2670.950704225352
2026-01-06,DOGE,2650.5281690140846
2026-01-07,DOGE,2577.8169014084506
2026-01-08,DOGE,2498.9436619718313
2026-01-09,DOGE,2477.288732394366
2026-01-10,DOGE,2458.6267605633802
2026-01-11,DOGE,2429.7535211267605
2026-01-12,DOGE,2405.281690140845
2026-01-13,DOGE,2610.56338028169
2026-01-14,DOGE,2591.1971830985917
2026-01-15,DOGE,2465.4929577464786
2026-01-16,DOGE,2431.8661971830984
2026-01-17,DOGE,2427.4647887323945
2026-01-18,DOGE,2317.605633802817
2026-01-19,DOGE,2273.943661971831
2026-01-20,DOGE,2171.830985915493
2026-01-21,DOGE,2227.8169014084506
2026-01-22,DOGE,2189.612676056338
2026-01-23,DOGE,2196.654929577465
2026-01-24,DOGE,2187.1478873239435
2026-01-25,DOGE,2102.9929577464786
2026-01-26,DOGE,2154.225352112676
2026-01-27,DOGE,2221.654929577465
2026-01-28,DOGE,2200.7042253521126
2026-01-29,DOGE,2064.788732394366
2026-01-30,DOGE,2038.9084507042253
2026-01-31,DOGE,1835.5633802816901
2026-02-01,DOGE,1835.5633802816901
2026-02-02,DOGE,1900.0
2026-02-03,DOGE,1866.549295774648
2026-02-04,DOGE,1827.9929577464789
2026-02-05,DOGE,1557.9225352112676
2026-02-06,DOGE,1733.8028169014085
2026-02-07,DOGE,1729.401408450704
2026-02-08,DOGE,1701.2323943661972
2026-02-09,DOGE,1692.0774647887324
2026-02-10,DOGE,1633.274647887324
2026-02-11,DOGE,1604.225352112676
2026-02-12,DOGE,1637.3239436619717
2026-02-13,DOGE,1701.9366197183099
2026-02-14,DOGE,1954.9295774647887
2026-02-15,DOGE,1807.9225352112676
2026-02-16,DOGE,1778.5211267605632
2026-02-17,DOGE,1772.1830985915492
2026-02-18,DOGE,1735.0352112676055
2026-02-19,DOGE,1731.8661971830984
2026-02-20,DOGE,1762.5
2026-02-21,DOGE,1732.5704225352113
2026-02-22,DOGE,1682.7464788732393
2026-02-23,DOGE,1631.338028169014
2026-02-24,DOGE,1608.6267605633805
2026-02-25,DOGE,1777.288732394366
2026-02-26,DOGE,1707.9225352112676
2026-02-27,DOGE,1643.838028169014
2026-02-28,DOGE,1655.8098591549297
2026-03-01,DOGE,1617.957746478873
2026-03-02,DOGE,1647.1830985915492
2026-03-03,DOGE,1583.9788732394363
2026-03-04,DOGE,1741.725352112676
2026-03-05,DOGE,1647.1830985915492
2026-03-06,DOGE,1607.2183098591547
2026-03-07,DOGE,1583.274647887324
2026-03-08,DOGE,1569.5422535211267
2026-03-09,DOGE,1593.1338028169014
2026-03-10,DOGE,1664.0845070422536
2026-03-11,DOGE,1635.211267605634
2026-03-12,DOGE,1668.1338028169012
2026-03-13,DOGE,1689.4366197183099
2026-03-14,DOGE,1690.8450704225352
2026-03-15,DOGE,1714.4366197183097
2026-03-16,DOGE,1814.0845070422536
2026-03-17,DOGE,1763.2042253521129
2026-03-18,DOGE,1677.112676056338
2026-03-19,DOGE,1646.8309859154929
2026-03-20,DOGE,1657.7464788732393
2026-03-21,DOGE,1608.274647887324
2026-03-22,DOGE,1587.1478873239435
2026-03-23,DOGE,1657.5704225352113
2026-03-24,DOGE,1674.2957746478871
2026-03-25,DOGE,1693.3098591549297
2026-03-26,DOGE,1620.598591549296
2026-03-27,DOGE,1586.4436619718308
2026-03-28,DOGE,1602.112676056338
2026-03-29,DOGE,1592.4295774647887
2026-03-30,DOGE,1599.119718309859
2026-03-31,DOGE,1625.3521126760563
2026-04-01,DOGE,1623.0633802816901
2026-04-02,DOGE,1591.5492957746478
2026-04-03,DOGE,1611.9718309859156
2026-04-04,DOGE,1620.950704225352
2026-04-05,DOGE,1626.4084507042253
2026-04-06,DOGE,1595.2464788732393
2026-04-07,DOGE,1671.1267605633805
2026-04-08,DOGE,1626.7605633802816
2026-04-09,DOGE,1630.2816901408453
2026-04-10,DOGE,1649.2957746478871
2026-04-11,DOGE,1638.9084507042255
2026-04-12,DOGE,1599.2957746478874
2026-04-13,DOGE,1656.8661971830984
2026-04-14,DOGE,1636.7957746478871
2026-04-15,DOGE,1670.4225352112676
2026-04-16,DOGE,1746.6549295774648
2026-04-17,DOGE,1750.176056338028
2026-04-18,DOGE,1668.838028169014
2026-04-19,DOGE,1637.6760563380283
2026-04-20,DOGE,1676.2323943661972
2026-04-21,DOGE,1675.7042253521129
2026-04-22,DOGE,1683.9788732394363
2026-04-23,DOGE,1710.211267605634
2026-04-24,DOGE,1732.9225352112676
2026-04-25,DOGE,1725.3521126760563
2026-04-26,DOGE,1746.8309859154929
2026-04-27,DOGE,1742.0774647887324
2026-04-28,DOGE,1749.1197183098589
2026-04-29,DOGE,1832.3943661971832
2026-04-30,DOGE,1875.0
2026-05-01,DOGE,1910.7394366197184
2026-05-02,DOGE,1910.387323943662
2026-05-03,DOGE,1906.6901408450703
2026-05-04,DOGE,1938.3802816901407
2026-05-05,DOGE,2021.8309859154929
2026-05-06,DOGE,1979.7535211267605
2026-05-07,DOGE,1898.4154929577464
2026-05-08,DOGE,1928.1690140845071
2026-05-09,DOGE,1914.4366197183099
2026-05-10,DOGE,1979.9295774647887
2026-05-11,DOGE,1959.8591549295775
2026-05-12,DOGE,1939.2605633802816
2026-05-13,DOGE,1983.9788732394363
2026-05-14,DOGE,2032.7464788732393
2026-05-15,DOGE,1995.774647887324
2026-05-16,DOGE,1925.5281690140844
2026-05-17,DOGE,1918.838028169014
2026-05-18,DOGE,1844.542253521127
2026-05-19,DOGE,1813.3802816901407
2026-05-20,DOGE,1825.8802816901407
2026-05-21,DOGE,1860.5633802816901
2026-05-22,DOGE,1801.7605633802816
2026-05-23,DOGE,1814.612676056338
2026-05-24,DOGE,1800.5281690140844
2026-05-25,DOGE,1798.239436619718
2026-05-26,DOGE,1779.049295774648
2026-05-27,DOGE,1769.1901408450703
2026-05-28,DOGE,1752.9929577464789
2026-05-29,DOGE,1755.2816901408448
2026-05-30,DOGE,1771.3028169014085
2026-05-31,DOGE,1767.7816901408453
2026-06-01,DOGE,1779.9295774647885
2026-06-02,DOGE,1632.9225352112676
2026-06-03,DOGE,1608.9788732394363
2026-06-04,DOGE,1559.5070422535211
2026-06-05,DOGE,1434.507042253521
2026-06-06,DOGE,1442.2535211267607
2026-06-07,DOGE,1519.0140845070423
2026-06-08,DOGE,1520.0704225352113
2026-06-09,DOGE,1492.7816901408453
2026-06-10,DOGE,1460.2112676056338
2026-06-11,DOGE,1515.492957746479
2026-06-12,DOGE,1513.7323943661972
2026-06-13,DOGE,1547.1830985915492
2026-06-14,DOGE,1564.9647887323943
2026-06-15,DOGE,1551.7605633802816
2026-06-16,DOGE,1534.6830985915492
2026-06-17,DOGE,1512.8521126760563
2026-06-18,DOGE,1470.4225352112676
2026-06-19,DOGE,1471.3028169014085
2026-06-20,DOGE,1473.5915492957747
2026-06-21,DOGE,1447.8873239436618
2026-06-22,DOGE,1451.9366197183099
2026-06-23,DOGE,1388.9084507042253
2026-06-24,DOGE,1340.1408450704225
2026-06-25,DOGE,1318.8380281690143
2026-06-26,DOGE,1334.5070422535211
2026-06-27,DOGE,1311.619718309859
2026-06-28,DOGE,1288.7323943661972
2026-06-29,DOGE,1292.9577464788733
2026-06-30,DOGE,1269.0140845070423
2026-07-01,DOGE,1271.4788732394368
2026-07-02,DOGE,1305.9859154929577
2026-07-03,DOGE,1365.1408450704225
2026-07-04,DOGE,1367.2535211267607
2026-07-05,DOGE,1370.950704225352
2026-07-06,DOGE,1349.6478873239437
2026-07-07,DOGE,1305.9859154929577
2026-07-08,DOGE,1275.176056338028
2026-07-09,DOGE,1283.274647887324
2026-07-10,DOGE,1304.9295774647887
2026-07-11,DOGE,1288.9084507042253
2026-07-12,DOGE,1280.2816901408453
2026-07-13,DOGE,1267.0774647887324
2026-07-14,DOGE,1310.7394366197184
2026-07-15,DOGE,1304.4014084507041
2026-07-16,DOGE,1273.9436619718308
2026-07-17,DOGE,1277.4647887323945
2026-07-18,DOGE,1276.9366197183099
2026-07-19,DOGE,1275.176056338028
2026-07-20,DOGE,1270.9507042253522
2026-07-21,DOGE,1292.0774647887322
2026-07-22,DOGE,1285.0352112676055
2026-07-23,DOGE,1218.3098591549294
2026-07-24,DOGE,1224.823943661972
2026-07-25,DOGE,1262.6760563380283
2026-07-26,DOGE,1291.9014084507041
2026-07-27,DOGE,1239.0845070422533
2026-07-28,DOGE,1248.0633802816901
2026-07-29,DOGE,1234.8591549295775
2026-07-30,DOGE,1242.781690140845
2026-07-31,DOGE,1225.7042253521126
2026-08-01,DOGE,1217.2535211267605
2026-08-02,DOGE,1246.6549295774648
2026-08-03,DOGE,1236.443661971831
2026-08-04,DOGE,1233.6267605633802
2026-08-05,DOGE,1233.0985915492959
2026-08-06,DOGE,1216.3732394366195
2026-08-07,DOGE,1226.2323943661972
2026-08-08,DOGE,1239.9647887323945
2026-08-09,DOGE,1220.950704225352
2026-08-10,DOGE,1227.112676056338
2026-08-11,DOGE,1265.8450704225352
2026-08-12,DOGE,1226.9366197183099
2026-08-13,DOGE,1235.7394366197184
2026-08-14,DOGE,1233.6267605633802
2026-08-15,DOGE,1225.5281690140846
2026-08-16,DOGE,1225.3521126760563
2026-08-17,DOGE,1239.612676056338
2026-08-18,DOGE,1236.9718309859156
2026-08-19,DOGE,1321.1267605633802
2026-08-20,DOGE,1416.725352112676
2026-08-21,DOGE,1611.7957746478876
2026-08-22,DOGE,1617.6056338028168
2026-08-23,DOGE,1644.7183098591547
2026-08-24,DOGE,1586.4436619718308
2026-08-25,DOGE,1508.8028169014085
2026-08-26,DOGE,1544.0140845070423
2026-08-27,DOGE,1569.3661971830984
2026-08-28,DOGE,1500.7042253521126
2026-08-29,DOGE,1501.5845070422536
2026-08-30,DOGE,1444.5422535211267
2026-08-31,DOGE,1458.6267605633802
2026-09-01,DOGE,1437.8521126760563
2026-09-02,DOGE,1439.4366197183099
2026-09-03,DOGE,1546.1267605633802
2026-09-04,DOGE,1492.4295774647885
2026-09-05,DOGE,1579.049295774648
2026-09-06,DOGE,1600.7042253521129
2026-09-07,DOGE,1593.4859154929577
2026-09-08,DOGE,1585.387323943662
2026-09-09,DOGE,1516.9014084507041
2026-09-10,DOGE,1459.6830985915492
2026-09-11,DOGE,1484.1549295774648
2026-09-12,DOGE,1493.4859154929577
2026-09-13,DOGE,1450.7042253521126
2026-09-14,DOGE,1472.8873239436618
2026-09-15,DOGE,1409.8591549295775
2026-09-16,DOGE,1424.4718309859154
2026-09-17,DOGE,1438.7323943661972
2026-09-18,DOGE,1539.9647887323945
2026-09-19,DOGE,1544.3661971830986
2026-09-20,DOGE,1536.9718309859154
2026-09-21,DOGE,1758.098591549296
2026-09-22,DOGE,1768.3098591549297
2026-09-23,DOGE,1632.3943661971828
2026-09-24,DOGE,1686.4436619718308
2026-09-25,DOGE,1742.4295774647887
2026-09-26,DOGE,1702.9929577464789
2026-09-27,DOGE,1717.0774647887324
2021-01-01,ETH,100.0
2021-01-02,ETH,106.26277592569726
2021-01-03,ETH,134.2113566832668
2021-01-04,ETH,142.8749777064384
2021-01-05,ETH,150.8498991645059
2021-01-06,ETH,165.78452758228042
2021-01-07,ETH,168.04132197390624
2021-01-08,ETH,166.95202425539506
2021-01-09,ETH,175.05590539298404
2021-01-10,ETH,172.07199791469455
2021-01-11,ETH,149.12815025174578
2021-01-12,ETH,144.07265643220703
2021-01-13,ETH,155.01090669629997
2021-01-14,ETH,168.96736222578917
2021-01-15,ETH,160.31197267152325
2021-01-16,ETH,168.44740777325046
2021-01-17,ETH,169.0812308789837
2021-01-18,ETH,172.6482007380884
2021-01-19,ETH,187.31530641643002
2021-01-20,ETH,188.91083947263724
2021-01-21,ETH,152.41387825657492
2021-01-22,ETH,169.1045533742163
2021-01-23,ETH,169.23900069967485
2021-01-24,ETH,191.04004609622586
2021-01-25,ETH,180.80147068911117
2021-01-26,ETH,187.39899301697056
2021-01-27,ETH,169.98394863563405
2021-01-28,ETH,182.42169815203525
2021-01-29,ETH,189.25518925518926
2021-01-30,ETH,189.05626208996995
2021-01-31,ETH,180.07024186799467
2021-02-01,ETH,188.5239604340728
2021-02-02,ETH,207.41518157248495
2021-02-03,ETH,228.35329464542951
2021-02-04,ETH,218.91179981067626
2021-02-05,ETH,235.85765046439207
2021-02-06,ETH,229.98038166577493
2021-02-07,ETH,221.0999986280885
2021-02-08,ETH,240.10508841969516
2021-02-09,ETH,242.7089764168416
2021-02-10,ETH,238.8196073589332
2021-02-11,ETH,244.9712584544045
2021-02-12,ETH,252.46738280446147
2021-02-13,ETH,248.99644674925577
2021-02-14,ETH,247.0016874511257
2021-02-15,ETH,244.0973508389239
2021-02-16,ETH,244.47325458561414
2021-02-17,ETH,253.7871616523302
2021-02-18,ETH,266.09732340069417
2021-02-19,ETH,268.2086951749873
2021-02-20,ETH,262.446666941049
2021-02-21,ETH,265.2632012182574
2021-02-22,ETH,243.8682416210506
2021-02-23,ETH,216.47254119164234
2021-02-24,ETH,222.71473844507557
2021-02-25,ETH,203.2829841818606
2021-02-26,ETH,198.1849611063094
2021-02-27,ETH,200.04252925601244
2021-02-28,ETH,194.69893402477675
2021-03-01,ETH,215.3708962697727
2021-03-02,ETH,203.9730556584489
2021-03-03,ETH,215.07319147768587
2021-03-04,ETH,211.16873139345049
2021-03-05,ETH,209.67060405262652
2021-03-06,ETH,226.41341180667024
2021-03-07,ETH,236.81387276892897
2021-03-08,ETH,251.49606947359757
2021-03-09,ETH,256.61741504438135
2021-03-10,ETH,246.274574364462
2021-03-11,ETH,250.480854975237
2021-03-12,ETH,242.29328723710748
2021-03-13,ETH,263.72940417884234
2021-03-14,ETH,253.54296140812994
2021-03-15,ETH,246.04958088104158
2021-03-16,ETH,247.64648584873305
2021-03-17,ETH,250.1790344486974
2021-03-18,ETH,243.66245489840998
2021-03-19,ETH,248.1925066194729
2021-03-20,ETH,247.78093317419157
2021-03-21,ETH,244.60907382255698
2021-03-22,ETH,230.61420477150816
2021-03-23,ETH,228.8458108682828
2021-03-24,ETH,217.01444622792937
2021-03-25,ETH,217.5494917067951
2021-03-26,ETH,233.0658105939005
2021-03-27,ETH,234.95767653071024
2021-03-28,ETH,231.44283930800788
2021-03-29,ETH,249.240646993456
2021-03-30,ETH,252.4948210341469
2021-03-31,ETH,263.3205745565296
2021-04-01,ETH,269.99903966196104
2021-04-02,ETH,292.7233814874265
2021-04-03,ETH,275.5511654388059
2021-04-04,ETH,284.76629487865443
2021-04-05,ETH,289.1138823723094
2021-04-06,ETH,289.77651561921226
2021-04-07,ETH,269.3707042021649
2021-04-08,ETH,285.4206966566517
2021-04-09,ETH,283.55626894952735
2021-04-10,ETH,292.695943257741
2021-04-11,ETH,295.1475490801334
2021-04-12,ETH,293.27214608113485
2021-04-13,ETH,315.42851655211206
2021-04-14,ETH,333.73118766377195
2021-04-15,ETH,344.90403479167526
2021-04-16,ETH,332.36887955989084
2021-04-17,ETH,317.95420559465504
2021-04-18,ETH,306.7100190695696
2021-04-19,ETH,296.4865346887819
2021-04-20,ETH,319.659491569604
2021-04-21,ETH,323.3677683115885
2021-04-22,ETH,328.97614245928855
2021-04-23,ETH,324.7849528748405
2021-04-24,ETH,303.65202837112946
2021-04-25,ETH,318.35068801360933
2021-04-26,ETH,347.4503025064823
2021-04-27,ETH,365.76943655595346
2021-04-28,ETH,377.03420175330285
2021-04-29,ETH,378.24148385946137
2021-04-30,ETH,380.35148372227025
2021-05-01,ETH,403.9963781536815
2021-05-02,ETH,404.6535237546474
2021-05-03,ETH,470.70831789932913
2021-05-04,ETH,444.3635016668725
2021-05-05,ETH,483.4972767557038
2021-05-06,ETH,478.7600664005159
2021-05-07,ETH,477.36071668655944
2021-05-08,ETH,536.4530600485657
2021-05-09,ETH,538.3312068705327
2021-05-10,ETH,541.3398087555391
2021-05-11,ETH,572.5603984030951
2021-05-12,ETH,524.5105705779863
2021-05-13,ETH,510.06434264861235
2021-05-14,ETH,559.055301751931
2021-05-15,ETH,500.2922171461497
2021-05-16,ETH,491.43241278072736
2021-05-17,ETH,450.3313166234515
2021-05-18,ETH,463.0297293218642
2021-05-19,ETH,334.59823572183126
2021-05-20,ETH,379.8301573582473
2021-05-21,ETH,333.50893800332005
2021-05-22,ETH,314.835850790907
2021-05-23,ETH,287.6061516510955
2021-05-24,ETH,363.34115322879364
2021-05-25,ETH,371.1171475216419
2021-05-26,ETH,395.78823174328795
2021-05-27,ETH,376.209682951256
2021-05-28,ETH,330.9187691210163
2021-05-29,ETH,312.62295756677776
2021-05-30,ETH,327.33533632410035
2021-05-31,ETH,371.2598263160061
2021-06-01,ETH,361.43968391159405
2021-06-02,ETH,371.26942969639595
2021-06-03,ETH,391.98940884334144
2021-06-04,ETH,368.97696560617914
2021-06-05,ETH,360.5012964563527
2021-06-06,ETH,372.0514192424305
2021-06-07,ETH,355.6063162804736
2021-06-08,ETH,343.96976307088664
2021-06-09,ETH,358.09359180145697
2021-06-10,ETH,339.01167496673116
2021-06-11,ETH,322.9493353088859
2021-06-12,ETH,325.2445432220713
2021-06-13,ETH,344.2578644825836
2021-06-14,ETH,354.0588001262159
2021-06-15,ETH,348.9511736702748
2021-06-16,ETH,324.8535484490541
2021-06-17,ETH,325.5930087390762
2021-06-18,ETH,306.49737278950766
2021-06-19,ETH,296.9735632656981
2021-06-20,ETH,307.7842257617538
2021-06-21,ETH,258.67253844781936
2021-06-22,ETH,257.820581416087
2021-06-23,ETH,270.0113868653195
2021-06-24,ETH,272.9445336186909
2021-06-25,ETH,248.15409309791332
2021-06-26,ETH,251.01041280816565
2021-06-27,ETH,271.9512697040787
2021-06-28,ETH,285.9626016929388
2021-06-29,ETH,297.06410942366
2021-06-30,ETH,312.20315265259086
2021-07-01,ETH,288.98080695833505
2021-07-02,ETH,295.52756856127644
2021-07-03,ETH,305.5233156356752
2021-07-04,ETH,318.652508540149
2021-07-05,ETH,301.34447325458564
2021-07-06,ETH,318.62644222194785
2021-07-07,ETH,317.8128987117752
2021-07-08,ETH,290.34174315073193
2021-07-09,ETH,294.5480237615069
2021-07-10,ETH,289.5679850736031
2021-07-11,ETH,293.6507936507936
2021-07-12,ETH,278.7147933215349
2021-07-13,ETH,266.17140662084483
2021-07-14,ETH,273.6387208297321
2021-07-15,ETH,263.3397813173094
2021-07-16,ETH,257.4062641478372
2021-07-17,ETH,260.6069336406415
2021-07-18,ETH,259.51626401064607
2021-07-19,ETH,249.5136573788259
2021-07-20,ETH,245.02750682525965
2021-07-21,ETH,273.764936686285
2021-07-22,ETH,277.7517114595766
2021-07-23,ETH,291.42829704627457
2021-07-24,ETH,299.7283615261143
2021-07-25,ETH,300.41980491418695
2021-07-26,ETH,305.6728539874607
2021-07-27,ETH,315.4696738966402
2021-07-28,ETH,315.6631134159224
2021-07-29,ETH,326.91553140991346
2021-07-30,ETH,337.7385411093276
2021-07-31,ETH,347.2376562264203
2021-08-01,ETH,350.61804612366416
2021-08-02,ETH,357.64772056906884
2021-08-03,ETH,344.2180790495397
2021-08-04,ETH,373.8156974112031
2021-08-05,ETH,387.8380046919373
2021-08-06,ETH,396.6991809688439
2021-08-07,ETH,433.5665582856595
2021-08-08,ETH,413.19916039017164
2021-08-09,ETH,433.5953684268291
2021-08-10,ETH,431.00794336749397
2021-08-11,ETH,433.5926246038606
2021-08-12,ETH,417.87875046302014
2021-08-13,ETH,455.7928962423345
2021-08-14,ETH,447.67666790138696
2021-08-15,ETH,453.7034750517897
2021-08-16,ETH,431.676064260334
2021-08-17,ETH,413.1813255408761
2021-08-18,ETH,413.5695764909248
2021-08-19,ETH,436.8330795297087
2021-08-20,ETH,450.64822817631807
2021-08-21,ETH,442.22606357437814
2021-08-22,ETH,444.22493860696113
2021-08-23,ETH,455.65021744797025
2021-08-24,ETH,434.9809990259429
2021-08-25,ETH,442.69800112496745
2021-08-26,ETH,424.3596603147165
2021-08-27,ETH,449.0883648187019
2021-08-28,ETH,445.1139372487687
2021-08-29,ETH,442.2315512203153
2021-08-30,ETH,443.07802060611044
2021-08-31,ETH,470.45588618622327
2021-09-01,ETH,525.0058306238083
2021-09-02,ETH,519.3809935382969
2021-09-03,ETH,540.2738335322606
2021-09-04,ETH,533.0589510364791
2021-09-05,ETH,541.9448217201026
2021-09-06,ETH,538.7180859090971
2021-09-07,ETH,471.1926026532769
2021-09-08,ETH,480.03182834643513
2021-09-09,ETH,469.87007998243956
2021-09-10,ETH,440.2271885417953
2021-09-11,ETH,448.2322920525168
2021-09-12,ETH,467.0274793870299
2021-09-13,ETH,450.7209394849844
2021-09-14,ETH,471.1651644235914
2021-09-15,ETH,495.7470743987598
2021-09-16,ETH,489.4952737649367
2021-09-17,ETH,466.4238383339507
2021-09-18,ETH,471.3393971820938
2021-09-19,ETH,456.6572004774252
2021-09-20,ETH,408.4564623890467
2021-09-21,ETH,379.4569974345256
2021-09-22,ETH,422.12618841832324
2021-09-23,ETH,432.49509541644375
2021-09-24,ETH,401.76839390322544
2021-09-25,ETH,400.83549409392106
2021-09-26,ETH,419.71848376342757
2021-09-27,ETH,401.3650519268497
2021-09-28,ETH,384.8088241346668
2021-09-29,ETH,391.0565090340371
2021-09-30,ETH,411.657131881851
2021-10-01,ETH,454.0903540903541
2021-10-02,ETH,464.77068499540417
2021-10-03,ETH,468.88230371376443
2021-10-04,ETH,464.5717578301849
2021-10-05,ETH,482.26392833134406
2021-10-06,ETH,490.443264600568
2021-10-07,ETH,492.1691292477809
2021-10-08,ETH,488.82989669506526
2021-10-09,ETH,490.4336612201781
2021-10-10,ETH,468.4007627827852
2021-10-11,ETH,485.94751066661183
2021-10-12,ETH,478.99740708729473
2021-10-13,ETH,494.9060926589016
2021-10-14,ETH,520.0669492804325
2021-10-15,ETH,530.791181352979
2021-10-16,ETH,525.4366108298693
2021-10-17,ETH,527.753769326803
2021-10-18,ETH,513.7753632135655
2021-10-19,ETH,531.894198186333
2021-10-20,ETH,570.8729472774417
2021-10-21,ETH,556.0343526635662
2021-10-22,ETH,544.9506797821405
2021-10-23,ETH,571.6919784335514
2021-10-24,ETH,560.0595409584174
2021-10-25,ETH,578.9974070872947
2021-10-26,ETH,566.8079735495467
2021-10-27,ETH,538.0636841310999
2021-10-28,ETH,588.0040059815341
2021-10-29,ETH,606.2325938730435
2021-10-30,ETH,593.0334334828718
2021-10-31,ETH,588.1672634481623
2021-11-01,ETH,592.5875622504836
2021-11-02,ETH,629.6922802540781
2021-11-03,ETH,631.5388731119069
2021-11-04,ETH,621.7941858391297
2021-11-05,ETH,613.8261239384834
2021-11-06,ETH,619.8296085936536
2021-11-07,ETH,632.8065193233732
2021-11-08,ETH,659.612297814545
2021-11-09,ETH,649.2337874360347
2021-11-10,ETH,635.027644016408
2021-11-11,ETH,647.4050294275013
2021-11-12,ETH,640.0598153407143
2021-11-13,ETH,637.1541068170282
2021-11-14,ETH,634.7148481979943
2021-11-15,ETH,626.1102193686463
2021-11-16,ETH,577.5418090024832
2021-11-17,ETH,588.2482062257344
2021-11-18,ETH,548.3393011482899
2021-11-19,ETH,589.2030566187871
2021-11-20,ETH,605.3106693556132
2021-11-21,ETH,584.2024392586192
2021-11-22,ETH,560.558916738692
2021-11-23,ETH,595.3327571305099
2021-11-24,ETH,585.7184014487385
2021-11-25,ETH,620.7693679603792
2021-11-26,ETH,554.4168690236106
2021-11-27,ETH,561.8375382420327
2021-11-28,ETH,589.2058004417555
2021-11-29,ETH,609.7501749187142
2021-11-30,ETH,635.2306869160802
2021-12-01,ETH,628.7401736839939
2021-12-02,ETH,618.8980806958335
2021-12-03,ETH,578.3608401585929
2021-12-04,ETH,564.8502558614919
2021-12-05,ETH,575.7144229054342
2021-12-06,ETH,596.4508649901909
2021-12-07,ETH,590.7999615864784
2021-12-08,ETH,608.7047783676998
2021-12-09,ETH,563.2574666282533
2021-12-10,ETH,534.7628650999437
2021-12-11,ETH,561.0253666433442
2021-12-12,ETH,566.5994430039374
2021-12-13,ETH,518.8473199709155
2021-12-14,ETH,529.419269868708
2021-12-15,ETH,551.3822008204031
2021-12-16,ETH,543.0176565008027
2021-12-17,ETH,531.6733204373654
2021-12-18,ETH,543.2673443909399
2021-12-19,ETH,538.3572731887339
2021-12-20,ETH,541.1820389348479
2021-12-21,ETH,550.7058484586576
2021-12-22,ETH,545.9535470771426
2021-12-23,ETH,564.0490595546776
2021-12-24,ETH,555.1247753494945
2021-12-25,ETH,561.7744303137562
2021-12-26,ETH,557.4844631024407
2021-12-27,ETH,553.8722201643551
2021-12-28,ETH,520.3317281968967
2021-12-29,ETH,498.02993510858687
2021-12-30,ETH,508.87901112620216
2021-12-31,ETH,504.34621558217066
2022-01-01,ETH,516.5987570481952
2022-01-02,ETH,525.2047577890274
2022-01-03,ETH,516.6467739501447
2022-01-04,ETH,519.2835878229137
2022-01-05,ETH,485.74309585545546
2022-01-06,ETH,467.38417637294043
2022-01-07,ETH,438.9074096939265
2022-01-08,ETH,422.67906874648446
2022-01-09,ETH,432.42238410777736
2022-01-10,ETH,422.9164094332633
2022-01-11,ETH,444.4609073822557
2022-01-12,ETH,462.50703104635693
2022-01-13,ETH,444.58300750435586
2022-01-14,ETH,453.7487481307706
2022-01-15,ETH,456.30324731448326
2022-01-16,ETH,459.1623108477042
2022-01-17,ETH,440.3383133720213
2022-01-18,ETH,433.5034503573829
2022-01-19,ETH,423.10024557215564
2022-01-20,ETH,411.7764881809826
2022-01-21,ETH,352.32744783306583
2022-01-22,ETH,330.92974441289044
2022-01-23,ETH,348.3296977679001
2022-01-24,ETH,334.64899644674927
2022-01-25,ETH,337.32971148701483
2022-01-26,ETH,337.9004266644716
2022-01-27,ETH,332.58564157440566
2022-01-28,ETH,349.1501008354941
2022-01-29,ETH,356.8931692527198
2022-01-30,ETH,356.9274670398266
2022-01-31,ETH,368.6243843547214
2022-02-01,ETH,382.38328463047566
2022-02-02,ETH,367.7641958540835
2022-02-03,ETH,369.7932529393204
2022-02-04,ETH,410.8861176276906
2022-02-05,ETH,413.30891330891336
2022-02-06,ETH,419.1175865333169
2022-02-07,ETH,430.74865209696674
2022-02-08,ETH,427.5822803912692
2022-02-09,ETH,445.0398540286181
2022-02-10,ETH,421.5184316307912
2022-02-11,ETH,401.6325746662825
2022-02-12,ETH,400.4444993209039
2022-02-13,ETH,393.89362198350966
2022-02-14,ETH,401.9357671043064
2022-02-15,ETH,436.7507648406525
2022-02-16,ETH,428.35192273394523
2022-02-17,ETH,396.73896640188775
2022-02-18,ETH,381.3200532301656
2022-02-19,ETH,379.145573527596
2022-02-20,ETH,359.713819264381
2022-02-21,ETH,352.3096129837703
2022-02-22,ETH,361.6756526868886
2022-02-23,ETH,353.9133775088831
2022-02-24,ETH,356.175659546446
2022-02-25,ETH,379.8123225089517
2022-02-26,ETH,381.3186813186813
2022-02-27,ETH,359.0004252925601
2022-02-28,ETH,400.7284849981479
2022-03-01,ETH,408.32613079804094
2022-03-02,ETH,404.3434717592022
2022-03-03,ETH,388.798342730927
2022-03-04,ETH,359.7289102907081
2022-03-05,ETH,365.63498923049485
2022-03-06,ETH,350.01440507058487
2022-03-07,ETH,341.75961366972604
2022-03-08,ETH,353.40028261376574
2022-03-09,ETH,374.11751793774266
2022-03-10,ETH,357.61616660493064
2022-03-11,ETH,350.7785597673239
2022-03-12,ETH,352.41662207954346
2022-03-13,ETH,345.1249125406429
2022-03-14,ETH,355.244131648626
2022-03-15,ETH,359.1293849720816
2022-03-16,ETH,380.54217941858394
2022-03-17,ETH,385.77053408514087
2022-03-18,ETH,403.193809935383
2022-03-19,ETH,404.8291284246341
2022-03-20,ETH,392.5560082863454
2022-03-21,ETH,396.48653468878194
2022-03-22,ETH,407.4083220150636
2022-03-23,ETH,416.51232662468624
2022-03-24,ETH,426.76873688109646
2022-03-25,ETH,425.5861491816548
2022-03-26,ETH,431.4661618032405
2022-03-27,ETH,452.1340083137836
2022-03-28,ETH,457.2471224156618
2022-03-29,ETH,466.51987213784975
2022-03-30,ETH,464.50041843300266
2022-03-31,ETH,450.19412547502446
2022-04-01,ETH,474.0242279568123
2022-04-02,ETH,472.45476121880614
2022-04-03,ETH,483.1748775569
2022-04-04,ETH,482.84424688919074
2022-04-05,ETH,467.40887077965726
2022-04-06,ETH,434.6915257027617
2022-04-07,ETH,442.74190229246415
2022-04-08,ETH,437.9676503272009
2022-04-09,ETH,447.0469605301067
2022-04-10,ETH,439.42873605794955
2022-04-11,ETH,408.79395261417733
2022-04-12,ETH,415.3681524468041
2022-04-13,ETH,427.8004143172683
2022-04-14,ETH,414.5889067237382
2022-04-15,ETH,417.1379182615138
2022-04-16,ETH,419.70888038303775
2022-04-17,ETH,409.9353829690909
2022-04-18,ETH,419.1957854879203
2022-04-19,ETH,425.5353884567368
2022-04-20,ETH,422.00546020770736
2022-04-21,ETH,409.32076662413743
2022-04-22,ETH,406.4136861889671
2022-04-23,ETH,402.38575407114735
2022-04-24,ETH,400.73534455556927
2022-04-25,ETH,412.4816506838979
2022-04-26,ETH,385.46185400117986
2022-04-27,ETH,396.3397401599649
2022-04-28,ETH,402.920799550013
2022-04-29,ETH,386.48529996844604
2022-04-30,ETH,374.073616770246
2022-05-01,ETH,387.5389279883662
2022-05-02,ETH,391.8920031279582
2022-05-03,ETH,381.6246175796738
2022-05-04,ETH,403.42977871067757
2022-05-05,ETH,376.9971601432276
2022-05-06,ETH,369.4351840419256
2022-05-07,ETH,361.5453210958829
2022-05-08,ETH,345.68190860325694
2022-05-09,ETH,305.7373338272215
2022-05-10,ETH,321.30852917369776
2022-05-11,ETH,286.0421725590265
2022-05-12,ETH,268.9248329697768
2022-05-13,ETH,275.71167908246565
2022-05-14,ETH,282.1308529173698
2022-05-15,ETH,294.31479880918084
2022-05-16,ETH,277.62823942599226
2022-05-17,ETH,286.8282778395138
2022-05-18,ETH,262.73614026423013
2022-05-19,ETH,277.0643838059569
2022-05-20,ETH,268.7684350605699
2022-05-21,ETH,270.9621215239193
2022-05-22,ETH,280.30758255477355
2022-05-23,ETH,270.72203701417186
2022-05-24,ETH,271.5575311080929
2022-05-25,ETH,266.51164066894404
2022-05-26,ETH,245.8780919455077
2022-05-27,ETH,236.96615494368305
2022-05-28,ETH,245.8767200340234
2022-05-29,ETH,248.81535443333198
2022-05-30,ETH,274.2149236531259
2022-05-31,ETH,266.41149113059225
2022-06-01,ETH,249.40664828305282
2022-06-02,ETH,251.61954150718196
2022-06-03,ETH,243.5307513959199
2022-06-04,ETH,247.5724026285824
2022-06-05,ETH,247.79876802348713
2022-06-06,ETH,255.15358549066414
2022-06-07,ETH,248.7728251773196
2022-06-08,ETH,245.8300750435582
2022-06-09,ETH,245.40889821788699
2022-06-10,ETH,228.1365326309147
2022-06-11,ETH,210.29893951242266
2022-06-12,ETH,196.84734740914516
2022-06-13,ETH,165.9765951900783
2022-06-14,ETH,165.8503793335254
2022-06-15,ETH,169.7767900015091
2022-06-16,ETH,146.58874209436007
2022-06-17,ETH,149.11854687135587
2022-06-18,ETH,136.5230275342635
2022-06-19,ETH,154.8243267344391
2022-06-20,ETH,154.78454130139525
2022-06-21,ETH,154.45665445665443
2022-06-22,ETH,144.07677216665982
2022-06-23,ETH,157.0454514274739
2022-06-24,ETH,168.0619006461703
2022-06-25,ETH,170.44079515989628
2022-06-26,ETH,164.32618567450027
2022-06-27,ETH,163.60181641080518
2022-06-28,ETH,156.95353335802773
2022-06-29,ETH,150.93907341098353
2022-06-30,ETH,146.9330918769121
2022-07-01,ETH,145.38557572265438
2022-07-02,ETH,146.3843272832037
2022-07-03,ETH,147.37896310930017
2022-07-04,ETH,157.90701183959612
2022-07-05,ETH,155.3689755936947
2022-07-06,ETH,162.7869009891482
2022-07-07,ETH,169.7726742670563
2022-07-08,ETH,166.5555418364407
2022-07-09,ETH,166.9643714587535
2022-07-10,ETH,160.28865017629062
2022-07-11,ETH,150.41637513547627
2022-07-12,ETH,142.48398293342112
2022-07-13,ETH,152.9681304962204
2022-07-14,ETH,163.72666035587386
2022-07-15,ETH,168.91660150087117
2022-07-16,ETH,186.01061859488826
2022-07-17,ETH,183.6509308419421
2022-07-18,ETH,216.90469330918768
2022-07-19,ETH,211.59265204209024
2022-07-20,ETH,208.74730762371212
2022-07-21,ETH,216.1377947894802
2022-07-22,ETH,210.62545444567914
2022-07-23,ETH,212.4638158346024
2022-07-24,ETH,219.19029784198324
2022-07-25,ETH,197.66363474228643
2022-07-26,ETH,198.80643700868418
2022-07-27,ETH,224.40904912815026
2022-07-28,ETH,236.5888792855085
2022-07-29,ETH,236.19925642397553
2022-07-30,ETH,232.81337888079463
2022-07-31,ETH,230.2232099984909
2022-08-01,ETH,223.65998545773826
2022-08-02,ETH,223.74641588124734
2022-08-03,ETH,221.99722873880182
2022-08-04,ETH,220.59787902484533
2022-08-05,ETH,238.27495849967758
2022-08-06,ETH,231.93535553086116
2022-08-07,ETH,233.2510186442771
2022-08-08,ETH,243.79553031238424
2022-08-09,ETH,233.60359989573473
2022-08-10,ETH,254.2933969900262
2022-08-11,ETH,257.94542536115574
2022-08-12,ETH,268.6586821418282
2022-08-13,ETH,272.12550246258115
2022-08-14,ETH,265.50740146245766
2022-08-15,ETH,260.5342223319751
2022-08-16,ETH,257.46251251869234
2022-08-17,ETH,251.64286400241457
2022-08-18,ETH,253.30836454431963
2022-08-19,ETH,220.7419297306938
2022-08-20,ETH,216.21873756705216
2022-08-21,ETH,221.99311300434897
2022-08-22,ETH,222.88897120357797
2022-08-23,ETH,228.47951050198242
2022-08-24,ETH,227.26536883840254
2022-08-25,ETH,232.55408761026737
2022-08-26,ETH,206.90894623478897
2022-08-27,ETH,204.5602337737169
2022-08-28,ETH,195.73884292985417
2022-08-29,ETH,212.89322412917917
2022-08-30,ETH,209.16025298047768
2022-08-31,ETH,213.20876377056152
2022-09-01,ETH,217.60711198913447
2022-09-02,ETH,216.12407567463748
2022-09-03,ETH,213.66972602927657
2022-09-04,ETH,216.663236887956
2022-09-05,ETH,221.94783992536804
2022-09-06,ETH,213.8823723093386
2022-09-07,ETH,223.6215719361787
2022-09-08,ETH,224.3582884032322
2022-09-09,ETH,235.72594696190203
2022-09-10,ETH,243.39356024749281
2022-09-11,ETH,242.2946591485917
2022-09-12,ETH,235.4707714258276
2022-09-13,ETH,215.99374408363175
2022-09-14,ETH,224.7726056714821
2022-09-15,ETH,202.04826384601668
2022-09-16,ETH,196.71838772962371
2022-09-17,ETH,201.51047454418242
2022-09-18,ETH,183.08295948745388
2022-09-19,ETH,188.77227641272586
2022-09-20,ETH,181.49428598866803
2022-09-21,ETH,170.909988887517
2022-09-22,ETH,181.9785707426157
2022-09-23,ETH,182.0869517498731
2022-09-24,ETH,180.69857732779084
2022-09-25,ETH,177.611776488181
2022-09-26,ETH,183.31069679384288
2022-09-27,ETH,182.19258893416196
2022-09-28,ETH,183.4520036767228
2022-09-29,ETH,183.24621695408214
2022-09-30,ETH,182.28862273806095
2022-10-01,ETH,179.96597659519009
2022-10-02,ETH,175.15468301985157
2022-10-03,ETH,181.51623657241635
2022-10-04,ETH,186.78437667201712
2022-10-05,ETH,185.50987090312933
2022-10-06,ETH,185.49066414234954
2022-10-07,ETH,182.61513767131746
2022-10-08,ETH,180.4722119328861
2022-10-09,ETH,181.52172421835346
2022-10-10,ETH,176.9806972054163
2022-10-11,ETH,175.61976101301943
2022-10-12,ETH,177.58571016997985
2022-10-13,ETH,176.57598331755636
2022-10-14,ETH,177.83676997160143
2022-10-15,ETH,174.9077389526828
2022-10-16,ETH,179.16478028837582
2022-10-17,ETH,182.6562950158456
2022-10-18,ETH,179.81781015488883
2022-10-19,ETH,176.3029729321864
2022-10-20,ETH,175.95725123815012
2022-10-21,ETH,178.31419516812775
2022-10-22,ETH,180.2156644853274
2022-10-23,ETH,187.15616468425458
2022-10-24,ETH,184.3313989381405
2022-10-25,ETH,200.26340700498005
2022-10-26,ETH,214.85505755168677
2022-10-27,ETH,207.71425827605606
2022-10-28,ETH,213.25129302657393
2022-10-29,ETH,222.18792443511543
2022-10-30,ETH,218.1942901044025
2022-10-31,ETH,215.7591472198214
2022-11-01,ETH,216.5534839692143
2022-11-02,ETH,208.30280830280833
2022-11-03,ETH,210.04102015337972
2022-11-04,ETH,225.64925710993128
2022-11-05,ETH,223.20725466792885
2022-11-06,ETH,215.1555061667421
2022-11-07,ETH,215.12943984854095
2022-11-08,ETH,183.1186291860449
2022-11-09,ETH,151.28479510501984
2022-11-10,ETH,178.24971532836702
2022-11-11,ETH,176.87780384409598
2022-11-12,ETH,172.48357135997585
2022-11-13,ETH,167.57761589222264
2022-11-14,ETH,170.56701101644921
2022-11-15,ETH,171.9320629432989
2022-11-16,ETH,166.84775898259045
2022-11-17,ETH,164.68837030634785
2022-11-18,ETH,166.35524275973714
2022-11-19,ETH,167.05354570523113
2022-11-20,ETH,156.7011016449219
2022-11-21,ETH,151.91724629926878
2022-11-22,ETH,156.34303274752713
2022-11-23,ETH,162.50565913487262
2022-11-24,ETH,165.14110109615729
2022-11-25,ETH,164.5333443086252
2022-11-26,ETH,165.39764854371595
2022-11-27,ETH,163.78976828415034
2022-11-28,ETH,160.20770739871864
2022-11-29,ETH,166.89166015008712
2022-11-30,ETH,177.5884539929484
2022-12-01,ETH,175.11215376383916
2022-12-02,ETH,177.743479990671
2022-12-03,ETH,170.18699153530613
2022-12-04,ETH,175.5237272091205
2022-12-05,ETH,172.77990424057842
2022-12-06,ETH,174.4138508183452
2022-12-07,ETH,168.9069981204813
2022-12-08,ETH,175.62936439340936
2022-12-09,ETH,173.2861395782744
2022-12-10,ETH,173.7320108106625
2022-12-11,ETH,173.27379237491598
2022-12-12,ETH,174.97359070392778
2022-12-13,ETH,181.1869778161913
2022-12-14,ETH,179.3691950995322
2022-12-15,ETH,173.75807712886365
2022-12-16,ETH,160.07874771919714
2022-12-17,ETH,162.8678437667202
2022-12-18,ETH,162.30536005816904
2022-12-19,ETH,160.21456695613998
2022-12-20,ETH,166.95339616687932
2022-12-21,ETH,166.51987213784966
2022-12-22,ETH,167.05903335116818
2022-12-23,ETH,167.37182916958199
2022-12-24,ETH,167.42944945192139
2022-12-25,ETH,167.16878626990987
2022-12-26,ETH,168.48582129481005
2022-12-27,ETH,166.21393587685722
2022-12-28,ETH,163.27804530051725
2022-12-29,ETH,164.69660177525347
2022-12-30,ETH,164.6280062010399
2022-12-31,ETH,164.09844836811132
2023-01-01,ETH,164.67602310298938
2023-01-02,ETH,166.55005419050363
2023-01-03,ETH,166.62550932213853
2023-01-04,ETH,172.4355544580264
2023-01-05,ETH,171.65905255792896
2023-01-06,ETH,174.11477411477415
2023-01-07,ETH,173.4192149922487
2023-01-08,ETH,176.99853205471186
2023-01-09,ETH,181.1458204716632
2023-01-10,ETH,183.23524166220795
2023-01-11,ETH,190.61200971313332
2023-01-12,ETH,194.2516908809044
2023-01-13,ETH,199.0917945974126
2023-01-14,ETH,212.63256094716772
2023-01-15,ETH,212.9920017560467
2023-01-16,ETH,216.34220960063658
2023-01-17,ETH,214.7823462430204
2023-01-18,ETH,207.35481746717704
2023-01-19,ETH,212.79581841379596
2023-01-20,ETH,227.5342634893197
2023-01-21,ETH,223.16335350043218
2023-01-22,ETH,223.27036259620533
2023-01-23,ETH,223.11259277551412
2023-01-24,ETH,213.46531121812023
2023-01-25,ETH,221.14389979558518
2023-01-26,ETH,219.65537583515112
2023-01-27,ETH,219.17932255010908
2023-01-28,ETH,215.67820444224938
2023-01-29,ETH,225.64102564102564
2023-01-30,ETH,214.8687766665295
2023-01-31,ETH,217.49324333593995
2023-02-01,ETH,225.22396454980728
2023-02-02,ETH,225.42151980354225
2023-02-03,ETH,228.22021923145522
2023-02-04,ETH,228.6125859159567
2023-02-05,ETH,223.48712461072014
2023-02-06,ETH,221.46629899438886
2023-02-07,ETH,229.25052475614277
2023-02-08,ETH,226.42438709854443
2023-02-09,ETH,212.00834122182437
2023-02-10,ETH,207.5784390391132
2023-02-11,ETH,211.06995376658298
2023-02-12,ETH,207.82126737182915
2023-02-13,ETH,206.50560425841326
2023-02-14,ETH,213.42964151952918
2023-02-15,ETH,229.78419832352418
2023-02-16,ETH,224.69715053984717
2023-02-17,ETH,232.38397058621777
2023-02-18,ETH,232.07529050225676
2023-02-19,ETH,230.44683157042707
2023-02-20,ETH,233.67356738143258
2023-02-21,ETH,227.7043805133693
2023-02-22,ETH,225.42426362651082
2023-02-23,ETH,226.4381062133871
2023-02-24,ETH,220.575928441097
2023-02-25,ETH,218.76226145889066
2023-02-26,ETH,225.18006338231058
2023-02-27,ETH,224.09488139825223
2023-02-28,ETH,220.22334718963933
2023-03-01,ETH,228.45344418378127
2023-03-02,ETH,226.07180584708675
2023-03-03,ETH,215.3146478989176
2023-03-04,ETH,214.94148797519586
2023-03-05,ETH,214.64652700607755
2023-03-06,ETH,214.81938785309575
2023-03-07,ETH,214.28708619719856
2023-03-08,ETH,210.22897202672488
2023-03-09,ETH,197.18758145724436
2023-03-10,ETH,195.6949417623575
2023-03-11,ETH,201.94125475024353
2023-03-12,ETH,216.80728759380443
2023-03-13,ETH,229.58252733533632
2023-03-14,ETH,233.14263763701967
2023-03-15,ETH,226.35990725878366
2023-03-16,ETH,229.6209408568959
2023-03-17,ETH,245.47200614616344
2023-03-18,ETH,241.2972794995267
2023-03-19,ETH,244.29353418117464
2023-03-20,ETH,237.72207817151636
2023-03-21,ETH,247.1128122813516
2023-03-22,ETH,237.93472445157838
2023-03-23,ETH,248.83593310559604
2023-03-24,ETH,240.02551755360747
2023-03-25,ETH,238.97051762220306
2023-03-26,ETH,243.36063437187033
2023-03-27,ETH,235.31300160513644
2023-03-28,ETH,243.23853424977023
2023-03-29,ETH,245.99333251018643
2023-03-30,ETH,246.06741573033707
2023-03-31,ETH,249.89642068293753
2023-04-01,ETH,249.79627114458575
2023-04-02,ETH,246.1908877639215
2023-04-03,ETH,248.38594613875514
2023-04-04,ETH,256.59820828360154
2023-04-05,ETH,261.8553730913282
2023-04-06,ETH,256.87807822639286
2023-04-07,ETH,255.6858871465613
2023-04-08,ETH,253.64173903499747
2023-04-09,ETH,255.0273696341112
2023-04-10,ETH,262.0625317254531
2023-04-11,ETH,259.2720637664458
2023-04-12,ETH,263.048936082644
2023-04-13,ETH,276.02996254681653
2023-04-14,ETH,288.100039785433
2023-04-15,ETH,286.8118149017025
2023-04-16,ETH,290.6627704380514
2023-04-17,ETH,284.5344418378126
2023-04-18,ETH,288.5815807164122
2023-04-19,ETH,265.29063944794285
2023-04-20,ETH,266.55965757089353
2023-04-21,ETH,253.6362513890604
2023-04-22,ETH,257.1181627361403
2023-04-23,ETH,255.4499183712667
2023-04-24,ETH,252.68414481897628
2023-04-25,ETH,256.0124020798178
2023-04-26,ETH,256.0000548764594
2023-04-27,ETH,261.8540011798439
2023-04-28,ETH,259.4202302067471
2023-04-29,ETH,261.73327296922804
2023-04-30,ETH,256.5597947620419
2023-05-01,ETH,251.15995115995116
2023-05-02,ETH,256.5584228505577
2023-05-03,ETH,261.3656006914434
2023-05-04,ETH,257.51738897806314
2023-05-05,ETH,273.46311615974537
2023-05-06,ETH,260.15969049676914
2023-05-07,ETH,256.6023240180544
2023-05-08,ETH,253.4688781879793
2023-05-09,ETH,253.32619939361513
2023-05-10,ETH,252.5469536705492
2023-05-11,ETH,246.16207762275178
2023-05-12,ETH,247.96614122456822
2023-05-13,ETH,246.27320245297773
2023-05-14,ETH,246.83568616152888
2023-05-15,ETH,249.16656377330537
2023-05-16,ETH,250.26546487220648
2023-05-17,ETH,249.97873537199376
2023-05-18,ETH,247.02089421190547
2023-05-19,ETH,248.6342621174082
2023-05-20,ETH,249.60831927124065
2023-05-21,ETH,247.6176757075634
2023-05-22,ETH,249.32433359399653
2023-05-23,ETH,254.35924874127122
2023-05-24,ETH,246.9289761424593
2023-05-25,ETH,247.71233759997804
2023-05-26,ETH,250.75660918357548
2023-05-27,ETH,251.0447105952724
2023-05-28,ETH,261.84851353390684
2023-05-29,ETH,259.64796751313605
2023-05-30,ETH,260.74412478906856
2023-05-31,ETH,257.04545142747395
2023-06-01,ETH,255.41973631861273
2023-06-02,ETH,261.57961888298973
2023-06-03,ETH,259.57388429298544
2023-06-04,ETH,259.2926424387099
2023-06-05,ETH,248.38457422727086
2023-06-06,ETH,258.55592597165634
2023-06-07,ETH,251.35201876774914
2023-06-08,ETH,253.20547118299928
2023-06-09,ETH,252.48247383078842
2023-06-10,ETH,240.29441220452458
2023-06-11,ETH,240.4631573170899
2023-06-12,ETH,239.0651795146177
2023-06-13,ETH,238.72906120097133
2023-06-14,ETH,226.4957264957265
2023-06-15,ETH,228.69215678204444
2023-06-16,ETH,235.68341770588967
2023-06-17,ETH,237.03337860641233
2023-06-18,ETH,236.09910688562374
2023-06-19,ETH,238.3161158442057
2023-06-20,ETH,245.84516606988518
2023-06-21,ETH,259.16917040512544
2023-06-22,ETH,256.823201767022
2023-06-23,ETH,259.6520832475889
2023-06-24,ETH,257.22791565488194
2023-06-25,ETH,260.4985526333841
2023-06-26,ETH,255.03422919153257
2023-06-27,ETH,259.2336502448862
2023-06-28,ETH,250.7881631477137
2023-06-29,ETH,254.07663497551138
2023-06-30,ETH,265.29887091684844
2023-07-01,ETH,264.0243651479607
2023-07-02,ETH,265.80510625454446
2023-07-03,ETH,268.28277839513794
2023-07-04,ETH,265.6295015845578
2023-07-05,ETH,262.0844823092014
2023-07-06,ETH,253.27818249166566
2023-07-07,ETH,256.6722915037522
2023-07-08,ETH,255.89441769217052
2023-07-09,ETH,255.5596712900084
2023-07-10,ETH,257.9742355023254
2023-07-11,ETH,257.68613409062846
2023-07-12,ETH,256.7971354488209
2023-07-13,ETH,274.9982851106447
2023-07-14,ETH,265.85312315649395
2023-07-15,ETH,264.97235598359197
2023-07-16,ETH,263.6964783032199
2023-07-17,ETH,262.1997228738802
2023-07-18,ETH,260.280418707385
2023-07-19,ETH,259.1033186538805
2023-07-20,ETH,259.5094044532247
2023-07-21,ETH,259.5286112140045
2023-07-22,ETH,256.0700223621572
2023-07-23,ETH,259.11703776872315
2023-07-24,ETH,253.80362459014148
2023-07-25,ETH,254.8545087870931
2023-07-26,ETH,256.8218298555377
2023-07-27,ETH,255.35114074439917
2023-07-28,ETH,257.1222784705931
2023-07-29,ETH,257.982466971231
2023-07-30,ETH,255.421108230097
2023-07-31,ETH,254.64597824148387
2023-08-01,ETH,257.02350084372557
2023-08-02,ETH,252.41799399102774
2023-08-03,ETH,251.85688219396084
2023-08-04,ETH,251.0913555857376
2023-08-05,ETH,251.94880026340704
2023-08-06,ETH,251.09821514315897
2023-08-07,ETH,250.93632958801498
2023-08-08,ETH,254.66792882523222
2023-08-09,ETH,254.53759723422644
2023-08-10,ETH,254.1424867267564
2023-08-11,ETH,253.64448285796598
2023-08-12,ETH,253.79402120975158
2023-08-13,ETH,252.5318626442222
2023-08-14,ETH,253.1862644222195
2023-08-15,ETH,250.91986665020377
2023-08-16,ETH,248.01553003800194
2023-08-17,ETH,230.68554416869023
2023-08-18,ETH,227.95544031499085
2023-08-19,ETH,229.0639447942819
2023-08-20,ETH,231.2000109752919
2023-08-21,ETH,228.7730995596164
2023-08-22,ETH,224.30615576682996
2023-08-23,ETH,230.42762480964728
2023-08-24,ETH,227.89644812116725
2023-08-25,ETH,226.88672126874377
2023-08-26,ETH,225.95930910537652
2023-08-27,ETH,227.5081971711185
2023-08-28,ETH,226.7879436418762
2023-08-29,ETH,237.26111591280136
2023-08-30,ETH,233.94246203234968
2023-08-31,ETH,225.7837044353898
2023-09-01,ETH,223.50084372556282
2023-09-02,ETH,224.58602570962123
2023-09-03,ETH,224.42276824299293
2023-09-04,ETH,223.69153942187648
2023-09-05,ETH,224.23207254667932
2023-09-06,ETH,224.05372405372407
2023-09-07,ETH,226.1061036341935
2023-09-08,ETH,224.50508293204922
2023-09-09,ETH,224.38161089846483
2023-09-10,ETH,221.89570728896575
2023-09-11,ETH,212.90008368660054
2023-09-12,ETH,218.54138370992305
2023-09-13,ETH,220.5512340343801
2023-09-14,ETH,223.13728718223103
2023-09-15,ETH,225.1704600019207
2023-09-16,ETH,224.22521298925795
2023-09-17,ETH,222.5898945000069
2023-09-18,ETH,224.53526498470322
2023-09-19,ETH,225.42151980354225
2023-09-20,ETH,222.5597124473529
2023-09-21,ETH,217.30254763962628
2023-09-22,ETH,218.55647473625
2023-09-23,ETH,218.66348383202316
2023-09-24,ETH,216.85942023020678
2023-09-25,ETH,217.90481678122129
2023-09-26,ETH,218.68406250428723
2023-09-27,ETH,219.31925752150474
2023-09-28,ETH,226.77559643851782
2023-09-29,ETH,228.7593804447737
2023-09-30,ETH,229.23131799536299
2023-10-01,ETH,237.86064123142773
2023-10-02,ETH,228.06656514521686
2023-10-03,ETH,227.30927000589924
2023-10-04,ETH,225.89620117710007
2023-10-05,ETH,221.12332112332115
2023-10-06,ETH,225.68355489703805
2023-10-07,ETH,224.11134433606344
2023-10-08,ETH,224.01119479771165
2023-10-09,ETH,216.77984936411906
2023-10-10,ETH,215.06496000878025
2023-10-11,ETH,214.96069473597564
2023-10-12,ETH,211.22086402985278
2023-10-13,ETH,212.94261294261295
2023-10-14,ETH,213.32400433524032
2023-10-15,ETH,213.712255285289
2023-10-16,ETH,219.4262666172779
2023-10-17,ETH,214.70551919990123
2023-10-18,ETH,214.49012909687067
2023-10-19,ETH,214.9195373914475
2023-10-20,ETH,220.03951105074702
2023-10-21,ETH,223.47614931884596
2023-10-22,ETH,228.24491363817208
2023-10-23,ETH,242.2054849021141
2023-10-24,ETH,244.8834561194112
2023-10-25,ETH,245.181160911498
2023-10-26,ETH,247.4077732504699
2023-10-27,ETH,244.11792951118798
2023-10-28,ETH,243.67891783622122
2023-10-29,ETH,246.27731818743058
2023-10-30,ETH,248.18427515056732
2023-10-31,ETH,248.9566613162119
2023-11-01,ETH,253.39067923337586
2023-11-02,ETH,247.05382008752795
2023-11-03,ETH,251.43158963383684
2023-11-04,ETH,254.56366355242758
2023-11-05,ETH,259.52586739103594
2023-11-06,ETH,260.7935136025024
2023-11-07,ETH,258.6423563951654
2023-11-08,ETH,259.03335116818266
2023-11-09,ETH,291.0263269813832
2023-11-10,ETH,285.0447929099615
2023-11-11,ETH,281.6767502160761
2023-11-12,ETH,280.51199736593
2023-11-13,ETH,281.7426019673211
2023-11-14,ETH,271.5547872851244
2023-11-15,ETH,282.405235214224
2023-11-16,ETH,269.1374792498388
2023-11-17,ETH,269.00714765883305
2023-11-18,ETH,269.2513479030333
2023-11-19,ETH,275.95587932666587
2023-11-20,ETH,277.31818743054697
2023-11-21,ETH,265.1918618210753
2023-11-22,ETH,283.0541493462842
2023-11-23,ETH,282.9155862863728
2023-11-24,ETH,285.472829293054
2023-11-25,ETH,285.781509377015
2023-11-26,ETH,282.93342113566837
2023-11-27,ETH,278.1550534359523
2023-11-28,ETH,280.98667873948773
2023-11-29,ETH,278.3347738403918
2023-11-30,ETH,281.51074892647927
2023-12-01,ETH,286.3508526429875
2023-12-02,ETH,296.98316664608797
2023-12-03,ETH,300.8533289432166
2023-12-04,ETH,307.77050664691114
2023-12-05,ETH,314.6245764223292
2023-12-06,ETH,306.3066770931939
2023-12-07,ETH,323.18530408418053
2023-12-08,ETH,323.5955056179775
2023-12-09,ETH,321.0945109821514
2023-12-10,ETH,322.72708564843396
2023-12-11,ETH,305.2667681881165
2023-12-12,ETH,302.29520791318544
2023-12-13,ETH,310.0739460290022
2023-12-14,ETH,317.6414097762413
2023-12-15,ETH,304.6329450823833
2023-12-16,ETH,305.7935821980766
2023-12-17,ETH,301.34310134310135
2023-12-18,ETH,304.4861505535663
2023-12-19,ETH,298.789974070873
2023-12-20,ETH,302.1182313317145
2023-12-21,ETH,307.25466792882526
2023-12-22,ETH,318.9063121647391
2023-12-23,ETH,316.66460879944026
2023-12-24,ETH,310.6076195963837
2023-12-25,ETH,311.6091149799015
2023-12-26,ETH,306.0569892030566
2023-12-27,ETH,326.28856786160156
2023-12-28,ETH,321.5966305853947
2023-12-29,ETH,315.4298884635963
2023-12-30,ETH,314.3982110274245
2023-12-31,ETH,313.0523658613546
2024-01-01,ETH,322.67906874648446
2024-01-02,ETH,323.13179953629395
2024-01-03,ETH,303.1540245023391
2024-01-04,ETH,311.0274245105706
2024-01-05,ETH,311.25653372844386
2024-01-06,ETH,307.415181572485
2024-01-07,ETH,304.75916093893625
2024-01-08,ETH,319.71573994045906
2024-01-09,ETH,321.61583734617443
2024-01-10,ETH,354.55406017203774
2024-01-11,ETH,359.1677984936412
2024-01-12,ETH,346.07015955330564
2024-01-13,ETH,353.70484696327395
2024-01-14,ETH,339.25587521093144
2024-01-15,ETH,344.59398279623
2024-01-16,ETH,354.9683774402876
2024-01-17,ETH,347.11967183877294
2024-01-18,ETH,338.97326144517154
2024-01-19,ETH,341.8803418803419
2024-01-20,ETH,339.1378908232841
2024-01-21,ETH,337.0855112428147
2024-01-22,ETH,317.48775569000287
2024-01-23,ETH,307.6648694626223
2024-01-24,ETH,306.62496055754485
2024-01-25,ETH,304.3777695463089
2024-01-26,ETH,311.105623465174
2024-01-27,ETH,311.1412931637651
2024-01-28,ETH,309.6267028851299
2024-01-29,ETH,317.95420559465504
2024-01-30,ETH,321.44023267618775
2024-01-31,ETH,313.22659861985704
2024-02-01,ETH,316.12681949760605
2024-02-02,ETH,316.78259318708757
2024-02-03,ETH,315.0581004513588
2024-02-04,ETH,314.1389197568973
2024-02-05,ETH,315.79070118395964
2024-02-06,ETH,325.5052064040828
2024-02-07,ETH,332.7022540505687
2024-02-08,ETH,331.9408431767983
2024-02-09,ETH,341.13402203289843
2024-02-10,ETH,343.0107969433812
2024-02-11,ETH,343.96701924791813
2024-02-12,ETH,364.927082904611
2024-02-13,ETH,362.1832599360689
2024-02-14,ETH,380.679370567011
2024-02-15,ETH,387.23436363885804
2024-02-16,ETH,384.3821596630586
2024-02-17,ETH,382.2049361375204
2024-02-18,ETH,395.2751368481705
2024-02-19,ETH,404.0004938881344
2024-02-20,ETH,413.60524618951587
2024-02-21,ETH,407.1696094168004
2024-02-22,ETH,407.6497784362953
2024-02-23,ETH,400.90546157961893
2024-02-24,ETH,410.56097460591843
2024-02-25,ETH,427.01979668271804
2024-02-26,ETH,435.710855935575
2024-02-27,ETH,444.82309201410334
2024-02-28,ETH,464.1313742437338
2024-02-29,ETH,458.23078294988414
2024-03-01,ETH,471.03620474406995
2024-03-02,ETH,469.3857952284919
2024-03-03,ETH,478.49665939553586
2024-03-04,ETH,497.696560617909
2024-03-05,ETH,487.52932460797626
2024-03-06,ETH,523.8767474722532
2024-03-07,ETH,530.759627388841
2024-03-08,ETH,532.7626181558767
2024-03-09,ETH,535.7602447490088
2024-03-10,ETH,532.091753440068
2024-03-11,ETH,557.6545801264903
2024-03-12,ETH,546.0152830939348
2024-03-13,ETH,549.4217393093797
2024-03-14,ETH,532.5348808494875
2024-03-15,ETH,513.3953437324224
2024-03-16,ETH,483.336763112044
2024-03-17,ETH,500.0219505837483
2024-03-18,ETH,482.9759503916808
2024-03-19,ETH,433.3374490677861
2024-03-20,ETH,482.43678917836223
2024-03-21,ETH,479.1881027836084
2024-03-22,ETH,457.7176880547667
2024-03-23,ETH,456.78204442249387
2024-03-24,ETH,473.992673992674
2024-03-25,ETH,492.5738431356409
2024-03-26,ETH,492.14992248700116
2024-03-27,ETH,480.3322769614905
2024-03-28,ETH,488.46771206321773
2024-03-29,ETH,481.5052612805422
2024-03-30,ETH,480.9427775719911
2024-03-31,ETH,500.1015214498361
2024-04-01,ETH,480.6903458588852
2024-04-02,ETH,449.84428804653527
2024-04-03,ETH,454.216569946907
2024-04-04,ETH,456.48982727634416
2024-04-05,ETH,455.17965180886534
2024-04-06,ETH,459.8084811567958
2024-04-07,ETH,473.88566489690083
2024-04-08,ETH,506.86778889026084
2024-04-09,ETH,481.0456709333113
2024-04-10,ETH,486.4304235090752
2024-04-11,ETH,480.5147411888985
2024-04-12,ETH,444.1467396523576
2024-04-13,ETH,412.53515523178453
2024-04-14,ETH,432.85316431383853
2024-04-15,ETH,425.5655705093908
2024-04-16,ETH,423.12768380184116
2024-04-17,ETH,409.57182642575896
2024-04-18,ETH,420.40855524001597
2024-04-19,ETH,419.3192575215047
2024-04-20,ETH,432.9464542947689
2024-04-21,ETH,431.83246216954086
2024-04-22,ETH,439.0391131964166
2024-04-23,ETH,441.68141471512257
2024-04-24,ETH,430.88995897984665
2024-04-25,ETH,432.94782620625324
2024-04-26,ETH,429.58664306978915
2024-04-27,ETH,446.634015173341
2024-04-28,ETH,447.71645333443087
2024-04-29,ETH,441.3068828799166
2024-04-30,ETH,413.5009809167113
2024-05-01,ETH,407.79520105362803
2024-05-02,ETH,409.6788355215322
2024-05-03,ETH,425.65062902141557
2024-05-04,ETH,427.6563636114198
2024-05-05,ETH,430.28768983825165
2024-05-06,ETH,420.16161117284713
2024-05-07,ETH,412.3540629158607
2024-05-08,ETH,408.03528556337545
2024-05-09,ETH,416.54388058882444
2024-05-10,ETH,399.2248700113869
2024-05-11,ETH,399.5623602365175
2024-05-12,ETH,401.87265917602997
2024-05-13,ETH,404.8497070968981
2024-05-14,ETH,395.37528638652236
2024-05-15,ETH,416.0390171626127
2024-05-16,ETH,403.98677477329164
2024-05-17,ETH,424.19640284808827
2024-05-18,ETH,428.43972506893857
2024-05-19,ETH,421.340083137836
2024-05-20,ETH,502.3638034873991
2024-05-21,ETH,519.8995760793514
2024-05-22,ETH,512.7834712104376
2024-05-23,ETH,519.0778011002731
2024-05-24,ETH,511.48701485780146
2024-05-25,ETH,514.3652851518021
2024-05-26,ETH,524.9578137218587
2024-05-27,ETH,534.252514027795
2024-05-28,ETH,527.4574364462005
2024-05-29,ETH,516.8580483187225
2024-05-30,ETH,514.1800771014255
2024-05-31,ETH,516.1528858158072
2024-06-01,ETH,523.4967279911101
2024-06-02,ETH,518.7073849995198
2024-06-03,ETH,516.8072875938044
2024-06-04,ETH,522.7298294714025
2024-06-05,ETH,530.3796079076978
2024-06-06,ETH,523.1729568808221
2024-06-07,ETH,504.63294508238334
2024-06-08,ETH,505.07881631477136
2024-06-09,ETH,508.4852725302164
2024-06-10,ETH,503.1965537583515
2024-06-11,ETH,479.8027191285619
2024-06-12,ETH,488.41695133829967
2024-06-13,ETH,475.9709703529928
2024-06-14,ETH,477.67214059348896
2024-06-15,ETH,489.5995390377413
2024-06-16,ETH,497.2369702706781
2024-06-17,ETH,481.74123005583687
2024-06-18,ETH,477.89439025394086
2024-06-19,ETH,488.4704558861863
2024-06-20,ETH,481.96347971628876
2024-06-21,ETH,482.7070557407636
2024-06-22,ETH,479.585957114047
2024-06-23,ETH,469.3185715657626
2024-06-24,ETH,459.96487906600265
2024-06-25,ETH,465.7516017066579
2024-06-26,ETH,462.53172545307376
2024-06-27,ETH,473.369826178815
2024-06-28,ETH,463.72666035587383
2024-06-29,ETH,463.5414523054973
2024-06-30,ETH,471.6851188761301
2024-07-01,ETH,472.2393711157756
2024-07-02,ETH,469.3789356710705
2024-07-03,ETH,452.11068581855096
2024-07-04,ETH,419.7637568424085
2024-07-05,ETH,409.07382255696865
2024-07-06,ETH,420.7419297306938
2024-07-07,ETH,402.10725603984037
2024-07-08,ETH,414.18144901290975
2024-07-09,ETH,420.71723532397687
2024-07-10,ETH,425.43661082986927
2024-07-11,ETH,425.2335679301972
2024-07-12,ETH,429.94059623273114
2024-07-13,ETH,435.7094840240908
2024-07-14,ETH,445.19625193782497
2024-07-15,ETH,477.89027451948806
2024-07-16,ETH,472.50415003224
2024-07-17,ETH,464.6732792800209
2024-07-18,ETH,470.0854700854701
2024-07-19,ETH,480.65330424880995
2024-07-20,ETH,482.56986459233656
2024-07-21,ETH,485.09692554636376
2024-07-22,ETH,471.88267412986517
2024-07-23,ETH,477.7695463088722
2024-07-24,ETH,457.6436048346161
2024-07-25,ETH,435.64774800729856
2024-07-26,ETH,449.2475065508774
2024-07-27,ETH,445.7354131511435
2024-07-28,ETH,448.6370059403767
2024-07-29,ETH,455.15358549066417
2024-07-30,ETH,449.87858583364203
2024-07-31,ETH,443.5033131662345
2024-08-01,ETH,439.47812487138333
2024-08-02,ETH,410.1480292491529
2024-08-03,ETH,398.3537062188748
2024-08-04,ETH,368.8960228286071
2024-08-05,ETH,331.9463308227354
2024-08-06,ETH,337.6726893580826
2024-08-07,ETH,321.41142253501806
2024-08-08,ETH,368.0152556557051
2024-08-09,ETH,356.52961270938806
2024-08-10,ETH,358.057922102866
2024-08-11,ETH,350.57551686765174
2024-08-12,ETH,373.47546336310387
2024-08-13,ETH,370.75084715534155
2024-08-14,ETH,365.12738198131456
2024-08-15,ETH,352.56616043132897
2024-08-16,ETH,355.699606261404
2024-08-17,ETH,358.6876294741464
2024-08-18,ETH,358.36385836385836
2024-08-19,ETH,361.68525606727854
2024-08-20,ETH,352.9681304962204
2024-08-21,ETH,360.9101260786654
2024-08-22,ETH,359.8359193864812
2024-08-23,ETH,378.98780370690486
2024-08-24,ETH,379.74509884622245
2024-08-25,ETH,376.7447284301217
2024-08-26,ETH,367.7395014473666
2024-08-27,ETH,337.1239247643742
2024-08-28,ETH,346.86449630269857
2024-08-29,ETH,346.76571867583107
2024-08-30,ETH,346.5448409268634
2024-08-31,ETH,344.7627279087954
2024-09-01,ETH,332.78731256259346
2024-09-02,ETH,348.19250661947297
2024-09-03,ETH,332.7283203687698
2024-09-04,ETH,336.2157193617868
2024-09-05,ETH,324.97976430560703
2024-09-06,ETH,305.2818592144435
2024-09-07,ETH,311.91505124089394
2024-09-08,ETH,315.1692252815849
2024-09-09,ETH,323.70251471375065
2024-09-10,ETH,327.68380184110526
2024-09-11,ETH,321.10274245105705
2024-09-12,ETH,324.012566709196
2024-09-13,ETH,334.6352773319066
2024-09-14,ETH,331.69938675556654
2024-09-15,ETH,317.7484188720144
2024-09-16,ETH,314.9469756211329
2024-09-17,ETH,321.27423138659094
2024-09-18,ETH,325.794679727264
2024-09-19,ETH,338.2049910139798
2024-09-20,ETH,351.40140758118287
2024-09-21,ETH,358.3981561509652
2024-09-22,ETH,354.09035409035414
2024-09-23,ETH,363.14085415209007
2024-09-24,ETH,363.99555500679094
2024-09-25,ETH,353.9463033845056
2024-09-26,ETH,361.12277235872745
2024-09-27,ETH,369.6519460564404
2024-09-28,ETH,367.01513218367154
2024-09-29,ETH,364.60193988283874
2024-09-30,ETH,357.0029221714615
2024-10-01,ETH,335.81512120837965
2024-10-02,ETH,324.33359399651533
2024-10-03,ETH,322.37176057400785
2024-10-04,ETH,331.23568067388294
2024-10-05,ETH,331.2699784609897
2024-10-06,ETH,334.7505178965854
2024-10-07,ETH,332.3743672058279
2024-10-08,ETH,334.86850228423265
2024-10-09,ETH,325.20750161199595
2024-10-10,ETH,327.40530380979817
2024-10-11,ETH,334.67780658791895
2024-10-12,ETH,339.74015996487907
2024-10-13,ETH,338.7125982631601
2024-10-14,ETH,360.78391022211247
2024-10-15,ETH,357.7135723203139
2024-10-16,ETH,358.2198076580099
2024-10-17,ETH,357.4926945713463
2024-10-18,ETH,362.48233663964004
2024-10-19,ETH,363.30959926465545
2024-10-20,ETH,376.85173752589486
2024-10-21,ETH,365.8476355105568
2024-10-22,ETH,359.82631600609125
2024-10-23,ETH,346.35414523054976
2024-10-24,ETH,347.8920580044176
2024-10-25,ETH,334.8314606741573
2024-10-26,ETH,340.57839788176875
2024-10-27,ETH,344.04796202549016
2024-10-28,ETH,352.2355297636197
2024-10-29,ETH,362.0200024694407
2024-10-30,ETH,364.8173299858693
2024-10-31,ETH,345.53099833998715
2024-11-01,ETH,344.5541973631861
2024-11-02,ETH,342.18627814133436
2024-11-03,ETH,337.17880122374504
2024-11-04,ETH,329.0131840693639
2024-11-05,ETH,332.35241662207955
2024-11-06,ETH,373.41647116928016
2024-11-07,ETH,397.2328545362253
2024-11-08,ETH,406.3258838539737
2024-11-09,ETH,428.8883401242952
2024-11-10,ETH,436.70823558464014
2024-11-11,ETH,462.55230412533786
2024-11-12,ETH,445.02064726783834
2024-11-13,ETH,437.25014062092714
2024-11-14,ETH,419.64302863179273
2024-11-15,ETH,423.9220205512341
2024-11-16,ETH,429.80203317281973
2024-11-17,ETH,421.99997256177033
2024-11-18,ETH,440.0817659244626
2024-11-19,ETH,426.31326226831845
2024-11-20,ETH,421.17270993675487
2024-11-21,ETH,460.3874278031581
2024-11-22,ETH,456.54195991274645
2024-11-23,ETH,465.61441055823076
2024-11-24,ETH,461.1268880931802
2024-11-25,ETH,468.4378043928605
2024-11-26,ETH,456.1235269100438
2024-11-27,ETH,501.19767872576864
2024-11-28,ETH,490.97831007943375
2024-11-29,ETH,492.8194152913254
2024-11-30,ETH,508.1011373146205
2024-12-01,ETH,508.6512738198132
2024-12-02,ETH,499.84497400227735
2024-12-03,ETH,495.8787779012499
2024-12-04,ETH,526.5121894335377
2024-12-05,ETH,519.2959350262721
2024-12-06,ETH,548.6095677106913
2024-12-07,ETH,548.2460111673595
2024-12-08,ETH,549.3339369743865
2024-12-09,ETH,509.2535429614082
2024-12-10,ETH,497.7637842806383
2024-12-11,ETH,525.6904144544594
2024-12-12,ETH,532.5225336461292
2024-12-13,ETH,535.978378675008
2024-12-14,ETH,530.9695298459344
2024-12-15,ETH,543.1521038262612
2024-12-16,ETH,546.876843506057
2024-12-17,ETH,534.0865127381983
2024-12-18,ETH,497.56485711541893
2024-12-19,ETH,468.78352608689687
2024-12-20,ETH,476.356477480073
2024-12-21,ETH,458.07026930622436
2024-12-22,ETH,450.23802664252105
2024-12-23,ETH,469.5408212262145
2024-12-24,ETH,479.23337586258936
2024-12-25,ETH,479.75744604958084
2024-12-26,ETH,457.5393395618115
2024-12-27,ETH,457.3280651932338
2024-12-28,ETH,466.9986692458603
2024-12-29,ETH,460.4793458726043
2024-12-30,ETH,461.2146904281736
2024-12-31,ETH,457.9138713970175
2025-01-01,ETH,461.01439135147
2025-01-02,ETH,474.08733588508875
2025-01-03,ETH,495.12422658490084
2025-01-04,ETH,501.69156686010626
2025-01-05,ETH,498.82564376946397
2025-01-06,ETH,505.88550026752273
2025-01-07,ETH,463.8858020880493
2025-01-08,ETH,456.4747362500172
2025-01-09,ETH,441.6457450165315
2025-01-10,ETH,448.2089695572842
2025-01-11,ETH,450.3752177909481
2025-01-12,ETH,448.2446392558753
2025-01-13,ETH,430.43860010152144
2025-01-14,ETH,442.52788410091784
2025-01-15,ETH,473.5179926191162
2025-01-16,ETH,453.83517855427976
2025-01-17,ETH,476.5512889108395
2025-01-18,ETH,453.7885335638145
2025-01-19,ETH,441.08600513094893
2025-01-20,ETH,450.5357314346079
2025-01-21,ETH,456.5090340371239
2025-01-22,ETH,444.85601788972576
2025-01-23,ETH,457.97286359084114
2025-01-24,ETH,454.115048497071
2025-01-25,ETH,455.30586766541825
2025-01-26,ETH,443.485478316939
2025-01-27,ETH,436.6025984003512
2025-01-28,ETH,422.2359413370649
2025-01-29,ETH,427.1995170871576
2025-01-30,ETH,445.5131634906916
2025-01-31,ETH,452.86660904638427
2025-02-01,ETH,427.69889286743216
2025-02-02,ETH,393.6946948182903
2025-02-03,ETH,395.0967883552154
2025-02-04,ETH,374.6950926726208
2025-02-05,ETH,382.5232196018713
2025-02-06,ETH,368.5832270101933
2025-02-07,ETH,359.7289102907081
2025-02-08,ETH,361.15021058841285
2025-02-09,ETH,360.42584132471774
2025-02-10,ETH,365.0917122827235
2025-02-11,ETH,357.05231098489526
2025-02-12,ETH,375.66640600348467
2025-02-13,ETH,367.1056783416334
2025-02-14,ETH,373.97621105486274
2025-02-15,ETH,369.46125036012677
2025-02-16,ETH,365.1218943353775
2025-02-17,ETH,376.45937084139337
2025-02-18,ETH,366.57337668573626
2025-02-19,ETH,372.5425635537995
2025-02-20,ETH,375.6348520393464
2025-02-21,ETH,365.3400282613766
2025-02-22,ETH,379.08932515674087
2025-02-23,ETH,386.83650930841947
2025-02-24,ETH,344.83269539449316
2025-02-25,ETH,342.38794912952216
2025-02-26,ETH,320.5292834506318
2025-02-27,ETH,316.59875704819524
2025-02-28,ETH,306.9775418090025
2025-03-01,ETH,304.20628061077497
2025-03-02,ETH,345.4624027657736
2025-03-03,ETH,294.8251498813297
2025-03-04,ETH,297.9119507209395
2025-03-05,ETH,307.52630640271093
2025-03-06,ETH,302.12234706616726
2025-03-07,ETH,293.80856347148483
2025-03-08,ETH,302.31167085099673
2025-03-09,ETH,277.1823681936042
2025-03-10,ETH,255.87521093139068
2025-03-11,ETH,263.8775706191437
2025-03-12,ETH,261.7881494285989
2025-03-13,ETH,255.80524344569287
2025-03-14,ETH,262.2614588906724
2025-03-15,ETH,265.7625769985321
2025-03-16,ETH,258.8796970819443
2025-03-17,ETH,264.2726811266137
2025-03-18,ETH,264.99019083288744
2025-03-19,ETH,282.0732326350304
2025-03-20,ETH,272.15842833820363
2025-03-21,ETH,269.6835000205787
2025-03-22,ETH,271.7331357780796
2025-03-23,ETH,275.2040718332853
2025-03-24,ETH,285.52221810648774
2025-03-25,ETH,283.45749132265985
2025-03-26,ETH,275.688356587233
2025-03-27,ETH,274.8844164574502
2025-03-28,ETH,260.2378894513726
2025-03-29,ETH,250.79639461661935
2025-03-30,ETH,248.00592665761206
2025-03-31,ETH,250.02126462800624
2025-04-01,ETH,261.34639393066357
2025-04-02,ETH,246.28829347930474
2025-04-03,ETH,249.30787065618526
2025-04-04,ETH,249.2584818427515
2025-04-05,ETH,247.7685859708332
2025-04-06,ETH,216.8662797876281
2025-04-07,ETH,213.06334115322878
2025-04-08,ETH,202.13881000397856
2025-04-09,ETH,229.04199421053355
2025-04-10,ETH,208.83922569315828
2025-04-11,ETH,214.95795091300707
2025-04-12,ETH,225.566942420875
2025-04-13,ETH,219.19852931088886
2025-04-14,ETH,222.7668710814778
2025-04-15,ETH,217.96655279801348
2025-04-16,ETH,216.369647830322
2025-04-17,ETH,217.2586464721296
2025-04-18,ETH,217.9418583912966
2025-04-19,ETH,221.32636402299326
2025-04-20,ETH,217.771741367247
2025-04-21,ETH,216.70302232099985
2025-04-22,ETH,240.94332633658476
2025-04-23,ETH,246.26771480704065
2025-04-24,ETH,242.78031581402368
2025-04-25,ETH,244.8313234830089
2025-04-26,ETH,249.80861834794422
2025-04-27,ETH,245.7491322659862
2025-04-28,ETH,246.92760423097505
2025-04-29,ETH,246.64361855373093
2025-04-30,ETH,246.06741573033707
2025-05-01,ETH,252.17242183534316
2025-05-02,ETH,252.73353363241006
2025-05-03,ETH,251.54271446406278
2025-05-04,ETH,248.1595807438504
2025-05-05,ETH,249.7139564555295
2025-05-06,ETH,249.27631669204703
2025-05-07,ETH,248.4682608278114
2025-05-08,ETH,302.83436912650393
2025-05-09,ETH,321.7187307074948
2025-05-10,ETH,354.3962903513465
2025-05-11,ETH,344.97674610034164
2025-05-12,ETH,342.3563951653839
2025-05-13,ETH,367.6324923515935
2025-05-14,ETH,358.033227696149
2025-05-15,ETH,349.65770808467437
2025-05-16,ETH,348.0704064973728
2025-05-17,ETH,339.5590676489553
2025-05-18,ETH,342.67330671825056
2025-05-19,ETH,346.8384299844974
2025-05-20,ETH,346.29652494821033
2025-05-21,ETH,349.9732477260567
2025-05-22,ETH,365.5897161515139
2025-05-23,ETH,346.61343650107693
2025-05-24,ETH,347.1484819799427
2025-05-25,ETH,350.00480169019494
2025-05-26,ETH,351.7169472225652
2025-05-27,ETH,365.0395796463212
2025-05-28,ETH,367.8917836221207
2025-05-29,ETH,361.00341605959585
2025-05-30,ETH,347.27744165946416
2025-05-31,ETH,346.82745469262323
2025-06-01,ETH,348.35713599758543
2025-06-02,ETH,357.7135723203139
2025-06-03,ETH,355.78603668491314
2025-06-04,ETH,357.7506139303892
2025-06-05,ETH,331.18080421451214
2025-06-06,ETH,339.69900262035094
2025-06-07,ETH,346.3568890535183
2025-06-08,ETH,344.32646005679715
2025-06-09,ETH,367.69011263393287
2025-06-10,ETH,386.38515043009426
2025-06-11,ETH,380.2403588920443
2025-06-12,ETH,362.548188390885
2025-06-13,ETH,353.8420381117011
2025-06-14,ETH,347.19787079337647
2025-06-15,ETH,349.50954164437314
2025-06-16,ETH,349.0376040937839
2025-06-17,ETH,344.34292299460833
2025-06-18,ETH,346.4076497784363
2025-06-19,ETH,345.87534812253915
2025-06-20,ETH,330.14912677834025
2025-06-21,ETH,314.9538351785543
2025-06-22,ETH,305.6207213510584
2025-06-23,ETH,330.8584050157084
2025-06-24,ETH,335.9056673663415
2025-06-25,ETH,331.79542055946547
2025-06-26,ETH,331.44832695394496
2025-06-27,ETH,332.4374751341044
2025-06-28,ETH,334.1455049320218
2025-06-29,ETH,342.99021827111716
2025-06-30,ETH,340.9844836811129
2025-07-01,ETH,329.94608387866816
2025-07-02,ETH,352.63749982851107
2025-07-03,ETH,355.49656336173194
2025-07-04,ETH,344.08088790111265
2025-07-05,ETH,345.2291778134475
2025-07-06,ETH,352.6292683596055
2025-07-07,ETH,348.77968473474095
2025-07-08,ETH,358.7891509239824
2025-07-09,ETH,379.84662029605846
2025-07-10,ETH,404.89086444142623
2025-07-11,ETH,405.8415991000261
2025-07-12,ETH,403.7919633425252
2025-07-13,ETH,407.73620885980444
2025-07-14,ETH,413.44198872288763
2025-07-15,ETH,430.49073273792374
2025-07-16,ETH,462.5193782497154
2025-07-17,ETH,476.9957882317433
2025-07-18,ETH,486.6060281790619
2025-07-19,ETH,492.79197706164
2025-07-20,ETH,515.3846153846155
2025-07-21,ETH,516.1583734617443
2025-07-22,ETH,513.9468521490993
2025-07-23,ETH,497.7692719265753
2025-07-24,ETH,508.559355750367
2025-07-25,ETH,511.0315402450234
2025-07-26,ETH,513.2458053806369
2025-07-27,ETH,531.2178458245875
2025-07-28,ETH,521.1891728745661
2025-07-29,ETH,520.4744069912609
2025-07-30,ETH,522.6982755072643
2025-07-31,ETH,507.3863714313153
2025-08-01,ETH,478.5501639434224
2025-08-02,ETH,465.61852629268367
2025-08-03,ETH,479.7217763509898
2025-08-04,ETH,510.4868913857678
2025-08-05,ETH,495.5344281186978
2025-08-06,ETH,505.3175289130346
2025-08-07,ETH,536.4599196059871
2025-08-08,ETH,550.0679096184714
2025-08-09,ETH,584.5193508114857
2025-08-10,ETH,583.1405797697932
2025-08-11,ETH,579.388401860312
2025-08-12,ETH,629.7787106775871
2025-08-13,ETH,651.5619212248426
2025-08-14,ETH,623.7862013142912
2025-08-15,ETH,609.0559877076732
2025-08-16,ETH,606.6578864331674
2025-08-17,ETH,613.5640888449877
2025-08-18,ETH,591.704051254613
2025-08-19,ETH,559.1348726180187
2025-08-20,ETH,594.8827701636691
2025-08-21,ETH,579.6737594490404
2025-08-22,ETH,662.917232580154
2025-08-23,ETH,655.5541836440713
2025-08-24,ETH,655.7942681538187
2025-08-25,ETH,600.3731599237218
2025-08-26,ETH,631.1657131881851
2025-08-27,ETH,618.2807205279116
2025-08-28,ETH,618.8980806958335
2025-08-29,ETH,598.1781015488881
2025-08-30,ETH,600.0329258756225
2025-08-31,ETH,602.5202013966059
2025-09-01,ETH,591.911209888738
2025-09-02,ETH,593.5575036698633
2025-09-03,ETH,610.563718428887
2025-09-04,ETH,589.5858199228986
2025-09-05,ETH,590.9440122923269
2025-09-06,ETH,586.2369839897931
2025-09-07,ETH,590.7711514453088
2025-09-08,ETH,590.7958458520256
2025-09-09,ETH,591.3061969241744
2025-09-10,ETH,596.6882056769697
2025-09-11,ETH,611.7106364297375
2025-09-12,ETH,646.4666419722599
2025-09-13,ETH,640.2066098695312
2025-09-14,ETH,631.6952710211137
2025-09-15,ETH,620.6170857856251
2025-09-16,ETH,617.5371445034367
2025-09-17,ETH,629.7800825890714
2025-09-18,ETH,629.3863439930856
2025-09-19,ETH,613.0509939498704
2025-09-20,ETH,614.673965235763
2025-09-21,ETH,609.8105390240223
2025-09-22,ETH,576.0766075372817
2025-09-23,ETH,571.2996117490501
2025-09-24,ETH,569.7287730995597
2025-09-25,ETH,531.5278978200328
2025-09-26,ETH,553.1876363337037
2025-09-27,ETH,551.2861670165041
2025-09-28,ETH,568.2676873688109
2025-09-29,ETH,578.2702940006311
2025-09-30,ETH,568.677888902608
2025-10-01,ETH,596.5112290954987
2025-10-02,ETH,615.2131264490815
2025-10-03,ETH,619.1258180022226
2025-10-04,ETH,615.5972616646774
2025-10-05,ETH,619.3247451674418
2025-10-06,ETH,642.6047111440371
2025-10-07,ETH,610.1850708592282
2025-10-08,ETH,620.8887242595108
2025-10-09,ETH,599.2632835329465
2025-10-10,ETH,525.4036849542467
2025-10-11,ETH,514.0264230151871
2025-10-12,ETH,569.6574337023775
2025-10-13,ETH,581.8070818070819
2025-10-14,ETH,565.9162310847705
2025-10-15,ETH,546.790413082548
2025-10-16,ETH,534.2922994608389
2025-10-17,ETH,525.6574885788369
2025-10-18,ETH,533.5651863741751
2025-10-19,ETH,546.3747239028138
2025-10-20,ETH,545.9137616440987
2025-10-21,ETH,531.3481774155932
2025-10-22,ETH,522.0850310737951
2025-10-23,ETH,529.1188212536528
2025-10-24,ETH,539.830706122841
2025-10-25,ETH,542.4291064740504
2025-10-26,ETH,570.5039030881727
2025-10-27,ETH,565.2481101919304
2025-10-28,ETH,545.9110178211301
2025-10-29,ETH,535.4556803995006
2025-10-30,ETH,522.0246669684873
2025-10-31,ETH,527.9101672360099
2025-11-01,ETH,531.4469550424607
2025-11-02,ETH,535.9481966223539
2025-11-03,ETH,494.41357643604834
2025-11-04,ETH,450.95416443731057
2025-11-05,ETH,469.7822776474462
2025-11-06,ETH,454.8078637966278
2025-11-07,ETH,471.3956455529489
2025-11-08,ETH,466.65706328627687
2025-11-09,ETH,491.61899274258826
2025-11-10,ETH,489.4774389156412
2025-11-11,ETH,468.8864194482172
2025-11-12,ETH,468.4967965866843
2025-11-13,ETH,443.338683788122
2025-11-14,ETH,426.9937303645169
2025-11-15,ETH,434.60509527925257
2025-11-16,ETH,424.64638981492914
2025-11-17,ETH,415.88673498785863
2025-11-18,ETH,428.5385026958061
2025-11-19,ETH,415.0690757432331
2025-11-20,ETH,388.8298966950652
2025-11-21,ETH,379.45013787710417
2025-11-22,ETH,380.0359440808879
2025-11-23,ETH,384.43154847649225
2025-11-24,ETH,405.1775939416389
2025-11-25,ETH,405.997997009233
2025-11-26,ETH,415.21724218353427
2025-11-27,ETH,413.66286647185524
2025-11-28,ETH,415.8469495548148
2025-11-29,ETH,410.0862932323606
2025-11-30,ETH,410.37439464405765
2025-12-01,ETH,384.00762782785256
2025-12-02,ETH,411.03428406799196
2025-12-03,ETH,437.4147699990397
2025-12-04,ETH,429.8555377207063
2025-12-05,ETH,414.56146849405286
2025-12-06,ETH,416.794940390446
2025-12-07,ETH,419.7843355146726
2025-12-08,ETH,428.60709827001966
2025-12-09,ETH,455.20571812706646
2025-12-10,ETH,456.0425841324718
2025-12-11,ETH,444.1412520064206
2025-12-12,ETH,423.2154861368345
2025-12-13,ETH,427.3010385369936
2025-12-14,ETH,420.2850832064315
2025-12-15,ETH,406.75117641409776
2025-12-16,ETH,406.40133898560873
2025-12-17,ETH,388.7297471567135
2025-12-18,ETH,388.05476670645214
2025-12-19,ETH,408.7610267385548
2025-12-20,ETH,408.54563663552426
2025-12-21,ETH,411.85057140113327
2025-12-22,ETH,412.8753892798836
2025-12-23,ETH,406.77449890933036
2025-12-24,ETH,404.3667942544347
2025-12-25,ETH,398.39623547488713
2025-12-26,ETH,401.6943106830747
2025-12-27,ETH,404.5835562689495
2025-12-28,ETH,404.83873180502394
2025-12-29,ETH,403.05387496398737
2025-12-30,ETH,407.9639461661934
2025-12-31,ETH,407.6827043119178
2026-01-01,ETH,412.14827619322006
2026-01-02,ETH,428.78407485149063
2026-01-03,ETH,429.01181215787966
2026-01-04,ETH,431.4250044587123
2026-01-05,ETH,442.44008176592445
2026-01-06,ETH,452.2972657804119
2026-01-07,ETH,434.7203358439313
2026-01-08,ETH,426.2048812610611
2026-01-09,ETH,423.7011428022664
2026-01-10,ETH,423.4706616729088
2026-01-11,ETH,428.50969255463633
2026-01-12,ETH,424.7094977432056
2026-01-13,ETH,456.2730652618294
2026-01-14,ETH,460.26532768105807
2026-01-15,ETH,455.2948923735441
2026-01-16,ETH,452.2204387372927
2026-01-17,ETH,454.1795283368317
2026-01-18,ETH,450.5398471690607
2026-01-19,ETH,437.57802746566796
2026-01-20,ETH,403.325513437873
2026-01-21,ETH,409.1410462196979
2026-01-22,ETH,405.0829320492242
2026-01-23,ETH,405.593283121373
2026-01-24,ETH,405.1556433578906
2026-01-25,ETH,386.45237409282356
2026-01-26,ETH,402.01808179336274
2026-01-27,ETH,415.246052324704
2026-01-28,ETH,413.0523658613547
2026-01-29,ETH,387.23436363885804
2026-01-30,ETH,371.42857142857144
2026-01-31,ETH,336.3858363858364
2026-02-01,ETH,311.444485601789
2026-02-02,ETH,321.99036918138046
2026-02-03,ETH,306.4466120645896
2026-02-04,ETH,294.7222565200094
2026-02-05,ETH,250.62490568108547
2026-02-06,ETH,283.0774718415168
2026-02-07,ETH,286.3289020592391
2026-02-08,ETH,286.6938305140552
2026-02-09,ETH,288.7901112620214
2026-02-10,ETH,277.4924201890494
2026-02-11,ETH,266.31271350372475
2026-02-12,ETH,267.22777846373356
2026-02-13,ETH,281.0662496055754
2026-02-14,ETH,286.2616783965099
2026-02-15,ETH,269.7973686737732
2026-02-16,ETH,274.1531876363337
2026-02-17,ETH,273.23812267632496
2026-02-18,ETH,268.333539120056
2026-02-19,ETH,267.3965235762989
2026-02-20,ETH,270.11290831515555
2026-02-21,ETH,270.72615274862466
2026-02-22,ETH,268.59557421355174
2026-02-23,ETH,254.66792882523222
2026-02-24,ETH,254.06977541809005
2026-02-25,ETH,282.26804406579686
2026-02-26,ETH,278.1797478426692
2026-02-27,ETH,264.7569658805614
2026-02-28,ETH,269.5133829965291
2026-03-01,ETH,266.1110425155369
2026-03-02,ETH,278.1344747636882
2026-03-03,ETH,272.0226091012608
2026-03-04,ETH,291.8439862260088
2026-03-05,ETH,284.37804392860573
2026-03-06,ETH,271.45738156974113
2026-03-07,ETH,270.21031403053877
2026-03-08,ETH,265.75297361814216
2026-03-09,ETH,273.4192149922487
2026-03-10,ETH,279.3911456832805
2026-03-11,ETH,281.51212083796355
2026-03-12,ETH,284.46859008656764
2026-03-13,ETH,287.0340645621544
2026-03-14,ETH,287.5745976869572
2026-03-15,ETH,298.84347861875955
2026-03-16,ETH,322.80665651452165
2026-03-17,ETH,317.92539545348535
2026-03-18,ETH,302.28560453279556
2026-03-19,ETH,293.2886090189461
2026-03-20,ETH,294.44238657721803
2026-03-21,ETH,286.02570962121524
2026-03-22,ETH,281.7755278429436
2026-03-23,ETH,295.2394671495795
2026-03-24,ETH,295.81566997297335
2026-03-25,ETH,297.570344761356
2026-03-26,ETH,282.6727579536568
2026-03-27,ETH,273.3876610281105
2026-03-28,ETH,273.66067141348043
2026-03-29,ETH,272.27504081436666
2026-03-30,ETH,278.0151184645567
2026-03-31,ETH,288.8463596328765
2026-04-01,ETH,293.63707453595094
2026-04-02,ETH,282.2255148097845
2026-04-03,ETH,281.7672963740379
2026-04-04,ETH,283.3710608991508
2026-04-05,ETH,289.496645676421
2026-04-06,ETH,289.08370031965535
2026-04-07,ETH,307.3095443881961
2026-04-08,ETH,300.44861505535664
2026-04-09,ETH,300.47605328504204
2026-04-10,ETH,308.0009877762687
2026-04-11,ETH,313.48040224444713
2026-04-12,ETH,300.67498045026133
2026-04-13,ETH,325.0689385520846
2026-04-14,ETH,318.61821075304226
2026-04-15,ETH,323.76425073054287
2026-04-16,ETH,322.1481390020716
2026-04-17,ETH,331.86538804516334
2026-04-18,ETH,322.4430999711899
2026-04-19,ETH,310.5006105006105
2026-04-20,ETH,317.4397387880534
2026-04-21,ETH,319.2630091506496
2026-04-22,ETH,325.70138974633363
2026-04-23,ETH,319.69104553374217
2026-04-24,ETH,317.59613669726025
2026-04-25,ETH,318.21486877666655
2026-04-26,ETH,325.0661947291161
2026-04-27,ETH,316.0431328970655
2026-04-28,ETH,314.0881590319793
2026-04-29,ETH,309.07793829142145
2026-04-30,ETH,309.7103894856704
2026-05-01,ETH,314.9401160637116
2026-05-02,ETH,317.8677751711459
2026-05-03,ETH,318.64702089421195
2026-05-04,ETH,322.0095759421602
2026-05-05,ETH,323.8767474722531
2026-05-06,ETH,322.514439368372
2026-05-07,ETH,314.3131525153997
2026-05-08,ETH,316.5082108902334
2026-05-09,ETH,319.1669753467507
2026-05-10,ETH,325.31725453073767
2026-05-11,ETH,321.00945247012663
2026-05-12,ETH,312.10437502572336
2026-05-13,ETH,309.8667873948773
2026-05-14,ETH,313.24168964618406
2026-05-15,ETH,305.20366025984003
2026-05-16,ETH,299.18234075537447
2026-05-17,ETH,292.35433729815753
2026-05-18,ETH,292.22812144160457
2026-05-19,ETH,289.73810209765264
2026-05-20,ETH,292.14031910661123
2026-05-21,ETH,292.73298486781636
2026-05-22,ETH,283.4163339781318
2026-05-23,ETH,290.5269512011085
2026-05-24,ETH,288.08083302465326
2026-05-25,ETH,289.886268537954
2026-05-26,ETH,284.5028878736744
2026-05-27,ETH,277.7901249811362
2026-05-28,ETH,275.7404892236353
2026-05-29,ETH,276.37705615233705
2026-05-30,ETH,277.4608662249112
2026-05-31,ETH,275.344006804681
2026-06-01,ETH,275.30559328312137
2026-06-02,ETH,255.15358549066414
2026-06-03,ETH,248.73441165575997
2026-06-04,ETH,242.93396990026204
2026-06-05,ETH,217.2284644194757
2026-06-06,ETH,215.3475737745401
2026-06-07,ETH,231.9230083275027
2026-06-08,ETH,231.92026450453417
2026-06-09,ETH,224.92763166920474
2026-06-10,ETH,222.46779437790676
2026-06-11,ETH,229.5838992468206
2026-06-12,ETH,228.61670165040954
2026-06-13,ETH,230.64301491267787
2026-06-14,ETH,236.7397895487783
2026-06-15,ETH,246.4131374243734
2026-06-16,ETH,245.98235721831227
2026-06-17,ETH,240.16682443648736
2026-06-18,ETH,234.74914598510105
2026-06-19,ETH,234.7601212769752
2026-06-20,ETH,238.86076470346134
2026-06-21,ETH,234.17705889616002
2026-06-22,ETH,237.09237080023598
2026-06-23,ETH,228.71547927727707
2026-06-24,ETH,222.54736524399448
2026-06-25,ETH,215.09377014994993
2026-06-26,ETH,216.5809221988997
2026-06-27,ETH,215.9374957127766
2026-06-28,ETH,215.6589976814696
2026-06-29,ETH,221.29892579330783
2026-06-30,ETH,215.66585723889094
2026-07-01,ETH,220.82012868529722
2026-07-02,ETH,233.30315128067934
2026-07-03,ETH,241.21084907601764
2026-07-04,ETH,244.28804653523758
2026-07-05,ETH,244.97537418885736
2026-07-06,ETH,246.88370306347832
2026-07-07,ETH,243.0272598811925
2026-07-08,ETH,239.19825492859198
2026-07-09,ETH,239.42050458904393
2026-07-10,ETH,246.5119150512409
2026-07-11,ETH,245.26484751203853
2026-07-12,ETH,247.87696697809056
2026-07-13,ETH,243.75025723340335
2026-07-14,ETH,259.54781797478427
2026-07-15,ETH,263.11341592240467
2026-07-16,ETH,255.82170638350416
2026-07-17,ETH,252.69649202233472
2026-07-18,ETH,255.53360497180725
2026-07-19,ETH,256.85338381967597
2026-07-20,ETH,261.31758378949394
2026-07-21,ETH,264.79126366766815
2026-07-22,ETH,265.3619788451249
2026-07-23,ETH,257.6971093825027
2026-07-24,ETH,255.37309132814752
2026-07-25,ETH,257.21831227449206
2026-07-26,ETH,268.17028165342776
2026-07-27,ETH,259.6383641327462
2026-07-28,ETH,263.71294124103116
2026-07-29,ETH,262.1338711226352
2026-07-30,ETH,263.1751519391969
2026-07-31,ETH,255.53223306032297
2026-08-01,ETH,253.1094373791003
2026-08-02,ETH,258.65470359852384
2026-08-03,ETH,255.24413164862602
2026-08-04,ETH,256.5131497715767
2026-08-05,ETH,261.88418323249783
2026-08-06,ETH,261.22566572004774
2026-08-07,ETH,262.60855249619294
2026-08-08,ETH,262.95976183616636
2026-08-09,ETH,262.1242677422453
2026-08-10,ETH,256.9809715877132
2026-08-11,ETH,258.27468411738073
2026-08-12,ETH,257.8932927247534
2026-08-13,ETH,258.7630846057813
2026-08-14,ETH,258.2211795694942
2026-08-15,ETH,258.28154367480215
2026-08-16,ETH,257.37059444924614
2026-08-17,ETH,262.5289816301052
2026-08-18,ETH,263.11204401092044
2026-08-19,ETH,309.0642191765788
2026-08-20,ETH,319.219107983153
2026-08-21,ETH,345.21408678712055
2026-08-22,ETH,332.3592761795009
2026-08-23,ETH,337.958046946811
2026-08-24,ETH,340.55095965208324
2026-08-25,ETH,335.10858679398
2026-08-26,ETH,343.90802705409453
2026-08-27,ETH,344.4787422315513
2026-08-28,ETH,335.13053737772844
2026-08-29,ETH,337.17056975483945
2026-08-30,ETH,331.57454281049786
2026-08-31,ETH,338.5397374161419
2026-09-01,ETH,331.8063958513397
2026-09-02,ETH,328.1502517457574
2026-09-03,ETH,344.0081765924463
2026-09-04,ETH,336.9208818647021
2026-09-05,ETH,340.28069308968185
2026-09-06,ETH,344.9643988969832
2026-09-07,ETH,341.627910167236
2026-09-08,ETH,340.9282353102578
2026-09-09,ETH,338.60558916738694
2026-09-10,ETH,334.50906147535363
2026-09-11,ETH,345.231921636416
2026-09-12,ETH,346.5352375464735
2026-09-13,ETH,339.836193768778
2026-09-14,ETH,345.1386316554856
2026-09-15,ETH,329.02004362678525
2026-09-16,ETH,331.76386659532733
2026-09-17,ETH,335.74515372268183
2026-09-18,ETH,358.36248645237407
2026-09-19,ETH,361.1817645525511
2026-09-20,ETH,362.8993977308584
2026-09-21,ETH,380.8686943518405
2026-09-22,ETH,377.77366204332503
2026-09-23,ETH,368.31844809372905
2026-09-24,ETH,368.77666652947556
2026-09-25,ETH,369.26506701787605
2026-09-26,ETH,369.9126092384519
2026-09-27,ETH,371.55204346215584
2021-01-01,SOL,100.0
2021-01-02,SOL,97.70913631181803
2021-01-03,SOL,118.22919494055697
2021-01-04,SOL,135.22067205906302
2021-01-05,SOL,117.45290700830576
2021-01-06,SOL,105.39058683024808
2021-01-07,SOL,128.3046522990066
2021-01-08,SOL,174.87649964714186
2021-01-09,SOL,183.64366755333586
2021-01-10,SOL,187.23196351989574
2021-01-11,SOL,168.37305249443568
2021-01-12,SOL,197.35084957385592
2021-01-13,SOL,191.3142608978883
2021-01-14,SOL,178.71451061288747
2021-01-15,SOL,176.2933608381738
2021-01-16,SOL,185.91281689376257
2021-01-17,SOL,207.74116497475706
2021-01-18,SOL,205.56973019922916
2021-01-19,SOL,196.987134248955
2021-01-20,SOL,201.75886216817761
2021-01-21,SOL,162.30932088377395
2021-01-22,SOL,181.0542315835188
2021-01-23,SOL,190.42940122686062
2021-01-24,SOL,196.9382769665056
2021-01-25,SOL,201.06400304000869
2021-01-26,SOL,219.36919819770915
2021-01-27,SOL,199.50057000162855
2021-01-28,SOL,206.82916236903534
2021-01-29,SOL,207.87687964822754
2021-01-30,SOL,229.5206557733022
2021-01-31,SOL,230.85065957331307
2021-02-01,SOL,250.5184300526573
2021-02-02,SOL,284.08338309538027
2021-02-03,SOL,311.117746050703
2021-02-04,SOL,347.8909939742685
2021-02-05,SOL,363.7424678356224
2021-02-06,SOL,332.3652353292438
2021-02-07,SOL,363.5850388143966
2021-02-08,SOL,426.41550404429734
2021-02-09,SOL,423.45692416264046
2021-02-10,SOL,493.4585527387221
2021-02-11,SOL,499.4517127191791
2021-02-12,SOL,499.4299983714239
2021-02-13,SOL,474.6810705173443
2021-02-14,SOL,473.14478041365834
2021-02-15,SOL,480.5168014765756
2021-02-16,SOL,450.5835730959231
2021-02-17,SOL,447.08213452038433
2021-02-18,SOL,487.3296780847945
2021-02-19,SOL,623.8097823136637
2021-02-20,SOL,542.1475489929971
2021-02-21,SOL,601.2322892351121
2021-02-22,SOL,782.7533792953693
2021-02-23,SOL,826.4697899136854
2021-02-24,SOL,932.0395201129147
2021-02-25,SOL,751.5444329840942
2021-02-26,SOL,738.081537375821
2021-02-27,SOL,716.117474621356
2021-02-28,SOL,710.5314586613104
2021-03-01,SOL,813.5008957168449
2021-03-02,SOL,756.9513055751587
2021-03-03,SOL,764.0301829433798
2021-03-04,SOL,708.4740242114977
2021-03-05,SOL,680.6470875631072
2021-03-06,SOL,708.0017371478203
2021-03-07,SOL,750.0895716844905
2021-03-08,SOL,738.4398241137832
2021-03-09,SOL,805.5480158514738
2021-03-10,SOL,771.1199174854786
2021-03-11,SOL,870.2567721622061
2021-03-12,SOL,790.38597253135
2021-03-13,SOL,830.7529450084143
2021-03-14,SOL,785.0008142880408
2021-03-15,SOL,768.5630530372944
2021-03-16,SOL,740.4158297595136
2021-03-17,SOL,770.9570598773139
2021-03-18,SOL,771.076488789968
2021-03-19,SOL,768.4273383638239
2021-03-20,SOL,770.2839150969002
2021-03-21,SOL,778.3073665924759
2021-03-22,SOL,803.2354378155367
2021-03-23,SOL,768.4273383638239
2021-03-24,SOL,738.1412518321481
2021-03-25,SOL,704.5600130286086
2021-03-26,SOL,801.6068617338906
2021-03-27,SOL,893.4856956734162
2021-03-28,SOL,980.6470875631072
2021-03-29,SOL,1028.738939254112
2021-03-30,SOL,1035.1501004288582
2021-03-31,SOL,1052.3912925465502
2021-04-01,SOL,1033.8363823896639
2021-04-02,SOL,1072.1513490038542
2021-04-03,SOL,1221.4320612344607
2021-04-04,SOL,1290.6736876391076
2021-04-05,SOL,1247.0387058248737
2021-04-06,SOL,1360.1216003474296
2021-04-07,SOL,1440.6655447586993
2021-04-08,SOL,1462.3744639270399
2021-04-09,SOL,1499.2237120677487
2021-04-10,SOL,1454.9752999294283
2021-04-11,SOL,1511.9537484392813
2021-04-12,SOL,1549.4489984257098
2021-04-13,SOL,1490.1851148146138
2021-04-14,SOL,1433.5106671733347
2021-04-15,SOL,1508.1483089951685
2021-04-16,SOL,1373.4107811736606
2021-04-17,SOL,1349.0038542967266
2021-04-18,SOL,1755.377015362901
2021-04-19,SOL,1708.4360241029258
2021-04-20,SOL,1721.0140600401714
2021-04-21,SOL,1767.1896205417731
2021-04-22,SOL,2111.720319200912
2021-04-23,SOL,2029.710656316161
2021-04-24,SOL,2217.0403344009555
2021-04-25,SOL,2573.421638347538
2021-04-26,SOL,2381.955377015363
2021-04-27,SOL,2342.2724064925897
2021-04-28,SOL,2433.798382281092
2021-04-29,SOL,2306.2808750882145
2021-04-30,SOL,2322.6752076434504
2021-05-01,SOL,2696.3791325118073
2021-05-02,SOL,2545.8444166983336
2021-05-03,SOL,2492.372835350958
2021-05-04,SOL,2314.5323272352207
2021-05-05,SOL,2441.7784050811574
2021-05-06,SOL,2361.2181749090714
2021-05-07,SOL,2344.172411921177
2021-05-08,SOL,2476.0870745344987
2021-05-09,SOL,2406.492589978828
2021-05-10,SOL,2326.3666467618477
2021-05-11,SOL,2417.7840508115737
2021-05-12,SOL,2372.7810650887573
2021-05-13,SOL,2228.38065251615
2021-05-14,SOL,2318.0066228760656
2021-05-15,SOL,2360.675316215189
2021-05-16,SOL,2543.2929808370877
2021-05-17,SOL,2535.584387383964
2021-05-18,SOL,3038.7601107431733
2021-05-19,SOL,1899.3539981542804
2021-05-20,SOL,2411.3783182237667
2021-05-21,SOL,2113.0774659356166
2021-05-22,SOL,1694.9134140383258
2021-05-23,SOL,1331.9580913088323
2021-05-24,SOL,1705.4448726996363
2021-05-25,SOL,1627.1103631724661
2021-05-26,SOL,1923.348352423864
2021-05-27,SOL,1831.9852342435265
2021-05-28,SOL,1573.6930676944792
2021-05-29,SOL,1486.7813908039739
2021-05-30,SOL,1551.9244340698115
2021-05-31,SOL,1777.8622224634926
2021-06-01,SOL,1679.4962271320774
2021-06-02,SOL,1845.3938439824115
2021-06-03,SOL,2149.828999511427
2021-06-04,SOL,2026.9257912165465
2021-06-05,SOL,2151.5118614624616
2021-06-06,SOL,2291.135117528907
2021-06-07,SOL,2075.62021605776
2021-06-08,SOL,2239.0206829162366
2021-06-09,SOL,2281.743662124749
2021-06-10,SOL,2231.420661201889
2021-06-11,SOL,1962.8141794690841
2021-06-12,SOL,1980.1313718039194
2021-06-13,SOL,2101.1888605396016
2021-06-14,SOL,2154.823299495142
2021-06-15,SOL,2146.246132131806
2021-06-16,SOL,2156.66901905434
2021-06-17,SOL,2131.534661527604
2021-06-18,SOL,1998.8057108734595
2021-06-19,SOL,1910.3197437706963
2021-06-20,SOL,1913.9568970197058
2021-06-21,SOL,1443.4612670321915
2021-06-22,SOL,1463.4384669670483
2021-06-23,SOL,1674.0133543238694
2021-06-24,SOL,1690.5162586178815
2021-06-25,SOL,1554.801585147386
2021-06-26,SOL,1612.1817490907115
2021-06-27,SOL,1731.5563758753594
2021-06-28,SOL,1791.48797567993
2021-06-29,SOL,1844.0909831170945
2021-06-30,SOL,1927.6912219749197
2021-07-01,SOL,1806.145160414744
2021-07-02,SOL,1845.7195591987404
2021-07-03,SOL,1872.753922154063
2021-07-04,SOL,1860.9196026274362
2021-07-05,SOL,1786.439389826828
2021-07-06,SOL,1857.9881656804735
2021-07-07,SOL,1990.8256880733943
2021-07-08,SOL,1799.1422832636665
2021-07-09,SOL,1808.5337386678243
2021-07-10,SOL,1720.4820585201674
2021-07-11,SOL,1747.0278486509962
2021-07-12,SOL,1670.37620107486
2021-07-13,SOL,1581.673090494544
2021-07-14,SOL,1702.6762933608381
2021-07-15,SOL,1549.590141686119
2021-07-16,SOL,1426.1440746973562
2021-07-17,SOL,1454.9698713424896
2021-07-18,SOL,1447.9669941914117
2021-07-19,SOL,1330.492372835351
2021-07-20,SOL,1274.3064980185657
2021-07-21,SOL,1449.4327126648932
2021-07-22,SOL,1503.6642961837033
2021-07-23,SOL,1548.0158514738612
2021-07-24,SOL,1553.4444384126812
2021-07-25,SOL,1533.4672384778241
2021-07-26,SOL,1529.9929428369796
2021-07-27,SOL,1525.5957874165356
2021-07-28,SOL,1513.2186091960261
2021-07-29,SOL,1695.6191303403723
2021-07-30,SOL,1756.365018185766
2021-07-31,SOL,1994.6799847999564
2021-08-01,SOL,1854.6767276477933
2021-08-02,SOL,1800.4994299983714
2021-08-03,SOL,1851.4195754845011
2021-08-04,SOL,1941.2626893219692
2021-08-05,SOL,2027.7400792573694
2021-08-06,SOL,2145.6489875685356
2021-08-07,SOL,2142.608978882797
2021-08-08,SOL,2043.8629824656641
2021-08-09,SOL,2097.9317083763094
2021-08-10,SOL,2206.177731936377
2021-08-11,SOL,2259.4321698061995
2021-08-12,SOL,2231.2578035937245
2021-08-13,SOL,2433.635524672927
2021-08-14,SOL,2396.1782747950706
2021-08-15,SOL,2905.97687421964
2021-08-16,SOL,3366.592475978503
2021-08-17,SOL,3480.9728027794363
2021-08-18,SOL,3944.5741273546496
2021-08-19,SOL,3950.0570001628575
2021-08-20,SOL,4269.203626296075
2021-08-21,SOL,4006.351446718419
2021-08-22,SOL,3950.654144726128
2021-08-23,SOL,4105.2603007437165
2021-08-24,SOL,3828.619510341458
2021-08-25,SOL,3907.1168774767925
2021-08-26,SOL,4067.097334563813
2021-08-27,SOL,4776.070788773682
2021-08-28,SOL,5223.386352532435
2021-08-29,SOL,5115.357472449921
2021-08-30,SOL,5985.017100048857
2021-08-31,SOL,5877.531078660224
2021-09-01,SOL,6009.988599967428
2021-09-02,SOL,6961.0770316486605
2021-09-03,SOL,7947.451278432224
2021-09-04,SOL,7539.221540632972
2021-09-05,SOL,7708.593453124152
2021-09-06,SOL,8914.825470929916
2021-09-07,SOL,9416.426904076869
2021-09-08,SOL,10369.68677053363
2021-09-09,SOL,10200.314858042451
2021-09-10,SOL,9749.742142120405
2021-09-11,SOL,9719.342055263014
2021-09-12,SOL,9461.484175669073
2021-09-13,SOL,9203.08343738125
2021-09-14,SOL,8624.938928396938
2021-09-15,SOL,8620.053200152
2021-09-16,SOL,8267.19504912871
2021-09-17,SOL,8011.508604310297
2021-09-18,SOL,9186.254817870908
2021-09-19,SOL,8292.709407741164
2021-09-20,SOL,7207.534878671082
2021-09-21,SOL,6747.190706259161
2021-09-22,SOL,8035.394386841105
2021-09-23,SOL,8137.9946799848
2021-09-24,SOL,7552.793007980023
2021-09-25,SOL,7386.135388958254
2021-09-26,SOL,7363.335323815209
2021-09-27,SOL,7401.878291080831
2021-09-28,SOL,7176.591933119807
2021-09-29,SOL,7342.163834753814
2021-09-30,SOL,7674.3933554095875
2021-10-01,SOL,8770.42505835731
2021-10-02,SOL,9173.226209217739
2021-10-03,SOL,9390.369686770533
2021-10-04,SOL,9072.797350849574
2021-10-05,SOL,8936.539818685196
2021-10-06,SOL,8352.966722762065
2021-10-07,SOL,8374.138211823461
2021-10-08,SOL,8623.853211009175
2021-10-09,SOL,8514.195754845014
2021-10-10,SOL,8009.880028228652
2021-10-11,SOL,7858.965311329462
2021-10-12,SOL,8268.823625210356
2021-10-13,SOL,8036.480104228869
2021-10-14,SOL,8143.966125617501
2021-10-15,SOL,8858.368166766191
2021-10-16,SOL,8552.195863416751
2021-10-17,SOL,8692.253406438304
2021-10-18,SOL,8529.39579827371
2021-10-19,SOL,8456.652733293524
2021-10-20,SOL,9593.398838282394
2021-10-21,SOL,10341.458118451766
2021-10-22,SOL,10655.773302209434
2021-10-23,SOL,10735.030671516204
2021-10-24,SOL,10973.345638130393
2021-10-25,SOL,11383.746810705172
2021-10-26,SOL,10849.030997231419
2021-10-27,SOL,10015.200043428697
2021-10-28,SOL,10608.5445958417
2021-10-29,SOL,10879.431084088812
2021-10-30,SOL,10623.744639270397
2021-10-31,SOL,10992.345692416264
2021-11-01,SOL,11068.888768253622
2021-11-02,SOL,11987.405678301937
2021-11-03,SOL,13211.552033005808
2021-11-04,SOL,13412.409749742143
2021-11-05,SOL,12814.72232777808
2021-11-06,SOL,14029.640084685958
2021-11-07,SOL,13554.09586884534
2021-11-08,SOL,13477.009934314097
2021-11-09,SOL,12976.49421855491
2021-11-10,SOL,12653.49329569513
2021-11-11,SOL,12668.693339123825
2021-11-12,SOL,12403.235437815536
2021-11-13,SOL,13114.923185494814
2021-11-14,SOL,12954.77987079963
2021-11-15,SOL,12930.894088268824
2021-11-16,SOL,11890.776830790943
2021-11-17,SOL,11885.348243852124
2021-11-18,SOL,10586.287389392539
2021-11-19,SOL,11685.033385809673
2021-11-20,SOL,11814.233754953586
2021-11-21,SOL,12513.435752673578
2021-11-22,SOL,11703.49058140166
2021-11-23,SOL,12037.891536832962
2021-11-24,SOL,11166.60333315238
2021-11-25,SOL,11398.403995439987
2021-11-26,SOL,10445.686987677107
2021-11-27,SOL,10463.058465881331
2021-11-28,SOL,10894.631127517507
2021-11-29,SOL,11079.20308343738
2021-11-30,SOL,11320.23234352098
2021-12-01,SOL,12475.43564410184
2021-12-02,SOL,12681.17908908311
2021-12-03,SOL,11489.60425601216
2021-12-04,SOL,10893.545410129742
2021-12-05,SOL,10663.373323923783
2021-12-06,SOL,10507.572878779654
2021-12-07,SOL,10324.629498941425
2021-12-08,SOL,10564.57304163726
2021-12-09,SOL,9831.713804896586
2021-12-10,SOL,9086.911676890504
2021-12-11,SOL,9345.312415178329
2021-12-12,SOL,9380.598230280659
2021-12-13,SOL,8425.709787742251
2021-12-14,SOL,8754.13929754085
2021-12-15,SOL,9691.113403181153
2021-12-16,SOL,9600.998859996744
2021-12-17,SOL,9527.712936322674
2021-12-18,SOL,9922.371206774877
2021-12-19,SOL,9767.656479018511
2021-12-20,SOL,9440.312686607676
2021-12-21,SOL,9751.370718202052
2021-12-22,SOL,9684.599098854567
2021-12-23,SOL,10315.943759839314
2021-12-24,SOL,10333.85809673742
2021-12-25,SOL,10482.601378861082
2021-12-26,SOL,10738.287823679497
2021-12-27,SOL,10622.11606318875
2021-12-28,SOL,9625.970359915313
2021-12-29,SOL,9262.797893708268
2021-12-30,SOL,9365.398186851962
2021-12-31,SOL,9228.054937299821
2022-01-01,SOL,9720.427772650779
2022-01-02,SOL,9573.31306660876
2022-01-03,SOL,9236.740676401932
2022-01-04,SOL,9104.82601378861
2022-01-05,SOL,8388.252537864395
2022-01-06,SOL,8156.994734270668
2022-01-07,SOL,7407.306878019651
2022-01-08,SOL,7716.193474838498
2022-01-09,SOL,7644.536127246077
2022-01-10,SOL,7375.278215080615
2022-01-11,SOL,7610.878888225395
2022-01-12,SOL,8224.852071005917
2022-01-13,SOL,7933.3369523912925
2022-01-14,SOL,7934.965528472938
2022-01-15,SOL,8014.765756473589
2022-01-16,SOL,8033.222952065576
2022-01-17,SOL,7589.164540470117
2022-01-18,SOL,7666.250475001357
2022-01-19,SOL,7342.163834753814
2022-01-20,SOL,6923.619781770804
2022-01-21,SOL,6094.674556213017
2022-01-22,SOL,5132.186091960263
2022-01-23,SOL,5416.644047554421
2022-01-24,SOL,4990.499972857066
2022-01-25,SOL,5139.243254980728
2022-01-26,SOL,5000.814288040823
2022-01-27,SOL,4859.128168937626
2022-01-28,SOL,4958.471309918028
2022-01-29,SOL,5218.500624287498
2022-01-30,SOL,5064.328755225015
2022-01-31,SOL,5400.901145431843
2022-02-01,SOL,5972.531350089572
2022-02-02,SOL,5530.644373269637
2022-02-03,SOL,5524.672927636936
2022-02-04,SOL,6113.674610498887
2022-02-05,SOL,6175.017642907551
2022-02-06,SOL,6258.075023071494
2022-02-07,SOL,6381.303946582704
2022-02-08,SOL,6158.731882091091
2022-02-09,SOL,6184.789099397427
2022-02-10,SOL,5763.530752945008
2022-02-11,SOL,5240.214972042777
2022-02-12,SOL,5209.272026491503
2022-02-13,SOL,5040.442972694207
2022-02-14,SOL,5231.529232940666
2022-02-15,SOL,5728.244937842679
2022-02-16,SOL,5529.558655881873
2022-02-17,SOL,5076.8145051843
2022-02-18,SOL,4878.128223223495
2022-02-19,SOL,4954.671299060854
2022-02-20,SOL,4924.814070897345
2022-02-21,SOL,4503.555724444926
2022-02-22,SOL,4689.213397752565
2022-02-23,SOL,4592.04169154769
2022-02-24,SOL,4850.985288529395
2022-02-25,SOL,5032.84295097986
2022-02-26,SOL,4898.213994897128
2022-02-27,SOL,4648.498995711416
2022-02-28,SOL,5411.215460615602
2022-03-01,SOL,5355.843873839639
2022-03-02,SOL,5465.5013300038
2022-03-03,SOL,5190.814830899517
2022-03-04,SOL,4794.527984365669
2022-03-05,SOL,4865.642473264209
2022-03-06,SOL,4590.955974159925
2022-03-07,SOL,4432.984094240269
2022-03-08,SOL,4468.81276803648
2022-03-09,SOL,4780.413658324737
2022-03-10,SOL,4498.669996199989
2022-03-11,SOL,4379.241083545953
2022-03-12,SOL,4417.784050811573
2022-03-13,SOL,4273.926496932848
2022-03-14,SOL,4409.098311709462
2022-03-15,SOL,4497.041420118343
2022-03-16,SOL,4764.67075620216
2022-03-17,SOL,4766.2993322838065
2022-03-18,SOL,4874.871071060203
2022-03-19,SOL,5011.128603224581
2022-03-20,SOL,4810.813745182129
2022-03-21,SOL,4809.185169100483
2022-03-22,SOL,4909.071168774768
2022-03-23,SOL,5151.186146246132
2022-03-24,SOL,5554.530155800445
2022-03-25,SOL,5352.586721676347
2022-03-26,SOL,5522.501492861408
2022-03-27,SOL,5810.759459312741
2022-03-28,SOL,5740.730687801964
2022-03-29,SOL,6059.388741110689
2022-03-30,SOL,6558.818739482112
2022-03-31,SOL,6664.676184789098
2022-04-01,SOL,7302.53515010043
2022-04-02,SOL,7192.334835242387
2022-04-03,SOL,7431.73551924434
2022-04-04,SOL,7173.334780956516
2022-04-05,SOL,6887.248249280712
2022-04-06,SOL,6131.588947396993
2022-04-07,SOL,6431.789805113729
2022-04-08,SOL,5967.102763150752
2022-04-09,SOL,6132.131806090873
2022-04-10,SOL,6029.531512947179
2022-04-11,SOL,5410.672601921719
2022-04-12,SOL,5603.387438249823
2022-04-13,SOL,5696.759133597524
2022-04-14,SOL,5470.387058248738
2022-04-15,SOL,5499.701427718364
2022-04-16,SOL,5540.415829759514
2022-04-17,SOL,5436.729819228055
2022-04-18,SOL,5555.073014494326
2022-04-19,SOL,5890.559687313393
2022-04-20,SOL,5732.044948699853
2022-04-21,SOL,5525.2157863308175
2022-04-22,SOL,5458.444166983334
2022-04-23,SOL,5462.78703653439
2022-04-24,SOL,5386.786819390913
2022-04-25,SOL,5482.329949514141
2022-04-26,SOL,5195.1577004505725
2022-04-27,SOL,5339.558113023179
2022-04-28,SOL,5333.043808696595
2022-04-29,SOL,5100.700287715107
2022-04-30,SOL,4594.213126323218
2022-05-01,SOL,4868.356766733619
2022-05-02,SOL,4750.013571467347
2022-05-03,SOL,4660.984745670701
2022-05-04,SOL,5036.1001031431515
2022-05-05,SOL,4588.241680690516
2022-05-06,SOL,4434.069811628034
2022-05-07,SOL,4280.983659953315
2022-05-08,SOL,4092.068834482384
2022-05-09,SOL,3374.4096411704027
2022-05-10,SOL,3631.724662070463
2022-05-11,SOL,2763.1507518592907
2022-05-12,SOL,2423.3212094891696
2022-05-13,SOL,2655.6647304706585
2022-05-14,SOL,2846.208132023234
2022-05-15,SOL,3193.637696107703
2022-05-16,SOL,2920.036914391184
2022-05-17,SOL,3095.3802725150645
2022-05-18,SOL,2710.4934585527385
2022-05-19,SOL,2833.7223820639488
2022-05-20,SOL,2683.3505238586395
2022-05-21,SOL,2731.122088920254
2022-05-22,SOL,2848.922425492644
2022-05-23,SOL,2669.2361978177078
2022-05-24,SOL,2696.3791325118073
2022-05-25,SOL,2604.6360132457517
2022-05-26,SOL,2358.178166223332
2022-05-27,SOL,2234.949242712122
2022-05-28,SOL,2402.1497204277725
2022-05-29,SOL,2441.7784050811574
2022-05-30,SOL,2563.3787525107214
2022-05-31,SOL,2484.664241897834
2022-06-01,SOL,2177.4062211606315
2022-06-02,SOL,2217.577764507899
2022-06-03,SOL,2078.063080180229
2022-06-04,SOL,2117.1489061397315
2022-06-05,SOL,2091.091688833397
2022-06-06,SOL,2301.1780033657237
2022-06-07,SOL,2133.9775256500734
2022-06-08,SOL,2107.9203083437383
2022-06-09,SOL,2169.263340752402
2022-06-10,SOL,2017.8057651593292
2022-06-11,SOL,1841.9195483415667
2022-06-12,SOL,1661.6904619727486
2022-06-13,SOL,1552.57586450247
2022-06-14,SOL,1606.3188751967862
2022-06-15,SOL,1886.976819933771
2022-06-16,SOL,1635.0903859725313
2022-06-17,SOL,1667.1190489115684
2022-06-18,SOL,1738.2335378101081
2022-06-19,SOL,1856.0338743824982
2022-06-20,SOL,1913.0340372401065
2022-06-21,SOL,1977.0913631181802
2022-06-22,SOL,1852.233863525324
2022-06-23,SOL,2071.005917159763
2022-06-24,SOL,2275.120786059388
2022-06-25,SOL,2291.94940556973
2022-06-26,SOL,2138.320395201129
2022-06-27,SOL,2091.091688833397
2022-06-28,SOL,1919.0054828728084
2022-06-29,SOL,1848.4338526681502
2022-06-30,SOL,1832.6909505455728
2022-07-01,SOL,1782.7479507084306
2022-07-02,SOL,1810.9766027902936
2022-07-03,SOL,1812.6051788719399
2022-07-04,SOL,1992.834265240758
2022-07-05,SOL,1921.7197763422182
2022-07-06,SOL,2010.7486021388631
2022-07-07,SOL,2087.8345366701046
2022-07-08,SOL,2069.3773410781173
2022-07-09,SOL,2066.1201889148256
2022-07-10,SOL,1992.834265240758
2022-07-11,SOL,1814.2337549535857
2022-07-12,SOL,1774.062211606319
2022-07-13,SOL,1896.7482764236468
2022-07-14,SOL,2016.7200477715649
2022-07-15,SOL,2028.1200803430868
2022-07-16,SOL,2148.6347103848866
2022-07-17,SOL,2096.5202757722163
2022-07-18,SOL,2362.521035774388
2022-07-19,SOL,2435.8069594484555
2022-07-20,SOL,2282.1779490798544
2022-07-21,SOL,2340.2638293252267
2022-07-22,SOL,2200.7491449975573
2022-07-23,SOL,2169.806199446284
2022-07-24,SOL,2221.9206340589544
2022-07-25,SOL,1989.5771130774658
2022-07-26,SOL,1967.8627653221865
2022-07-27,SOL,2183.9205254872154
2022-07-28,SOL,2329.4066554475867
2022-07-29,SOL,2275.120786059388
2022-07-30,SOL,2379.8925139786115
2022-07-31,SOL,2299.006568590196
2022-08-01,SOL,2261.0064600184573
2022-08-02,SOL,2160.0347429564085
2022-08-03,SOL,2092.1774062211603
2022-08-04,SOL,2107.9203083437383
2022-08-05,SOL,2201.292003691439
2022-08-06,SOL,2175.2347863851037
2022-08-07,SOL,2204.006297160849
2022-08-08,SOL,2289.7779707942022
2022-08-09,SOL,2189.3491124260354
2022-08-10,SOL,2305.5208729167794
2022-08-11,SOL,2321.8066337332393
2022-08-12,SOL,2468.9213397752565
2022-08-13,SOL,2529.7215134900384
2022-08-14,SOL,2435.8069594484555
2022-08-15,SOL,2373.3782096520276
2022-08-16,SOL,2338.6352532435803
2022-08-17,SOL,2200.7491449975573
2022-08-18,SOL,2145.377558221595
2022-08-19,SOL,1943.9769827913797
2022-08-20,SOL,1915.2054720156343
2022-08-21,SOL,1979.80565658759
2022-08-22,SOL,1922.2626350360997
2022-08-23,SOL,1936.9198197709136
2022-08-24,SOL,1894.033982954237
2022-08-25,SOL,1914.6626133217524
2022-08-26,SOL,1721.9477769936486
2022-08-27,SOL,1711.6334618098908
2022-08-28,SOL,1652.461864176755
2022-08-29,SOL,1759.9478855653874
2022-08-30,SOL,1708.376309646599
2022-08-31,SOL,1710.004885728245
2022-09-01,SOL,1715.9763313609467
2022-09-02,SOL,1695.3477009934313
2022-09-03,SOL,1689.3762553607296
2022-09-04,SOL,1745.8335595244555
2022-09-05,SOL,1746.9192769122199
2022-09-06,SOL,1676.347646707562
2022-09-07,SOL,1774.6050703002006
2022-09-08,SOL,1824.548070137343
2022-09-09,SOL,1882.0910916888333
2022-09-10,SOL,1901.6340046685848
2022-09-11,SOL,1899.462569893057
2022-09-12,SOL,2032.4629498941424
2022-09-13,SOL,1791.433689810542
2022-09-14,SOL,1852.233863525324
2022-09-15,SOL,1795.2337006677162
2022-09-16,SOL,1750.7192877693935
2022-09-17,SOL,1828.3480809945172
2022-09-18,SOL,1688.2905379729657
2022-09-19,SOL,1770.805059443027
2022-09-20,SOL,1705.119157483307
2022-09-21,SOL,1663.8618967482764
2022-09-22,SOL,1760.4907442592694
2022-09-23,SOL,1827.2623636067528
2022-09-24,SOL,1812.062320178058
2022-09-25,SOL,1755.6050160143313
2022-09-26,SOL,1839.205254872157
2022-09-27,SOL,1774.6050703002006
2022-09-28,SOL,1803.3765810759458
2022-09-29,SOL,1841.9195483415667
2022-09-30,SOL,1805.0051571575916
2022-10-01,SOL,1761.0336029531509
2022-10-02,SOL,1740.404972585636
2022-10-03,SOL,1785.4622441778404
2022-10-04,SOL,1850.6052874436787
2022-10-05,SOL,1847.8909939742684
2022-10-06,SOL,1810.9766027902936
2022-10-07,SOL,1790.3479724227782
2022-10-08,SOL,1768.6336246674991
2022-10-09,SOL,1787.0908202594865
2022-10-10,SOL,1734.9763856468162
2022-10-11,SOL,1672.004777156506
2022-10-12,SOL,1691.5476901362574
2022-10-13,SOL,1655.1761576461647
2022-10-14,SOL,1628.5760816459476
2022-10-15,SOL,1606.3188751967862
2022-10-16,SOL,1637.804679441941
2022-10-17,SOL,1694.2619836056674
2022-10-18,SOL,1636.7189620541772
2022-10-19,SOL,1566.6901905434015
2022-10-20,SOL,1520.5472015634332
2022-10-21,SOL,1525.432929808371
2022-10-22,SOL,1520.5472015634332
2022-10-23,SOL,1589.4902556864447
2022-10-24,SOL,1536.2901036860105
2022-10-25,SOL,1675.2619293197981
2022-10-26,SOL,1698.604853156723
2022-10-27,SOL,1660.0618858911023
2022-10-28,SOL,1740.947831279518
2022-10-29,SOL,1784.3765267900765
2022-10-30,SOL,1788.1765376472501
2022-10-31,SOL,1767.5479072797352
2022-11-01,SOL,1748.0049942999838
2022-11-02,SOL,1672.004777156506
2022-11-03,SOL,1674.7190706259162
2022-11-04,SOL,1831.6052331578092
2022-11-05,SOL,2003.1485804245153
2022-11-06,SOL,1770.805059443027
2022-11-07,SOL,1607.9474512784323
2022-11-08,SOL,1323.4894956842734
2022-11-09,SOL,764.3450409858314
2022-11-10,SOL,958.6884533955811
2022-11-11,SOL,893.0025514358612
2022-11-12,SOL,791.4879756799305
2022-11-13,SOL,715.4877585364529
2022-11-14,SOL,760.0021714347755
2022-11-15,SOL,777.373649638999
2022-11-16,SOL,774.6593561695889
2022-11-17,SOL,741.0021171489061
2022-11-18,SOL,720.3734867813907
2022-11-19,SOL,697.0305629444655
2022-11-20,SOL,666.0876173931924
2022-11-21,SOL,642.2018348623853
2022-11-22,SOL,675.3162151891862
2022-11-23,SOL,779.5450844145269
2022-11-24,SOL,792.0308343738125
2022-11-25,SOL,761.6307475164214
2022-11-26,SOL,769.2307692307692
2022-11-27,SOL,766.5164757613592
2022-11-28,SOL,723.0877802508007
2022-11-29,SOL,724.1734976385646
2022-11-30,SOL,768.6879105368872
2022-12-01,SOL,733.4020954345584
2022-12-02,SOL,744.2592693121981
2022-12-03,SOL,721.4592041691546
2022-12-04,SOL,744.2592693121981
2022-12-05,SOL,750.2307149448998
2022-12-06,SOL,776.287932251235
2022-12-07,SOL,732.3163780467944
2022-12-08,SOL,743.1735519244339
2022-12-09,SOL,737.7449649856142
2022-12-10,SOL,737.2021062917322
2022-12-11,SOL,728.5163671896205
2022-12-12,SOL,722.5449215569188
2022-12-13,SOL,754.0307258020738
2022-12-14,SOL,766.5164757613592
2022-12-15,SOL,762.1736062103034
2022-12-16,SOL,665.0019000054285
2022-12-17,SOL,679.1162260463601
2022-12-18,SOL,672.0590630258944
2022-12-19,SOL,648.173280495087
2022-12-20,SOL,665.5447586993105
2022-12-21,SOL,659.0304543727268
2022-12-22,SOL,641.6589761685034
2022-12-23,SOL,639.4875413929753
2022-12-24,SOL,621.5732044948699
2022-12-25,SOL,617.7731936376962
2022-12-26,SOL,614.5160414744042
2022-12-27,SOL,602.0302915151186
2022-12-28,SOL,529.8300852288148
2022-12-29,SOL,523.3157809022312
2022-12-30,SOL,537.4301069431626
2022-12-31,SOL,541.2301178003366
2023-01-01,SOL,542.3158351881006
2023-01-02,SOL,612.3446066988763
2023-01-03,SOL,725.8020737202106
2023-01-04,SOL,729.0592258835024
2023-01-05,SOL,729.0592258835024
2023-01-06,SOL,732.8592367406765
2023-01-07,SOL,711.1448889853971
2023-01-08,SOL,784.4308126594647
2023-01-09,SOL,882.1453775582215
2023-01-10,SOL,879.4310840888115
2023-01-11,SOL,888.1168231909234
2023-01-12,SOL,900.602573150209
2023-01-13,SOL,992.888551110146
2023-01-14,SOL,1315.8894739699256
2023-01-15,SOL,1242.603550295858
2023-01-16,SOL,1280.0608001737146
2023-01-17,SOL,1240.974974214212
2023-01-18,SOL,1128.6032245806416
2023-01-19,SOL,1161.7176049074426
2023-01-20,SOL,1384.8325280929375
2023-01-21,SOL,1333.803810868031
2023-01-22,SOL,1314.2608978882797
2023-01-23,SOL,1320.7752022148632
2023-01-24,SOL,1236.6321046631563
2023-01-25,SOL,1331.089517398621
2023-01-26,SOL,1320.7752022148632
2023-01-27,SOL,1326.2037891536834
2023-01-28,SOL,1302.860865316758
2023-01-29,SOL,1415.2326149503283
2023-01-30,SOL,1300.68943054123
2023-01-31,SOL,1298.5179957657022
2023-02-01,SOL,1357.1467347049563
2023-02-02,SOL,1320.2323435209814
2023-02-03,SOL,1340.3181151946148
2023-02-04,SOL,1321.3180609087453
2023-02-05,SOL,1274.0893545410129
2023-02-06,SOL,1230.1178003365724
2023-02-07,SOL,1293.0894088268824
2023-02-08,SOL,1260.5178871939634
2023-02-09,SOL,1111.7746050703001
2023-02-10,SOL,1091.6888333966667
2023-02-11,SOL,1129.6889419684055
2023-02-12,SOL,1166.6033331523802
2023-02-13,SOL,1127.5175071928777
2023-02-14,SOL,1185.6033874382497
2023-02-15,SOL,1295.2608436024102
2023-02-16,SOL,1207.317735193529
2023-02-17,SOL,1256.1750176429075
2023-02-18,SOL,1273.0036371532487
2023-02-19,SOL,1348.4609956028444
2023-02-20,SOL,1425.546930134086
2023-02-21,SOL,1356.0610173171924
2023-02-22,SOL,1311.5466044188697
2023-02-23,SOL,1297.9751370718202
2023-02-24,SOL,1252.3750067857338
2023-02-25,SOL,1214.3748982139948
2023-02-26,SOL,1262.1464632756092
2023-02-27,SOL,1231.2035177243363
2023-02-28,SOL,1188.3176809076597
2023-03-01,SOL,1221.9749199283428
2023-03-02,SOL,1194.2891265403614
2023-03-03,SOL,1162.8033222952065
2023-03-04,SOL,1138.9175397643992
2023-03-05,SOL,1138.3746810705172
2023-03-06,SOL,1119.9174854785297
2023-03-07,SOL,1099.2888551110145
2023-03-08,SOL,999.4028554367297
2023-03-09,SOL,940.7741164974756
2023-03-10,SOL,986.3742467835623
2023-03-11,SOL,980.9456598447424
2023-03-12,SOL,1096.5745616416045
2023-03-13,SOL,1107.431735519244
2023-03-14,SOL,1132.4032354378155
2023-03-15,SOL,1044.4601270289343
2023-03-16,SOL,1067.8030508658596
2023-03-17,SOL,1172.5747787850823
2023-03-18,SOL,1150.8604310298028
2023-03-19,SOL,1186.6891048260138
2023-03-20,SOL,1201.3462895608272
2023-03-21,SOL,1223.0606373161067
2023-03-22,SOL,1162.8033222952065
2023-03-23,SOL,1202.9748656424733
2023-03-24,SOL,1121.5460615601758
2023-03-25,SOL,1107.9745942131262
2023-03-26,SOL,1136.7461049888714
2023-03-27,SOL,1080.8316595190272
2023-03-28,SOL,1110.146028988654
2023-03-29,SOL,1145.4318440909833
2023-03-30,SOL,1115.574615927474
2023-03-31,SOL,1148.688996254275
2023-04-01,SOL,1144.346126703219
2023-04-02,SOL,1113.9460398458282
2023-04-03,SOL,1110.146028988654
2023-04-04,SOL,1135.6603876011075
2023-04-05,SOL,1138.3746810705172
2023-04-06,SOL,1119.374626784648
2023-04-07,SOL,1109.6031702947723
2023-04-08,SOL,1087.8888225394928
2023-04-09,SOL,1100.9174311926606
2023-04-10,SOL,1134.0318115194614
2023-04-11,SOL,1247.4892785407958
2023-04-12,SOL,1292.0036914391185
2023-04-13,SOL,1326.2037891536834
2023-04-14,SOL,1341.4038325823788
2023-04-15,SOL,1305.575158786168
2023-04-16,SOL,1375.6039302969436
2023-04-17,SOL,1334.346669561913
2023-04-18,SOL,1347.3752782150805
2023-04-19,SOL,1230.1178003365724
2023-04-20,SOL,1205.1463004180011
2023-04-21,SOL,1153.5747244992128
2023-04-22,SOL,1182.8890939688397
2023-04-23,SOL,1165.5176157646163
2023-04-24,SOL,1160.6318875196787
2023-04-25,SOL,1190.4891156831877
2023-04-26,SOL,1155.203300580859
2023-04-27,SOL,1212.2034634384668
2023-04-28,SOL,1267.0321915205473
2023-04-29,SOL,1258.8893111123175
2023-04-30,SOL,1234.4606698876282
2023-05-01,SOL,1192.1176917648336
2023-05-02,SOL,1207.8605938874111
2023-05-03,SOL,1207.317735193529
2023-05-04,SOL,1180.17480049943
2023-05-05,SOL,1238.803539438684
2023-05-06,SOL,1189.4033982954238
2023-05-07,SOL,1175.831930948374
2023-05-08,SOL,1119.374626784648
2023-05-09,SOL,1121.0032028662938
2023-05-10,SOL,1135.1175289072253
2023-05-11,SOL,1094.945985559959
2023-05-12,SOL,1134.5746702133433
2023-05-13,SOL,1131.3175180500516
2023-05-14,SOL,1136.2032462949892
2023-05-15,SOL,1139.4603984582811
2023-05-16,SOL,1122.088920254058
2023-05-17,SOL,1143.260409315455
2023-05-18,SOL,1104.1745833559523
2023-05-19,SOL,1105.2603007437162
2023-05-20,SOL,1100.9174311926606
2023-05-21,SOL,1064.5458987025677
2023-05-22,SOL,1060.2030291515118
2023-05-23,SOL,1086.803105151729
2023-05-24,SOL,1043.3744096411704
2023-05-25,SOL,1045.0029857228162
2023-05-26,SOL,1050.4315726616362
2023-05-27,SOL,1109.0603116008901
2023-05-28,SOL,1129.6889419684055
2023-05-29,SOL,1116.660333315238
2023-05-30,SOL,1153.5747244992128
2023-05-31,SOL,1129.6889419684055
2023-06-01,SOL,1112.317463764182
2023-06-02,SOL,1154.1175831930948
2023-06-03,SOL,1150.3175723359209
2023-06-04,SOL,1184.5176700504858
2023-06-05,SOL,1085.717387763965
2023-06-06,SOL,1106.3460181314802
2023-06-07,SOL,1011.8886053960154
2023-06-08,SOL,1025.460072743065
2023-06-09,SOL,944.5741273546494
2023-06-10,SOL,847.4024211497747
2023-06-11,SOL,844.1452689864828
2023-06-12,SOL,824.6023560067315
2023-06-13,SOL,816.4594755985016
2023-06-14,SOL,786.0593887411108
2023-06-15,SOL,801.8022908636882
2023-06-16,SOL,831.1166603333153
2023-06-17,SOL,849.0309972314205
2023-06-18,SOL,838.716682047663
2023-06-19,SOL,874.0024971499919
2023-06-20,SOL,903.316866619619
2023-06-21,SOL,935.3455295586558
2023-06-22,SOL,902.231149231855
2023-06-23,SOL,929.9169426198359
2023-06-24,SOL,903.316866619619
2023-06-25,SOL,920.6883448238424
2023-06-26,SOL,883.2310949459854
2023-06-27,SOL,902.7740079257368
2023-06-28,SOL,866.9453341295261
2023-06-29,SOL,976.6027902936864
2023-06-30,SOL,1023.831496661419
2023-07-01,SOL,1015.1457575593073
2023-07-02,SOL,1055.860159600456
2023-07-03,SOL,1045.5458444166984
2023-07-04,SOL,1038.4886813962326
2023-07-05,SOL,1031.4315183757667
2023-07-06,SOL,1064.5458987025677
2023-07-07,SOL,1167.1461918462624
2023-07-08,SOL,1183.9748113566036
2023-07-09,SOL,1157.3747353563867
2023-07-10,SOL,1156.2890179686228
2023-07-11,SOL,1198.0891373975353
2023-07-12,SOL,1191.0319743770697
2023-07-13,SOL,1411.9754627870366
2023-07-14,SOL,1447.8041365832476
2023-07-15,SOL,1490.689973399924
2023-07-16,SOL,1488.5185386243961
2023-07-17,SOL,1454.8612996037132
2023-07-18,SOL,1386.4611041745832
2023-07-19,SOL,1428.2612236034959
2023-07-20,SOL,1377.7753650724715
2023-07-21,SOL,1384.2896693990554
2023-07-22,SOL,1331.089517398621
2023-07-23,SOL,1344.1181260517887
2023-07-24,SOL,1268.6607676021931
2023-07-25,SOL,1263.2321806633734
2023-07-26,SOL,1366.37533250095
2023-07-27,SOL,1362.575321643776
2023-07-28,SOL,1347.3752782150805
2023-07-29,SOL,1366.37533250095
2023-07-30,SOL,1316.4323326638075
2023-07-31,SOL,1288.2036805819444
2023-08-01,SOL,1305.575158786168
2023-08-02,SOL,1256.7178763367895
2023-08-03,SOL,1229.5749416426902
2023-08-04,SOL,1237.7178220509202
2023-08-05,SOL,1229.5749416426902
2023-08-06,SOL,1259.4321698061992
2023-08-07,SOL,1255.0893002551436
2023-08-08,SOL,1314.8037565821617
2023-08-09,SOL,1323.4894956842734
2023-08-10,SOL,1336.518104337441
2023-08-11,SOL,1336.518104337441
2023-08-12,SOL,1352.2610064600185
2023-08-13,SOL,1315.3466152760436
2023-08-14,SOL,1366.918191194832
2023-08-15,SOL,1297.4322783779382
2023-08-16,SOL,1238.803539438684
2023-08-17,SOL,1175.831930948374
2023-08-18,SOL,1158.4604527441506
2023-08-19,SOL,1188.8605396015416
2023-08-20,SOL,1181.8033765810758
2023-08-21,SOL,1150.8604310298028
2023-08-22,SOL,1117.7460507030019
2023-08-23,SOL,1180.17480049943
2023-08-24,SOL,1143.260409315455
2023-08-25,SOL,1108.5174529070084
2023-08-26,SOL,1101.4602898865426
2023-08-27,SOL,1128.6032245806416
2023-08-28,SOL,1116.117474621356
2023-08-29,SOL,1182.8890939688397
2023-08-30,SOL,1130.2318006622877
2023-08-31,SOL,1071.6030617230335
2023-09-01,SOL,1049.345855273872
2023-09-02,SOL,1058.5744530698657
2023-09-03,SOL,1062.3744639270396
2023-09-04,SOL,1059.6601704576296
2023-09-05,SOL,1099.8317138048967
2023-09-06,SOL,1066.1744747842138
2023-09-07,SOL,1081.3745182129094
2023-09-08,SOL,1064.5458987025677
2023-09-09,SOL,1055.317300906574
2023-09-10,SOL,990.174257640736
2023-09-11,SOL,961.945605558873
2023-09-12,SOL,972.8027794365128
2023-09-13,SOL,998.8599967428478
2023-09-14,SOL,1023.288637967537
2023-09-15,SOL,1039.0315400901145
2023-09-16,SOL,1037.9458227023506
2023-09-17,SOL,1021.1172031920091
2023-09-18,SOL,1066.1744747842138
2023-09-19,SOL,1087.3459638456109
2023-09-20,SOL,1101.4602898865426
2023-09-21,SOL,1056.403018294338
2023-09-22,SOL,1054.774442212692
2023-09-23,SOL,1058.0315943759838
2023-09-24,SOL,1050.9744313555182
2023-09-25,SOL,1052.6030074371643
2023-09-26,SOL,1033.0600944574128
2023-09-27,SOL,1039.0315400901145
2023-09-28,SOL,1083.5459529884372
2023-09-29,SOL,1100.9174311926606
2023-09-30,SOL,1160.0890288257967
2023-10-01,SOL,1295.8037022962924
2023-10-02,SOL,1268.6607676021931
2023-10-03,SOL,1281.146517561479
2023-10-04,SOL,1255.6321589490256
2023-10-05,SOL,1232.2892351121002
2023-10-06,SOL,1270.832202377721
2023-10-07,SOL,1264.8607567450192
2023-10-08,SOL,1260.5178871939634
2023-10-09,SOL,1199.7177134791814
2023-10-10,SOL,1200.2605721730633
2023-10-11,SOL,1194.8319852342436
2023-10-12,SOL,1155.203300580859
2023-10-13,SOL,1185.6033874382497
2023-10-14,SOL,1194.2891265403614
2023-10-15,SOL,1190.4891156831877
2023-10-16,SOL,1300.146571847348
2023-10-17,SOL,1299.060854459584
2023-10-18,SOL,1271.375061071603
2023-10-19,SOL,1353.3467238477824
2023-10-20,SOL,1467.3470495629988
2023-10-21,SOL,1591.6616904619727
2023-10-22,SOL,1577.004505727159
2023-10-23,SOL,1730.6335160957601
2023-10-24,SOL,1637.804679441941
2023-10-25,SOL,1761.0336029531509
2023-10-26,SOL,1778.947939851257
2023-10-27,SOL,1722.4906356875306
2023-10-28,SOL,1717.0620487487106
2023-10-29,SOL,1782.2050920145487
2023-10-30,SOL,1896.7482764236468
2023-10-31,SOL,2084.577384506813
2023-11-01,SOL,2233.8635253243583
2023-11-02,SOL,2183.9205254872154
2023-11-03,SOL,2141.577547364421
2023-11-04,SOL,2302.2637207534876
2023-11-05,SOL,2233.8635253243583
2023-11-06,SOL,2288.692253406438
2023-11-07,SOL,2330.4923728353506
2023-11-08,SOL,2341.3495467129906
2023-11-09,SOL,2458.6070245914984
2023-11-10,SOL,3076.380218229195
2023-11-11,SOL,3058.4658813310893
2023-11-12,SOL,3055.2087291677976
2023-11-13,SOL,2801.1508604310297
2023-11-14,SOL,3083.980239943543
2023-11-15,SOL,3551.9244340698115
2023-11-16,SOL,3137.7232506378587
2023-11-17,SOL,3176.2662179034796
2023-11-18,SOL,3178.9805113728894
2023-11-19,SOL,3316.866619618913
2023-11-20,SOL,3070.951631290375
2023-11-21,SOL,2803.8651539004395
2023-11-22,SOL,3124.6946419846913
2023-11-23,SOL,3067.694479127083
2023-11-24,SOL,3086.6945334129523
2023-11-25,SOL,3193.094837413821
2023-11-26,SOL,3125.2375006785733
2023-11-27,SOL,2988.979968514196
2023-11-28,SOL,3158.3518810053743
2023-11-29,SOL,3219.694913414038
2023-11-30,SOL,3219.1520547201562
2023-12-01,SOL,3243.5806959448455
2023-12-02,SOL,3455.8384452527002
2023-12-03,SOL,3418.924054068726
2023-12-04,SOL,3346.1809890885397
2023-12-05,SOL,3313.066608761739
2023-12-06,SOL,3357.5810216600617
2023-12-07,SOL,3677.324792356549
2023-12-08,SOL,4068.183051951577
2023-12-09,SOL,3924.8683567667335
2023-12-10,SOL,4064.3830410944033
2023-12-11,SOL,3813.582324520927
2023-12-12,SOL,3724.0106400303994
2023-12-13,SOL,3833.6680961945603
2023-12-14,SOL,4108.354595298843
2023-12-15,SOL,3936.2683893382555
2023-12-16,SOL,4001.954291297975
2023-12-17,SOL,3847.23956354161
2023-12-18,SOL,4039.954399869714
2023-12-19,SOL,3962.8684653384726
2023-12-20,SOL,4462.841322403778
2023-12-21,SOL,5094.185983388524
2023-12-22,SOL,5314.58661310461
2023-12-23,SOL,5856.359589598827
2023-12-24,SOL,6104.446012702893
2023-12-25,SOL,6563.70446772705
2023-12-26,SOL,6106.61744747842
2023-12-27,SOL,5803.702296292275
2023-12-28,SOL,5526.301503718581
2023-12-29,SOL,5763.530752945008
2023-12-30,SOL,5531.730090657402
2023-12-31,SOL,5521.958634167526
2024-01-01,SOL,5966.55990445687
2024-01-02,SOL,5793.9308398023995
2024-01-03,SOL,5348.243852125292
2024-01-04,SOL,5695.1305575158785
2024-01-05,SOL,5425.3297866565335
2024-01-06,SOL,5090.38597253135
2024-01-07,SOL,4855.328158080451
2024-01-08,SOL,5313.500895716845
2024-01-09,SOL,5393.8439824113775
2024-01-10,SOL,5537.158677596221
2024-01-11,SOL,5423.158351881006
2024-01-12,SOL,5000.814288040823
2024-01-13,SOL,5203.300580858802
2024-01-14,SOL,5092.557407306878
2024-01-15,SOL,5122.414635470387
2024-01-16,SOL,5298.843710982031
2024-01-17,SOL,5542.587264535041
2024-01-18,SOL,5124.586070245916
2024-01-19,SOL,5082.24309212312
2024-01-20,SOL,5042.071548775853
2024-01-21,SOL,4944.899842570979
2024-01-22,SOL,4551.327289506541
2024-01-23,SOL,4579.013082894522
2024-01-24,SOL,4818.956625590358
2024-01-25,SOL,4717.9849085283095
2024-01-26,SOL,5009.500027142935
2024-01-27,SOL,5118.0717659193315
2024-01-28,SOL,5210.357743879268
2024-01-29,SOL,5519.787199391998
2024-01-30,SOL,5504.587155963302
2024-01-31,SOL,5263.557895879702
2024-02-01,SOL,5309.700884859671
2024-02-02,SOL,5460.0727430649795
2024-02-03,SOL,5317.8437652679
2024-02-04,SOL,5183.75766787905
2024-02-05,SOL,5192.986265675045
2024-02-06,SOL,5259.215026328647
2024-02-07,SOL,5490.472829922372
2024-02-08,SOL,5578.415938331253
2024-02-09,SOL,5805.330872373921
2024-02-10,SOL,5917.702622007491
2024-02-11,SOL,5833.5595244557835
2024-02-12,SOL,6060.474458498452
2024-02-13,SOL,6106.07458878454
2024-02-14,SOL,6349.818142337549
2024-02-15,SOL,6161.446175560502
2024-02-16,SOL,5989.359969599913
2024-02-17,SOL,5912.816893762553
2024-02-18,SOL,6093.045980131371
2024-02-19,SOL,6054.503012865751
2024-02-20,SOL,5879.702513435753
2024-02-21,SOL,5701.644861842463
2024-02-22,SOL,5524.1300689430545
2024-02-23,SOL,5423.158351881006
2024-02-24,SOL,5646.273275066501
2024-02-25,SOL,5616.958905596873
2024-02-26,SOL,5966.017045762988
2024-02-27,SOL,5882.416806905162
2024-02-28,SOL,6461.647033277238
2024-02-29,SOL,6822.648064708757
2024-03-01,SOL,7026.2200749144995
2024-03-02,SOL,7058.248737853538
2024-03-03,SOL,7065.8487595678835
2024-03-04,SOL,7234.677813365181
2024-03-05,SOL,6802.562293035124
2024-03-06,SOL,7100.048857282448
2024-03-07,SOL,7807.393735410672
2024-03-08,SOL,7860.051028717224
2024-03-09,SOL,7832.908094023125
2024-03-10,SOL,7838.336680961945
2024-03-11,SOL,8079.365941045546
2024-03-12,SOL,8199.880571087348
2024-03-13,SOL,8897.453992725694
2024-03-14,SOL,9589.598827425221
2024-03-15,SOL,9985.885673959068
2024-03-16,SOL,9882.742522121493
2024-03-17,SOL,10958.145594701698
2024-03-18,SOL,10635.6875305358
2024-03-19,SOL,9218.826339503827
2024-03-20,SOL,10410.40117257478
2024-03-21,SOL,9742.142120406057
2024-03-22,SOL,9511.427175506216
2024-03-23,SOL,9372.455349872427
2024-03-24,SOL,9982.085663101894
2024-03-25,SOL,10259.486455675587
2024-03-26,SOL,10339.286683676239
2024-03-27,SOL,10115.086043102981
2024-03-28,SOL,10294.229412084034
2024-03-29,SOL,10423.429781227946
2024-03-30,SOL,10542.3158351881
2024-03-31,SOL,10990.174257640734
2024-04-01,SOL,10435.915531187231
2024-04-02,SOL,9854.513870039627
2024-04-03,SOL,10045.600130286088
2024-04-04,SOL,9988.599967428478
2024-04-05,SOL,9465.827045220129
2024-04-06,SOL,9699.799142283264
2024-04-07,SOL,9745.399272569352
2024-04-08,SOL,9808.37088105966
2024-04-09,SOL,9359.969599913142
2024-04-10,SOL,9408.284023668639
2024-04-11,SOL,9357.255306443732
2024-04-12,SOL,8314.423755496444
2024-04-13,SOL,7516.964334183811
2024-04-14,SOL,8210.737744964987
2024-04-15,SOL,7519.135768959339
2024-04-16,SOL,7394.8211280603655
2024-04-17,SOL,7157.049020140057
2024-04-18,SOL,7712.393463981326
2024-04-19,SOL,7735.736387818251
2024-04-20,SOL,8209.109168883338
2024-04-21,SOL,8077.7373649639
2024-04-22,SOL,8520.167200477716
2024-04-23,SOL,8400.73828782368
2024-04-24,SOL,8022.3657781879365
2024-04-25,SOL,7862.765322186635
2024-04-26,SOL,7558.221594918842
2024-04-27,SOL,7671.136203246295
2024-04-28,SOL,7490.907116877477
2024-04-29,SOL,7478.964225612073
2024-04-30,SOL,6881.819662341892
2024-05-01,SOL,7309.049454427011
2024-05-02,SOL,7468.649910428316
2024-05-03,SOL,7800.336572390206
2024-05-04,SOL,7928.451224146354
2024-05-05,SOL,7911.079745942131
2024-05-06,SOL,8295.966559904455
2024-05-07,SOL,8035.937245534987
2024-05-08,SOL,7718.364909614027
2024-05-09,SOL,8282.395092557406
2024-05-10,SOL,7926.279789370826
2024-05-11,SOL,7894.251126431789
2024-05-12,SOL,7786.222246349275
2024-05-13,SOL,8009.33716953477
2024-05-14,SOL,7710.222029205798
2024-05-15,SOL,8605.396015417187
2024-05-16,SOL,8651.539004397155
2024-05-17,SOL,9198.197709136311
2024-05-18,SOL,9358.883882525379
2024-05-19,SOL,9224.797785136529
2024-05-20,SOL,10135.171814776611
2024-05-21,SOL,9671.027631507519
2024-05-22,SOL,9605.884588241679
2024-05-23,SOL,9562.998751425002
2024-05-24,SOL,9103.740296400847
2024-05-25,SOL,9139.026111503175
2024-05-26,SOL,8870.853916725475
2024-05-27,SOL,9236.740676401932
2024-05-28,SOL,9156.940448401281
2024-05-29,SOL,9137.397535421529
2024-05-30,SOL,9059.225883502524
2024-05-31,SOL,8992.45426415504
2024-06-01,SOL,9019.054340155257
2024-06-02,SOL,8856.739590684545
2024-06-03,SOL,8951.19700342001
2024-06-04,SOL,9325.226643504695
2024-06-05,SOL,9420.769773627924
2024-06-06,SOL,9236.740676401932
2024-06-07,SOL,8821.453775582215
2024-06-08,SOL,8567.93876553933
2024-06-09,SOL,8800.825145214701
2024-06-10,SOL,8634.167526192932
2024-06-11,SOL,8105.423158351881
2024-06-12,SOL,8426.252646436133
2024-06-13,SOL,7995.765702187719
2024-06-14,SOL,7765.59361598176
2024-06-15,SOL,7899.6797133706095
2024-06-16,SOL,8213.452038434396
2024-06-17,SOL,7777.536507247164
2024-06-18,SOL,7459.421312632321
2024-06-19,SOL,7362.249606427447
2024-06-20,SOL,7249.877856793877
2024-06-21,SOL,7306.878019651484
2024-06-22,SOL,7257.477878508224
2024-06-23,SOL,6986.048531567232
2024-06-24,SOL,7183.649096140274
2024-06-25,SOL,7414.364041040118
2024-06-26,SOL,7426.849790999402
2024-06-27,SOL,8127.137506107161
2024-06-28,SOL,7601.650290429401
2024-06-29,SOL,7615.22175777645
2024-06-30,SOL,7958.851311003747
2024-07-01,SOL,7962.108463167037
2024-07-02,SOL,8361.652461864176
2024-07-03,SOL,7645.621844633841
2024-07-04,SOL,6940.991259975029
2024-07-05,SOL,7291.677976222789
2024-07-06,SOL,7765.59361598176
2024-07-07,SOL,7146.191846262417
2024-07-08,SOL,7589.707399163997
2024-07-09,SOL,7677.107648878996
2024-07-10,SOL,7707.507735736387
2024-07-11,SOL,7368.2210520601475
2024-07-12,SOL,7570.707344878128
2024-07-13,SOL,7703.164866185332
2024-07-14,SOL,8015.851473861353
2024-07-15,SOL,8652.081863091036
2024-07-16,SOL,8719.396341132404
2024-07-17,SOL,8441.452689864827
2024-07-18,SOL,8643.396123988925
2024-07-19,SOL,9181.36908962597
2024-07-20,SOL,9424.026925791217
2024-07-21,SOL,10015.200043428697
2024-07-22,SOL,9711.742033548668
2024-07-23,SOL,9393.083980239944
2024-07-24,SOL,9666.14190326258
2024-07-25,SOL,9329.026654361869
2024-07-26,SOL,9937.571250203571
2024-07-27,SOL,9984.257097877422
2024-07-28,SOL,10037.457249877856
2024-07-29,SOL,9910.971174203354
2024-07-30,SOL,9725.856359589598
2024-07-31,SOL,9321.426632647523
2024-08-01,SOL,9085.825959502741
2024-08-02,SOL,8293.252266435047
2024-08-03,SOL,7736.822105206015
2024-08-04,SOL,7509.364312469465
2024-08-05,SOL,7045.220129200369
2024-08-06,SOL,7838.879539655828
2024-08-07,SOL,7858.965311329462
2024-08-08,SOL,8855.65387329678
2024-08-09,SOL,8483.795667987622
2024-08-10,SOL,8360.566744476413
2024-08-11,SOL,7685.250529287225
2024-08-12,SOL,7941.479832799521
2024-08-13,SOL,7961.0227457792735
2024-08-14,SOL,7801.42228977797
2024-08-15,SOL,7740.079257369307
2024-08-16,SOL,7547.907279735084
2024-08-17,SOL,7704.793442266979
2024-08-18,SOL,7731.393518267194
2024-08-19,SOL,7832.908094023125
2024-08-20,SOL,7723.250637858966
2024-08-21,SOL,7751.479289940828
2024-08-22,SOL,7774.822213777753
2024-08-23,SOL,8319.852342435262
2024-08-24,SOL,8722.110634601811
2024-08-25,SOL,8627.110363172465
2024-08-26,SOL,8529.39579827371
2024-08-27,SOL,7968.622767493621
2024-08-28,SOL,7814.450898431137
2024-08-29,SOL,7600.021714347756
2024-08-30,SOL,7490.907116877477
2024-08-31,SOL,7347.592421692633
2024-09-01,SOL,6975.734216383475
2024-09-02,SOL,7325.335215243472
2024-09-03,SOL,6923.619781770804
2024-09-04,SOL,7254.763585038813
2024-09-05,SOL,7025.134357526736
2024-09-06,SOL,6788.447966994191
2024-09-07,SOL,6932.848379566798
2024-09-08,SOL,7065.305900874003
2024-09-09,SOL,7332.93523695782
2024-09-10,SOL,7362.792465121328
2024-09-11,SOL,7188.534824385212
2024-09-12,SOL,7385.592530264373
2024-09-13,SOL,7546.821562347322
2024-09-14,SOL,7444.764127897507
2024-09-15,SOL,7131.534661527604
2024-09-16,SOL,7136.9632484664235
2024-09-17,SOL,7140.763259323598
2024-09-18,SOL,7292.763693610553
2024-09-19,SOL,7756.907876879647
2024-09-20,SOL,7961.565604473155
2024-09-21,SOL,8110.851745290701
2024-09-22,SOL,7851.3652896151125
2024-09-23,SOL,7860.051028717224
2024-09-24,SOL,8291.080831659518
2024-09-25,SOL,8033.222952065576
2024-09-26,SOL,8444.166983334238
2024-09-27,SOL,8557.624450355572
2024-09-28,SOL,8509.310026600077
2024-09-29,SOL,8602.138863253896
2024-09-30,SOL,8278.05222300635
2024-10-01,SOL,7878.508224309212
2024-10-02,SOL,7609.793170837631
2024-10-03,SOL,7427.3926496932845
2024-10-04,SOL,7775.907931165519
2024-10-05,SOL,7740.6221160631885
2024-10-06,SOL,7951.794147983279
2024-10-07,SOL,7814.99375712502
2024-10-08,SOL,7789.479398512567
2024-10-09,SOL,7563.6501818576635
2024-10-10,SOL,7547.364421041203
2024-10-11,SOL,7900.222572064492
2024-10-12,SOL,7947.451278432224
2024-10-13,SOL,8020.1943434124105
2024-10-14,SOL,8554.910156886162
2024-10-15,SOL,8401.28114651756
2024-10-16,SOL,8375.223929211226
2024-10-17,SOL,8170.023342923837
2024-10-18,SOL,8411.052603007436
2024-10-19,SOL,8674.339069540198
2024-10-20,SOL,9087.454535584387
2024-10-21,SOL,9020.682916236901
2024-10-22,SOL,9097.768850768145
2024-10-23,SOL,9274.74078497367
2024-10-24,SOL,9618.913196894848
2024-10-25,SOL,8951.739862113893
2024-10-26,SOL,9276.369361055316
2024-10-27,SOL,9588.513110037456
2024-10-28,SOL,9678.627653221865
2024-10-29,SOL,9739.97068563053
2024-10-30,SOL,9492.969979914229
2024-10-31,SOL,9157.483307095163
2024-11-01,SOL,9016.882905379729
2024-11-02,SOL,9020.682916236901
2024-11-03,SOL,8823.082351663863
2024-11-04,SOL,8574.453069865913
2024-11-05,SOL,9045.111557461592
2024-11-06,SOL,10129.200369143911
2024-11-07,SOL,10659.030454372725
2024-11-08,SOL,10849.030997231419
2024-11-09,SOL,10851.202432006947
2024-11-10,SOL,11403.832582378805
2024-11-11,SOL,12058.520167200477
2024-11-12,SOL,11489.061397318277
2024-11-13,SOL,11678.51908148309
2024-11-14,SOL,11376.689647684707
2024-11-15,SOL,11858.748167851907
2024-11-16,SOL,11710.004885728245
2024-11-17,SOL,12891.265403615438
2024-11-18,SOL,13017.208620596057
2024-11-19,SOL,12899.95114271755
2024-11-20,SOL,12783.236523532923
2024-11-21,SOL,13917.268335052388
2024-11-22,SOL,13946.03984582813
2024-11-23,SOL,13836.925248357853
2024-11-24,SOL,13719.667770479344
2024-11-25,SOL,12712.664893328267
2024-11-26,SOL,12523.207209163453
2024-11-27,SOL,13135.00895716845
2024-11-28,SOL,12897.779707942022
2024-11-29,SOL,13209.38059823028
2024-11-30,SOL,12898.322566635903
2024-12-01,SOL,12854.893871125347
2024-12-02,SOL,12253.406438304108
2024-12-03,SOL,12698.550567287335
2024-12-04,SOL,12439.60697030563
2024-12-05,SOL,12802.779436512677
2024-12-06,SOL,12858.69388198252
2024-12-07,SOL,12927.636936105531
2024-12-08,SOL,12866.83676239075
2024-12-09,SOL,11759.947885565387
2024-12-10,SOL,11595.461701319146
2024-12-11,SOL,12338.63525324358
2024-12-12,SOL,12320.720916345475
2024-12-13,SOL,12202.920579773085
2024-12-14,SOL,11939.091254546442
2024-12-15,SOL,12174.691927691223
2024-12-16,SOL,11736.06210303458
2024-12-17,SOL,12113.891753976439
2024-12-18,SOL,11211.660604744584
2024-12-19,SOL,10521.144346126703
2024-12-20,SOL,10557.515878616794
2024-12-21,SOL,9850.171000488572
2024-12-22,SOL,9799.685141957549
2024-12-23,SOL,10320.28662939037
2024-12-24,SOL,10699.201997719993
2024-12-25,SOL,10718.202052005863
2024-12-26,SOL,10230.714944899843
2024-12-27,SOL,10000.542858693881
2024-12-28,SOL,10612.887465392758
2024-12-29,SOL,10311.058031594375
2024-12-30,SOL,10389.22968351338
2024-12-31,SOL,10276.85793387981
2025-01-01,SOL,10546.658704739155
2025-01-02,SOL,11308.289452255578
2025-01-03,SOL,11833.776667933336
2025-01-04,SOL,11762.119320340913
2025-01-05,SOL,11585.147386135388
2025-01-06,SOL,11846.262417892622
2025-01-07,SOL,10974.97421421204
2025-01-08,SOL,10720.37348678139
2025-01-09,SOL,10040.171543347265
2025-01-10,SOL,10188.371966777047
2025-01-11,SOL,10210.629173226209
2025-01-12,SOL,10233.429238369252
2025-01-13,SOL,9927.256935019814
2025-01-14,SOL,10182.400521144345
2025-01-15,SOL,11175.289072254493
2025-01-16,SOL,11461.918462624177
2025-01-17,SOL,11916.291189403397
2025-01-18,SOL,14221.269203626298
2025-01-19,SOL,13702.839150969001
2025-01-20,SOL,13147.494707127735
2025-01-21,SOL,13589.38168394767
2025-01-22,SOL,13971.011345746703
2025-01-23,SOL,13740.296400846859
2025-01-24,SOL,13754.410726887789
2025-01-25,SOL,13919.439769827915
2025-01-26,SOL,13055.751587861678
2025-01-27,SOL,12751.207860593886
2025-01-28,SOL,12326.149503284294
2025-01-29,SOL,12385.863959611312
2025-01-30,SOL,12936.865533901524
2025-01-31,SOL,12581.83594810271
2025-02-01,SOL,11564.518755767875
2025-02-02,SOL,11047.717279192226
2025-02-03,SOL,11740.947831279518
2025-02-04,SOL,11217.632050377286
2025-02-05,SOL,10646.544704413442
2025-02-06,SOL,10289.343683839095
2025-02-07,SOL,10422.344063840183
2025-02-08,SOL,10820.259486455674
2025-02-09,SOL,10882.688236252103
2025-02-10,SOL,10882.688236252103
2025-02-11,SOL,10746.430704087727
2025-02-12,SOL,10682.373378209651
2025-02-13,SOL,10545.03012865751
2025-02-14,SOL,10824.059497312848
2025-02-15,SOL,10557.515878616794
2025-02-16,SOL,10220.400629716085
2025-02-17,SOL,9637.370392486835
2025-02-18,SOL,9191.683404809728
2025-02-19,SOL,9170.511915748331
2025-02-20,SOL,9554.313012322891
2025-02-21,SOL,9171.054774442211
2025-02-22,SOL,9340.969545627273
2025-02-23,SOL,9116.768905054014
2025-02-24,SOL,7698.279137940393
2025-02-25,SOL,7835.079528798654
2025-02-26,SOL,7345.963845610987
2025-02-27,SOL,7474.078497367135
2025-02-28,SOL,8044.080125943217
2025-03-01,SOL,7798.707996308561
2025-03-02,SOL,9701.42771836491
2025-03-03,SOL,7717.279192226263
2025-03-04,SOL,7860.051028717224
2025-03-05,SOL,7940.93697410564
2025-03-06,SOL,7779.707942022691
2025-03-07,SOL,7566.907334020953
2025-03-08,SOL,7437.706964877041
2025-03-09,SOL,6867.705336300961
2025-03-10,SOL,6423.104066011617
2025-03-11,SOL,6804.73372781065
2025-03-12,SOL,6873.676781933662
2025-03-13,SOL,6697.247706422018
2025-03-14,SOL,7249.334998099994
2025-03-15,SOL,7375.278215080615
2025-03-16,SOL,6847.076705933445
2025-03-17,SOL,6949.1341403832575
2025-03-18,SOL,6803.648010422887
2025-03-19,SOL,7346.50670430487
2025-03-20,SOL,6926.876933934096
2025-03-21,SOL,6974.648498995711
2025-03-22,SOL,6976.277075077357
2025-03-23,SOL,7211.334889528255
2025-03-24,SOL,7654.850442429834
2025-03-25,SOL,7797.622278920795
2025-03-26,SOL,7455.621301775147
2025-03-27,SOL,7514.792899408285
2025-03-28,SOL,7029.477227077791
2025-03-29,SOL,6762.933608381738
2025-03-30,SOL,6775.962217034905
2025-03-31,SOL,6760.76217360621
2025-04-01,SOL,6876.391075403072
2025-04-02,SOL,6374.246783562238
2025-04-03,SOL,6360.675316215189
2025-04-04,SOL,6665.761902176864
2025-04-05,SOL,6531.675804788013
2025-04-06,SOL,5749.416426904077
2025-04-07,SOL,5808.04516584333
2025-04-08,SOL,5721.730633516096
2025-04-09,SOL,6462.732750665002
2025-04-10,SOL,6123.988925682645
2025-04-11,SOL,6590.84740242115
2025-04-12,SOL,7178.763367895337
2025-04-13,SOL,6969.219912056891
2025-04-14,SOL,7025.677216220616
2025-04-15,SOL,6845.990988545681
2025-04-16,SOL,7129.363226752076
2025-04-17,SOL,7319.36376961077
2025-04-18,SOL,7276.477932794093
2025-04-19,SOL,7592.964551327289
2025-04-20,SOL,7483.849953857012
2025-04-21,SOL,7413.278323652354
2025-04-22,SOL,8077.194506270017
2025-04-23,SOL,8202.594864556755
2025-04-24,SOL,8281.309375169643
2025-04-25,SOL,8187.394821128059
2025-04-26,SOL,8099.994571413062
2025-04-27,SOL,8033.222952065576
2025-04-28,SOL,8025.62293035123
2025-04-29,SOL,7942.565550187287
2025-04-30,SOL,8009.33716953477
2025-05-01,SOL,8189.023397209705
2025-05-02,SOL,8037.022962922751
2025-05-03,SOL,7964.279897942566
2025-05-04,SOL,7814.450898431137
2025-05-05,SOL,7964.822756636447
2025-05-06,SOL,7973.508495738558
2025-05-07,SOL,7997.394278269366
2025-05-08,SOL,8927.854079583085
2025-05-09,SOL,9379.512512892892
2025-05-10,SOL,9656.913305466585
2025-05-11,SOL,9401.769719342055
2025-05-12,SOL,9457.684164811899
2025-05-13,SOL,9975.02850008143
2025-05-14,SOL,9589.055968731338
2025-05-15,SOL,9182.997665707617
2025-05-16,SOL,9087.454535584387
2025-05-17,SOL,9008.197166277618
2025-05-18,SOL,9407.741164974757
2025-05-19,SOL,9058.140166114761
2025-05-20,SOL,9152.054720156342
2025-05-21,SOL,9420.226914934043
2025-05-22,SOL,9754.085011671463
2025-05-23,SOL,9446.284132240378
2025-05-24,SOL,9547.255849302426
2025-05-25,SOL,9540.198686281961
2025-05-26,SOL,9495.141414689757
2025-05-27,SOL,9592.855979588514
2025-05-28,SOL,9348.569567341621
2025-05-29,SOL,9049.99728570653
2025-05-30,SOL,8479.452798436565
2025-05-31,SOL,8493.024265783615
2025-06-01,SOL,8559.795885131101
2025-06-02,SOL,8513.652896151132
2025-06-03,SOL,8424.624070354486
2025-06-04,SOL,8319.852342435262
2025-06-05,SOL,7832.908094023125
2025-06-06,SOL,8025.080071657348
2025-06-07,SOL,8146.137560393029
2025-06-08,SOL,8275.880788230823
2025-06-09,SOL,8748.71071060203
2025-06-10,SOL,8963.682753379295
2025-06-11,SOL,8738.396395418273
2025-06-12,SOL,8268.823625210356
2025-06-13,SOL,8066.880191086259
2025-06-14,SOL,7851.908148308993
2025-06-15,SOL,8304.109440312686
2025-06-16,SOL,8181.96623418924
2025-06-17,SOL,8010.965745616416
2025-06-18,SOL,7944.194126268932
2025-06-19,SOL,7982.194234840671
2025-06-20,SOL,7605.993159980457
2025-06-21,SOL,7351.935291243689
2025-06-22,SOL,7149.991857119592
2025-06-23,SOL,7844.850985288528
2025-06-24,SOL,7921.394061125888
2025-06-25,SOL,7793.822268063623
2025-06-26,SOL,7548.992997122849
2025-06-27,SOL,7713.47918136909
2025-06-28,SOL,8181.96623418924
2025-06-29,SOL,8323.109494598555
2025-06-30,SOL,8403.995439986971
2025-07-01,SOL,7973.508495738558
2025-07-02,SOL,8266.109331740949
2025-07-03,SOL,8270.995059985886
2025-07-04,SOL,8018.022908636881
2025-07-05,SOL,8009.880028228652
2025-07-06,SOL,8243.852125291787
2025-07-07,SOL,8082.080234514954
2025-07-08,SOL,8233.537810108028
2025-07-09,SOL,8525.595787416536
2025-07-10,SOL,8921.3397752565
2025-07-11,SOL,8844.796699419141
2025-07-12,SOL,8723.196351989576
2025-07-13,SOL,8748.167851908149
2025-07-14,SOL,8805.710873459639
2025-07-15,SOL,8901.796862276748
2025-07-16,SOL,9425.655501872861
2025-07-17,SOL,9547.255849302426
2025-07-18,SOL,9623.798925139787
2025-07-19,SOL,9606.427446935562
2025-07-20,SOL,9849.085283100809
2025-07-21,SOL,10624.830356658162
2025-07-22,SOL,11166.60333315238
2025-07-23,SOL,10281.743662124749
2025-07-24,SOL,9927.256935019814
2025-07-25,SOL,10138.428966939906
2025-07-26,SOL,10036.371532490093
2025-07-27,SOL,10240.486401389717
2025-07-28,SOL,9940.285543672982
2025-07-29,SOL,9851.799576570218
2025-07-30,SOL,9650.399001140004
2025-07-31,SOL,9349.112426035503
2025-08-01,SOL,8832.853808153737
2025-08-02,SOL,8603.224580641658
2025-08-03,SOL,8792.68226480647
2025-08-04,SOL,9204.169154769013
2025-08-05,SOL,8907.768307909451
2025-08-06,SOL,9124.911785462244
2025-08-07,SOL,9519.570055914446
2025-08-08,SOL,9596.655990445688
2025-08-09,SOL,9768.742196406274
2025-08-10,SOL,9915.856902448291
2025-08-11,SOL,9491.341403832583
2025-08-12,SOL,10410.94403126866
2025-08-13,SOL,10939.14554041583
2025-08-14,SOL,10448.401281146518
2025-08-15,SOL,10081.971662776179
2025-08-16,SOL,10292.600836002388
2025-08-17,SOL,10368.058194451984
2025-08-18,SOL,9931.056945876988
2025-08-19,SOL,9566.255903588295
2025-08-20,SOL,10202.48629281798
2025-08-21,SOL,9787.199391998261
2025-08-22,SOL,10894.631127517507
2025-08-23,SOL,11081.91737690679
2025-08-24,SOL,11181.803376581076
2025-08-25,SOL,10162.314749470712
2025-08-26,SOL,10632.43037837251
2025-08-27,SOL,11017.317192334835
2025-08-28,SOL,11640.518972911352
2025-08-29,SOL,11132.946094131697
2025-08-30,SOL,11003.745724987784
2025-08-31,SOL,10890.831116660333
2025-09-01,SOL,10711.687747679278
2025-09-02,SOL,11381.032517235764
2025-09-03,SOL,11441.832690950545
2025-09-04,SOL,10983.11709462027
2025-09-05,SOL,11039.574398783996
2025-09-06,SOL,10865.859616741762
2025-09-07,SOL,11201.88914825471
2025-09-08,SOL,11623.147494707127
2025-09-09,SOL,11791.433689810541
2025-09-10,SOL,12163.834753813582
2025-09-11,SOL,12416.806905162584
2025-09-12,SOL,13146.951848433851
2025-09-13,SOL,13157.80902231149
2025-09-14,SOL,13015.58004451441
2025-09-15,SOL,12719.722056348732
2025-09-16,SOL,12863.579610227458
2025-09-17,SOL,13291.352261006461
2025-09-18,SOL,13435.752673579065
2025-09-19,SOL,12948.808425166928
2025-09-20,SOL,13000.380001085716
2025-09-21,SOL,12820.1509147169
2025-09-22,SOL,11963.519895771129
2025-09-23,SOL,11579.175940502686
2025-09-24,SOL,11486.88996254275
2025-09-25,SOL,10463.058465881331
2025-09-26,SOL,11137.831822376635
2025-09-27,SOL,11045.002985722816
2025-09-28,SOL,11445.089843113838
2025-09-29,SOL,11549.318712339178
2025-09-30,SOL,11328.375223929212
2025-10-01,SOL,12053.63443895554
2025-10-02,SOL,12743.064980185658
2025-10-03,SOL,12639.92182834808
2025-10-04,SOL,12369.578198794854
2025-10-05,SOL,12407.578307366592
2025-10-06,SOL,12613.321752347863
2025-10-07,SOL,11941.26268932197
2025-10-08,SOL,12432.549807285164
2025-10-09,SOL,11993.37712393464
2025-10-10,SOL,10229.086368818198
2025-10-11,SOL,9642.256120731772
2025-10-12,SOL,10694.316269475055
2025-10-13,SOL,11328.918082623093
2025-10-14,SOL,10989.631398946854
2025-10-15,SOL,10522.772922208349
2025-10-16,SOL,10034.742956408447
2025-10-17,SOL,9877.856793876554
2025-10-18,SOL,10181.857662450464
2025-10-19,SOL,10198.143423266923
2025-10-20,SOL,10298.57228163509
2025-10-21,SOL,10077.08593453124
2025-10-22,SOL,9777.970794202269
2025-10-23,SOL,10387.601107431734
2025-10-24,SOL,10509.201454861299
2025-10-25,SOL,10522.772922208349
2025-10-26,SOL,10858.802453721295
2025-10-27,SOL,10786.602247434992
2025-10-28,SOL,10539.60154171869
2025-10-29,SOL,10524.944356983877
2025-10-30,SOL,10026.057217306336
2025-10-31,SOL,10162.857608164595
2025-11-01,SOL,10116.171760490744
2025-11-02,SOL,10190.000542858694
2025-11-03,SOL,9014.711470604201
2025-11-04,SOL,8415.938331252375
2025-11-05,SOL,8814.39661256175
2025-11-06,SOL,8429.509798599425
2025-11-07,SOL,8782.910808316596
2025-11-08,SOL,8578.253080723089
2025-11-09,SOL,8931.65409044026
2025-11-10,SOL,9082.568807339449
2025-11-11,SOL,8394.223983497095
2025-11-12,SOL,8328.538081537374
2025-11-13,SOL,7856.793876553932
2025-11-14,SOL,7541.3929754085
2025-11-15,SOL,7578.850225286358
2025-11-16,SOL,7446.392703979152
2025-11-17,SOL,7110.90603116009
2025-11-18,SOL,7637.478964225612
2025-11-19,SOL,7440.421258346452
2025-11-20,SOL,7256.392161120459
2025-11-21,SOL,6985.505672873352
2025-11-22,SOL,6926.334075240215
2025-11-23,SOL,7088.648824710928
2025-11-24,SOL,7515.3357581021655
2025-11-25,SOL,7543.56441018403
2025-11-26,SOL,7763.965039900114
2025-11-27,SOL,7646.164703327723
2025-11-28,SOL,7455.078443081267
2025-11-29,SOL,7377.992508550024
2025-11-30,SOL,7246.077845936702
2025-12-01,SOL,6875.84821670919
2025-12-02,SOL,7528.364366755333
2025-12-03,SOL,7853.53672439064
2025-12-04,SOL,7546.278703653438
2025-12-05,SOL,7235.763530752945
2025-12-06,SOL,7176.049074425927
2025-12-07,SOL,7178.763367895337
2025-12-08,SOL,7233.592095977418
2025-12-09,SOL,7484.935671244774
2025-12-10,SOL,7396.992562835893
2025-12-11,SOL,7405.135443244123
2025-12-12,SOL,7180.3919439769825
2025-12-13,SOL,7227.620650344714
2025-12-14,SOL,7024.591498832853
2025-12-15,SOL,6938.2769665056185
2025-12-16,SOL,7011.020031485805
2025-12-17,SOL,6691.819119483198
2025-12-18,SOL,6492.5899788285105
2025-12-19,SOL,6854.676727647792
2025-12-20,SOL,6829.705227729222
2025-12-21,SOL,6841.648118994625
2025-12-22,SOL,6836.219532055806
2025-12-23,SOL,6731.990662830465
2025-12-24,SOL,6651.647576135932
2025-12-25,SOL,6517.561478747082
2025-12-26,SOL,6636.990391401119
2025-12-27,SOL,6771.076488789969
2025-12-28,SOL,6800.390858259594
2025-12-29,SOL,6692.361978177079
2025-12-30,SOL,6786.276532218663
2025-12-31,SOL,6766.733619238911
2026-01-01,SOL,6888.876825362358
2026-01-02,SOL,7181.477661364746
2026-01-03,SOL,7240.106400304001
2026-01-04,SOL,7280.82080234515
2026-01-05,SOL,7486.021388632538
2026-01-06,SOL,7658.650453287009
2026-01-07,SOL,7404.049725856359
2026-01-08,SOL,7511.535747244991
2026-01-09,SOL,7381.249660713315
2026-01-10,SOL,7374.19249769285
2026-01-11,SOL,7583.735953531295
2026-01-12,SOL,7557.678736224961
2026-01-13,SOL,7899.136854676726
2026-01-14,SOL,7963.194180554801
2026-01-15,SOL,7730.307800879432
2026-01-16,SOL,7865.479615656043
2026-01-17,SOL,7801.965148471852
2026-01-18,SOL,7484.392812550893
2026-01-19,SOL,7243.906411161174
2026-01-20,SOL,6829.162369035339
2026-01-21,SOL,7032.191520547201
2026-01-22,SOL,6974.105640301829
2026-01-23,SOL,6917.648336138103
2026-01-24,SOL,6905.7054448726985
2026-01-25,SOL,6451.875576787362
2026-01-26,SOL,6744.47641278975
2026-01-27,SOL,6904.619727484935
2026-01-28,SOL,6804.73372781065
2026-01-29,SOL,6395.961131317517
2026-01-30,SOL,6383.475381358232
2026-01-31,SOL,5731.502090005972
2026-02-01,SOL,5471.472775636502
2026-02-02,SOL,5675.587644536126
2026-02-03,SOL,5314.043754410726
2026-02-04,SOL,5000.814288040823
2026-02-05,SOL,4253.297866565333
2026-02-06,SOL,4747.842136691818
2026-02-07,SOL,4754.899299712285
2026-02-08,SOL,4722.327778079365
2026-02-09,SOL,4710.384886813962
2026-02-10,SOL,4505.184300526573
2026-02-11,SOL,4304.869442484121
2026-02-12,SOL,4256.012160034743
2026-02-13,SOL,4577.927365506758
2026-02-14,SOL,4780.413658324737
2026-02-15,SOL,4677.270506487161
2026-02-16,SOL,4693.013408609739
2026-02-17,SOL,4618.641767547907
2026-02-18,SOL,4430.26980077086
2026-02-19,SOL,4478.584224526356
2026-02-20,SOL,4596.384561098746
2026-02-21,SOL,4623.527495792845
2026-02-22,SOL,4494.327126648934
2026-02-23,SOL,4228.869225340643
2026-02-24,SOL,4288.0408229737795
2026-02-25,SOL,4780.413658324737
2026-02-26,SOL,4663.699039140111
2026-02-27,SOL,4443.298409424026
2026-02-28,SOL,4579.013082894522
2026-03-01,SOL,4538.298680853373
2026-03-02,SOL,4703.327723793496
2026-03-03,SOL,4721.242060691602
2026-03-04,SOL,4931.871233917811
2026-03-05,SOL,4818.956625590358
2026-03-06,SOL,4598.013137180392
2026-03-07,SOL,4517.670050485858
2026-03-08,SOL,4429.184083383096
2026-03-09,SOL,4612.127463221323
2026-03-10,SOL,4662.070463058465
2026-03-11,SOL,4700.0705716302045
2026-03-12,SOL,4714.184897671136
2026-03-13,SOL,4786.927962651322
2026-03-14,SOL,4778.785082243092
2026-03-15,SOL,5010.585744530698
2026-03-16,SOL,5222.300635144672
2026-03-17,SOL,5136.528961511319
2026-03-18,SOL,4890.071114488898
2026-03-19,SOL,4825.470929916943
2026-03-20,SOL,4877.042505835731
2026-03-21,SOL,4753.270723630639
2026-03-22,SOL,4679.441941262689
2026-03-23,SOL,4963.357038162966
2026-03-24,SOL,4929.156940448401
2026-03-25,SOL,4978.014222897779
2026-03-26,SOL,4697.356278160794
2026-03-27,SOL,4511.698604853156
2026-03-28,SOL,4456.327018077194
2026-03-29,SOL,4421.041202974865
2026-03-30,SOL,4480.7556593018835
2026-03-31,SOL,4516.584333098095
2026-04-01,SOL,4406.926876933934
2026-04-02,SOL,4285.32652950437
2026-04-03,SOL,4364.583898811139
2026-04-04,SOL,4387.926822648064
2026-04-05,SOL,4445.469844199554
2026-04-06,SOL,4344.498127137506
2026-04-07,SOL,4644.698984854243
2026-04-08,SOL,4482.384235383529
2026-04-09,SOL,4523.64149611856
2026-04-10,SOL,4605.070300200858
2026-04-11,SOL,4610.498887139678
2026-04-12,SOL,4425.926931219804
2026-04-13,SOL,4696.27056077303
2026-04-14,SOL,4544.812985179957
2026-04-15,SOL,4608.870311058032
2026-04-16,SOL,4834.156669019054
2026-04-17,SOL,4818.413766896477
2026-04-18,SOL,4677.270506487161
2026-04-19,SOL,4531.241517832907
2026-04-20,SOL,4629.498941425547
2026-04-21,SOL,4670.213343466696
2026-04-22,SOL,4715.813473752783
2026-04-23,SOL,4675.099071711634
2026-04-24,SOL,4678.3562238749255
2026-04-25,SOL,4678.3562238749255
2026-04-26,SOL,4719.070625916074
2026-04-27,SOL,4604.527441506975
2026-04-28,SOL,4563.270180771945
2026-04-29,SOL,4507.898593995983
2026-04-30,SOL,4510.612887465392
2026-05-01,SOL,4546.9844199554855
2026-05-02,SOL,4574.127354649585
2026-05-03,SOL,4555.127300363715
2026-05-04,SOL,4565.441615547473
2026-05-05,SOL,4684.327669507627
2026-05-06,SOL,4840.128114651756
2026-05-07,SOL,4799.956571304489
2026-05-08,SOL,4994.842842408121
2026-05-09,SOL,5055.643016122903
2026-05-10,SOL,5236.957819879485
2026-05-11,SOL,5285.815102328864
2026-05-12,SOL,5118.0717659193315
2026-05-13,SOL,4949.242712122034
2026-05-14,SOL,5002.442864122469
2026-05-15,SOL,4844.470984202811
2026-05-16,SOL,4697.899136854678
2026-05-17,SOL,4627.327506650018
2026-05-18,SOL,4634.9275283643665
2026-05-19,SOL,4575.75593073123
2026-05-20,SOL,4677.813365181044
2026-05-21,SOL,4742.413549752999
2026-05-22,SOL,4581.727376363933
2026-05-23,SOL,4655.013300038
2026-05-24,SOL,4628.9560827316645
2026-05-25,SOL,4617.556050160143
2026-05-26,SOL,4544.812985179957
2026-05-27,SOL,4475.327072363063
2026-05-28,SOL,4457.412735464958
2026-05-29,SOL,4453.612724607785
2026-05-30,SOL,4491.069974485642
2026-05-31,SOL,4475.327072363063
2026-06-01,SOL,4412.355463872754
2026-06-02,SOL,4029.640084685956
2026-06-03,SOL,3887.4111068888765
2026-06-04,SOL,3739.2106834590954
2026-06-05,SOL,3454.752727864937
2026-06-06,SOL,3376.5810759459314
2026-06-07,SOL,3610.010314315183
2026-06-08,SOL,3627.3817925194066
2026-06-09,SOL,3526.4100754573583
2026-06-10,SOL,3430.3240866402475
2026-06-11,SOL,3633.3532381521095
2026-06-12,SOL,3627.3817925194066
2026-06-13,SOL,3742.467835622387
2026-06-14,SOL,3869.4967699907716
2026-06-15,SOL,4016.0686173389067
2026-06-16,SOL,3991.0971174203355
2026-06-17,SOL,3911.296889419684
2026-06-18,SOL,3784.2679550513
2026-06-19,SOL,3785.8965311329457
2026-06-20,SOL,3974.811356603876
2026-06-21,SOL,3933.554095868845
2026-06-22,SOL,3905.8683024808643
2026-06-23,SOL,3784.2679550513
2026-06-24,SOL,3697.4105640301827
2026-06-25,SOL,3676.239074968785
2026-06-26,SOL,3903.1540090114545
2026-06-27,SOL,3827.153791867977
2026-06-28,SOL,3874.925356929591
2026-06-29,SOL,4080.12594321698
2026-06-30,SOL,3999.2399978285653
2026-07-01,SOL,4204.983442809837
2026-07-02,SOL,4382.498235709245
2026-07-03,SOL,4469.898485424244
2026-07-04,SOL,4440.584115954616
2026-07-05,SOL,4429.184083383096
2026-07-06,SOL,4448.1841376689645
2026-07-07,SOL,4374.355355301015
2026-07-08,SOL,4225.069214483469
2026-07-09,SOL,4236.469247054992
2026-07-10,SOL,4241.354975299929
2026-07-11,SOL,4168.611910319744
2026-07-12,SOL,4175.669073340209
2026-07-13,SOL,4071.9830628087507
2026-07-14,SOL,4227.240649258998
2026-07-15,SOL,4195.754845013843
2026-07-16,SOL,4088.811682319092
2026-07-17,SOL,4073.6116388903974
2026-07-18,SOL,4099.668856196732
2026-07-19,SOL,4146.354703870582
2026-07-20,SOL,4226.154931871233
2026-07-21,SOL,4240.812116606047
2026-07-22,SOL,4232.669236197818
2026-07-23,SOL,4119.211769176482
2026-07-24,SOL,4014.982899951142
2026-07-25,SOL,4045.3829868085336
2026-07-26,SOL,4166.983334238098
2026-07-27,SOL,4028.01150860431
2026-07-28,SOL,4007.9257369306765
2026-07-29,SOL,3999.782856522447
2026-07-30,SOL,4044.8401281146516
2026-07-31,SOL,3955.811302318007
2026-08-01,SOL,3905.8683024808643
2026-08-02,SOL,3997.068563053037
2026-08-03,SOL,3993.2685521958633
2026-08-04,SOL,4003.582867379621
2026-08-05,SOL,4019.325769502199
2026-08-06,SOL,3946.582704522013
2026-08-07,SOL,3998.697139134683
2026-08-08,SOL,4126.268932196949
2026-08-09,SOL,4140.38325823788
2026-08-10,SOL,4125.183214809185
2026-08-11,SOL,4142.011834319526
2026-08-12,SOL,4105.640301829433
2026-08-13,SOL,4140.926116931762
2026-08-14,SOL,4093.154551870148
2026-08-15,SOL,4090.440258400738
2026-08-16,SOL,4050.268715053471
2026-08-17,SOL,4126.811790890831
2026-08-18,SOL,4182.726236360675
2026-08-19,SOL,4634.9275283643665
2026-08-20,SOL,4758.699310569458
2026-08-21,SOL,5087.671679061939
2026-08-22,SOL,5093.100266000759
2026-08-23,SOL,5180.500515715759
2026-08-24,SOL,5372.672493349981
2026-08-25,SOL,5244.014982899951
2026-08-26,SOL,5540.958688453395
2026-08-27,SOL,5924.759785027957
2026-08-28,SOL,5653.873296780848
2026-08-29,SOL,5733.130666087617
2026-08-30,SOL,5523.587210249172
2026-08-31,SOL,5594.701699147712
2026-09-01,SOL,5428.586938819825
2026-09-02,SOL,5451.929862656751
2026-09-03,SOL,5642.473264209326
2026-09-04,SOL,5533.358666739048
2026-09-05,SOL,5601.216003474296
2026-09-06,SOL,5784.1593833125235
2026-09-07,SOL,5634.873242494978
2026-09-08,SOL,5611.530318658053
2026-09-09,SOL,5513.815753759296
2026-09-10,SOL,5356.386732533521
2026-09-11,SOL,5562.130177514792
2026-09-12,SOL,5524.1300689430545
2026-09-13,SOL,5390.586830248086
2026-09-14,SOL,5565.930188371966
2026-09-15,SOL,5259.215026328647
2026-09-16,SOL,5355.843873839639
2026-09-17,SOL,5517.61576461647
2026-09-18,SOL,6119.1031974377065
2026-09-19,SOL,6028.988654253298
2026-09-20,SOL,6034.960099886
2026-09-21,SOL,6454.589870256773
2026-09-22,SOL,6436.675533358667
2026-09-23,SOL,6242.332120948917
2026-09-24,SOL,6353.618153194723
2026-09-25,SOL,6631.018945768416
2026-09-26,SOL,6590.84740242115
2026-09-27,SOL,6728.190651973291
2021-01-01,XRP,100.0
2021-01-02,XRP,92.91670176029648
2021-01-03,XRP,94.92124989471911
2021-01-04,XRP,99.23776636065021
2021-01-05,XRP,95.0602206687442
2021-01-06,XRP,104.66604901878212
2021-01-07,XRP,136.39770908784638
2021-01-08,XRP,134.89429798702938
2021-01-09,XRP,136.52404615514192
2021-01-10,XRP,132.6160195401331
2021-01-11,XRP,121.0435441758612
2021-01-12,XRP,123.19548555546199
2021-01-13,XRP,128.78800640107806
2021-01-14,XRP,124.82944495915103
2021-01-15,XRP,117.87669502231954
2021-01-16,XRP,117.59454223869284
2021-01-17,XRP,116.84494230607258
2021-01-18,XRP,120.1381285269098
2021-01-19,XRP,123.79348100732754
2021-01-20,XRP,124.39568769476963
2021-01-21,XRP,112.86953592183946
2021-01-22,XRP,114.6171986860945
2021-01-23,XRP,114.4066369072686
2021-01-24,XRP,115.13096942642973
2021-01-25,XRP,112.68003032089612
2021-01-26,XRP,113.00429546028805
2021-01-27,XRP,105.44512760043796
2021-01-28,XRP,111.20609786911481
2021-01-29,XRP,119.13585445969848
2021-01-30,XRP,186.8609450012634
2021-01-31,XRP,208.48563968668407
2021-02-01,XRP,156.2621073022825
2021-02-02,XRP,156.88537016760716
2021-02-03,XRP,167.27448833487745
2021-02-04,XRP,187.589488756001
2021-02-05,XRP,190.42786153457422
2021-02-06,XRP,186.5872146887897
2021-02-07,XRP,176.23599764170805
2021-02-08,XRP,189.92251326539207
2021-02-09,XRP,200.6064179230186
2021-02-10,XRP,212.3683988882338
2021-02-11,XRP,222.37850585361744
2021-02-12,XRP,256.46424660995535
2021-02-13,XRP,266.6091131137876
2021-02-14,XRP,249.3514697212162
2021-02-15,XRP,231.51688705466182
2021-02-16,XRP,218.9631938010612
2021-02-17,XRP,225.16213256969593
2021-02-18,XRP,224.05457761307167
2021-02-19,XRP,237.78741682809735
2021-02-20,XRP,215.47629074370417
2021-02-21,XRP,229.3775793817906
2021-02-22,XRP,238.54965046744715
2021-02-23,XRP,200.36637749515708
2021-02-24,XRP,197.33849911564053
2021-02-25,XRP,183.6140823717679
2021-02-26,XRP,180.1903478480586
2021-02-27,XRP,183.56354754484965
2021-02-28,XRP,175.04000673797694
2021-03-01,XRP,187.55579887138887
2021-03-02,XRP,183.48353406889578
2021-03-03,XRP,188.85707066453298
2021-03-04,XRP,202.54358628821697
2021-03-05,XRP,191.43013560178554
2021-03-06,XRP,194.91703865914258
2021-03-07,XRP,196.06670597153203
2021-03-08,XRP,199.66310115387853
2021-03-09,XRP,204.20281310536512
2021-03-10,XRP,194.36957803419523
2021-03-11,XRP,190.29310199612567
2021-03-12,XRP,185.01642381874842
2021-03-13,XRP,192.81984334203653
2021-03-14,XRP,184.89429798702938
2021-03-15,XRP,183.5003790112019
2021-03-16,XRP,193.81790617367133
2021-03-17,XRP,197.8438473848227
2021-03-18,XRP,197.47746988966563
2021-03-19,XRP,196.45835088014823
2021-03-20,XRP,221.56573738734946
2021-03-21,XRP,217.514528762739
2021-03-22,XRP,229.13332771835258
2021-03-23,XRP,231.53373199696787
2021-03-24,XRP,202.2277436199781
2021-03-25,XRP,215.01726606586377
2021-03-26,XRP,237.3326033858334
2021-03-27,XRP,230.57357028552178
2021-03-28,XRP,229.73132317021813
2021-03-29,XRP,238.09483702518318
2021-03-30,XRP,236.71355175608525
2021-03-31,XRP,239.96462562115727
2021-04-01,XRP,240.40680535669162
2021-04-02,XRP,255.62621073022828
2021-04-03,XRP,243.53996462562117
2021-04-04,XRP,267.41345910890254
2021-04-05,XRP,385.68179903983827
2021-04-06,XRP,461.81672702770993
2021-04-07,XRP,385.5049271456245
2021-04-08,XRP,444.7022656447402
2021-04-09,XRP,428.3710940790027
2021-04-10,XRP,578.1184199444117
2021-04-11,XRP,569.0137286279795
2021-04-12,XRP,618.3904657626547
2021-04-13,XRP,756.3842331340015
2021-04-14,XRP,772.626968752632
2021-04-15,XRP,740.255200875937
2021-04-16,XRP,651.9203234228922
2021-04-17,XRP,648.0923102838373
2021-04-18,XRP,592.929335467026
2021-04-19,XRP,551.4402425671692
2021-04-20,XRP,583.2603385833404
2021-04-21,XRP,543.6578792217637
2021-04-22,XRP,486.35138549650463
2021-04-23,XRP,493.0219826497094
2021-04-24,XRP,441.47645919312725
2021-04-25,XRP,435.9049945253937
2021-04-26,XRP,573.9492967236587
2021-04-27,XRP,590.2888907605491
2021-04-28,XRP,571.7173418681041
2021-04-29,XRP,588.646508885707
2021-04-30,XRP,673.2923439737218
2021-05-01,XRP,695.2749936831467
2021-05-02,XRP,657.1633117156574
2021-05-03,XRP,654.6786827255116
2021-05-04,XRP,584.3931609534237
2021-05-05,XRP,679.3986355596732
2021-05-06,XRP,674.9768382043292
2021-05-07,XRP,665.0804345995115
2021-05-08,XRP,657.4159858502484
2021-05-09,XRP,646.2140992167102
2021-05-10,XRP,585.614419270614
2021-05-11,XRP,622.6732923439737
2021-05-12,XRP,534.4479070159184
2021-05-13,XRP,574.4125326370757
2021-05-14,XRP,589.572980712541
2021-05-15,XRP,627.6425503242651
2021-05-16,XRP,610.4607091720711
2021-05-17,XRP,629.4112692664028
2021-05-18,XRP,669.1232207529689
2021-05-19,XRP,445.0433757264381
2021-05-20,XRP,496.71523625031585
2021-05-21,XRP,423.7345237092563
2021-05-22,XRP,381.20104438642295
2021-05-23,XRP,332.6033858334035
2021-05-24,XRP,418.17569274825235
2021-05-25,XRP,410.42701928745896
2021-05-26,XRP,434.4310620736124
2021-05-27,XRP,410.4691316432241
2021-05-28,XRP,378.37951655015576
2021-05-29,XRP,350.29057525477975
2021-05-30,XRP,381.4537185210141
2021-05-31,XRP,438.3475111597742
2021-06-01,XRP,425.67169207445465
2021-06-02,XRP,431.2726353912238
2021-06-03,XRP,440.07411774614667
2021-06-04,XRP,407.77394087425256
2021-06-05,XRP,388.69704371262526
2021-06-06,XRP,398.8040090962688
2021-06-07,XRP,362.92428198433424
2021-06-08,XRP,367.6829781857997
2021-06-09,XRP,388.1916954434431
2021-06-10,XRP,365.7879221763666
2021-06-11,XRP,356.7337656868525
2021-06-12,XRP,350.62747410090117
2021-06-13,XRP,371.936326118083
2021-06-14,XRP,375.05264044470647
2021-06-15,XRP,364.81933799376736
2021-06-16,XRP,350.3747999663101
2021-06-17,XRP,354.54392318706306
2021-06-18,XRP,335.71970016002695
2021-06-19,XRP,319.29588141160616
2021-06-20,XRP,325.99174597827
2021-06-21,XRP,255.4956624273562
2021-06-22,XRP,230.27036132401247
2021-06-23,XRP,268.8031668491535
2021-06-24,XRP,283.4582666554367
2021-06-25,XRP,257.3486060810242
2021-06-26,XRP,259.4963362250484
2021-06-27,XRP,273.0565147814369
2021-06-28,XRP,271.37202055082963
2021-06-29,XRP,297.439568769477
2021-06-30,XRP,297.439568769477
2021-07-01,XRP,277.5625368483113
2021-07-02,XRP,276.0886043965299
2021-07-03,XRP,283.50037901120186
2021-07-04,XRP,293.1019961256633
2021-07-05,XRP,274.82523372357446
2021-07-06,XRP,279.96294112692664
2021-07-07,XRP,274.6567843005137
2021-07-08,XRP,261.72829108060307
2021-07-09,XRP,268.21359386844097
2021-07-10,XRP,263.0337741093237
2021-07-11,XRP,268.0030320896151
2021-07-12,XRP,264.8024930514613
2021-07-13,XRP,260.75970689800386
2021-07-14,XRP,260.9702686768298
2021-07-15,XRP,251.7897751200202
2021-07-16,XRP,248.1681125242146
2021-07-17,XRP,245.13602290912152
2021-07-18,XRP,247.03107891855473
2021-07-19,XRP,234.565821612061
2021-07-20,XRP,222.52168786321906
2021-07-21,XRP,240.84056262107302
2021-07-22,XRP,249.3051461298745
2021-07-23,XRP,256.5063589657205
2021-07-24,XRP,256.2536848311295
2021-07-25,XRP,255.57988713888653
2021-07-26,XRP,262.5284258401415
2021-07-27,XRP,271.6668070411859
2021-07-28,XRP,308.55723069148485
2021-07-29,XRP,315.3373199696791
2021-07-30,XRP,316.72702770993004
2021-07-31,XRP,314.15817400825404
2021-08-01,XRP,304.9776804514444
2021-08-02,XRP,310.7891855470395
2021-08-03,XRP,300.51377074033525
2021-08-04,XRP,307.84132064347676
2021-08-05,XRP,308.55723069148485
2021-08-06,XRP,314.7477469889665
2021-08-07,XRP,343.72104775541146
2021-08-08,XRP,327.97102669923356
2021-08-09,XRP,344.0579466015329
2021-08-10,XRP,358.41825991745975
2021-08-11,XRP,425.5453550071591
2021-08-12,XRP,406.80535669165334
2021-08-13,XRP,459.06679019624363
2021-08-14,XRP,538.6591425924366
2021-08-15,XRP,540.6805356691654
2021-08-16,XRP,499.24197759622666
2021-08-17,XRP,462.3094415901626
2021-08-18,XRP,481.3863387517897
2021-08-19,XRP,519.961256632696
2021-08-20,XRP,531.8369409584772
2021-08-21,XRP,512.0020213930768
2021-08-22,XRP,516.2974816811253
2021-08-23,XRP,524.593615766866
2021-08-24,XRP,478.1015750021056
2021-08-25,XRP,494.18849490440493
2021-08-26,XRP,451.1075549566242
2021-08-27,XRP,501.8950560094331
2021-08-28,XRP,482.56548471321486
2021-08-29,XRP,480.4177545691906
2021-08-30,XRP,463.320138128527
2021-08-31,XRP,499.2840899519919
2021-09-01,XRP,520.5929419691738
2021-09-02,XRP,527.7941548050198
2021-09-03,XRP,543.5441758611977
2021-09-04,XRP,528.4258401414975
2021-09-05,XRP,550.6611639855133
2021-09-06,XRP,585.1090710014317
2021-09-07,XRP,475.53272130042956
2021-09-08,XRP,463.1516887054662
2021-09-09,XRP,457.6770824559926
2021-09-10,XRP,444.3695780341952
2021-09-11,XRP,454.26598163901286
2021-09-12,XRP,470.85824981049444
2021-09-13,XRP,448.2018024088267
2021-09-14,XRP,461.67775625368483
2021-09-15,XRP,471.95317106038914
2021-09-16,XRP,459.1089025520088
2021-09-17,XRP,448.95982481260006
2021-09-18,XRP,452.7499368314663
2021-09-19,XRP,441.4638254863977
2021-09-20,XRP,388.1074707319127
2021-09-21,XRP,368.18832645498185
2021-09-22,XRP,422.51326539206605
2021-09-23,XRP,421.7973553440579
2021-09-24,XRP,397.5406384233134
2021-09-25,XRP,395.8561441927061
2021-09-26,XRP,397.37218900025266
2021-09-27,XRP,388.1916954434431
2021-09-28,XRP,375.9791122715405
2021-09-29,XRP,390.29731323170216
2021-09-30,XRP,401.4570875094753
2021-10-01,XRP,438.89497178472163
2021-10-02,XRP,436.24189337151523
2021-10-03,XRP,444.3695780341952
2021-10-04,XRP,439.02130885201717
2021-10-05,XRP,456.4558241388023
2021-10-06,XRP,453.33950981217885
2021-10-07,XRP,449.67573486060815
2021-10-08,XRP,447.90701591847056
2021-10-09,XRP,488.6717762991662
2021-10-10,XRP,478.0594626463404
2021-10-11,XRP,478.5648109155226
2021-10-12,XRP,463.9939358207697
2021-10-13,XRP,474.8168112524215
2021-10-14,XRP,477.38566495409754
2021-10-15,XRP,480.6283163480165
2021-10-16,XRP,477.6804514444538
2021-10-17,XRP,460.87762149414635
2021-10-18,XRP,455.95047586962016
2021-10-19,XRP,459.4879137538953
2021-10-20,XRP,482.3970352901541
2021-10-21,XRP,458.43510485976583
2021-10-22,XRP,458.3929925040007
2021-10-23,XRP,460.45649793649454
2021-10-24,XRP,455.6978017350291
2021-10-25,XRP,461.1724079845026
2021-10-26,XRP,466.3943400993851
2021-10-27,XRP,419.01793986355597
2021-10-28,XRP,445.5066116398552
2021-10-29,XRP,455.86625115808977
2021-10-30,XRP,456.7506106291586
2021-10-31,XRP,468.62629495493974
2021-11-01,XRP,459.65636317695606
2021-11-02,XRP,477.93312557904494
2021-11-03,XRP,509.60161711446136
2021-11-04,XRP,505.5167186052388
2021-11-05,XRP,487.703192116567
2021-11-06,XRP,484.7132148572391
2021-11-07,XRP,513.6865156236839
2021-11-08,XRP,539.6698391308009
2021-11-09,XRP,529.3944243240968
2021-11-10,XRP,501.2212583171903
2021-11-11,XRP,511.3282237008338
2021-11-12,XRP,500.4211235576518
2021-11-13,XRP,500.8001347595385
2021-11-14,XRP,500.2526741345911
2021-11-15,XRP,493.55680956792713
2021-11-16,XRP,458.05609365787916
2021-11-17,XRP,461.256632696033
2021-11-18,XRP,438.2211740924787
2021-11-19,XRP,458.68777899435696
2021-11-20,XRP,461.7619809652152
2021-11-21,XRP,445.08548808220326
2021-11-22,XRP,436.0313315926893
2021-11-23,XRP,448.95982481260006
2021-11-24,XRP,434.8521856312642
2021-11-25,XRP,439.5687694769646
2021-11-26,XRP,395.6034700581151
2021-11-27,XRP,398.0459866924956
2021-11-28,XRP,407.9423902973132
2021-11-29,XRP,416.8280973637665
2021-11-30,XRP,420.40764760380694
2021-12-01,XRP,416.8702097195317
2021-12-02,XRP,409.1636486145035
2021-12-03,XRP,387.89690895308684
2021-12-04,XRP,355.80729386001855
2021-12-05,XRP,338.79390213088516
2021-12-06,XRP,347.63749684157335
2021-12-07,XRP,343.38414890929
2021-12-08,XRP,363.0927314073949
2021-12-09,XRP,361.4503495325528
2021-12-10,XRP,336.5619472753306
2021-12-11,XRP,353.40688958140316
2021-12-12,XRP,353.44900193716836
2021-12-13,XRP,329.234397372189
2021-12-14,XRP,341.23641876526574
2021-12-15,XRP,347.9322833319296
2021-12-16,XRP,339.04657626547635
2021-12-17,XRP,335.46702602543587
2021-12-18,XRP,347.9322833319296
2021-12-19,XRP,351.6381706392655
2021-12-20,XRP,370.50450602206683
2021-12-21,XRP,398.6776720289733
2021-12-22,XRP,401.62553693253597
2021-12-23,XRP,418.6389286616693
2021-12-24,XRP,383.8541227996294
2021-12-25,XRP,389.6235155394593
2021-12-26,XRP,387.4336730396699
2021-12-27,XRP,390.33942558746736
2021-12-28,XRP,358.58670934052054
2021-12-29,XRP,344.1000589572981
2021-12-30,XRP,353.1542154468121
2021-12-31,XRP,349.40621578371093
2022-01-01,XRP,358.24981049439907
2022-01-02,XRP,361.57668659984836
2022-01-03,XRP,350.5432493893708
2022-01-04,XRP,346.5004632359134
2022-01-05,XRP,325.36006064179224
2022-01-06,XRP,328.0973637665291
2022-01-07,XRP,321.4857239113956
2022-01-08,XRP,313.82127516213257
2022-01-09,XRP,317.1060389118167
2022-01-10,XRP,311.589320306578
2022-01-11,XRP,324.39147645919314
2022-01-12,XRP,336.35138549650463
2022-01-13,XRP,323.4228922765939
2022-01-14,XRP,325.6127347763834
2022-01-15,XRP,328.0973637665291
2022-01-16,XRP,327.8025772761728
2022-01-17,XRP,320.7698138633875
2022-01-18,XRP,316.22167944074795
2022-01-19,XRP,310.8312979028047
2022-01-20,XRP,303.1668491535416
2022-01-21,XRP,268.1714815126758
2022-01-22,XRP,251.24231449507283
2022-01-23,XRP,264.5919312726354
2022-01-24,XRP,257.64339257138045
2022-01-25,XRP,260.2543586288217
2022-01-26,XRP,260.801819253769
2022-01-27,XRP,256.380021898425
2022-01-28,XRP,257.3486060810242
2022-01-29,XRP,260.0016844942306
2022-01-30,XRP,253.22159521603638
2022-01-31,XRP,260.0016844942306
2022-02-01,XRP,264.63404362840055
2022-02-02,XRP,252.92680872568013
2022-02-03,XRP,256.9695948791375
2022-02-04,XRP,276.04649204076475
2022-02-05,XRP,280.2998399730481
2022-02-06,XRP,287.41682809736375
2022-02-07,XRP,350.122125831719
2022-02-08,XRP,369.0305735702855
2022-02-09,XRP,366.25115808978353
2022-02-10,XRP,347.55327213004296
2022-02-11,XRP,319.6748926134928
2022-02-12,XRP,346.2899014570875
2022-02-13,XRP,339.29925040006736
2022-02-14,XRP,337.4041943906342
2022-02-15,XRP,358.58670934052054
2022-02-16,XRP,352.31196833150847
2022-02-17,XRP,323.84401583424574
2022-02-18,XRP,330.160869199023
2022-02-19,XRP,345.95300261096605
2022-02-20,XRP,327.17089193969514
2022-02-21,XRP,295.5445127600438
2022-02-22,XRP,303.58797271119346
2022-02-23,XRP,293.39678261601955
2022-02-24,XRP,293.2283331929588
2022-02-25,XRP,324.2230270361324
2022-02-26,XRP,316.17956708498275
2022-02-27,XRP,303.84064684578453
2022-02-28,XRP,328.8553861703024
2022-03-01,XRP,330.11875684325787
2022-03-02,XRP,323.71767876695026
2022-03-03,XRP,316.47435357533897
2022-03-04,XRP,300.1347595384486
2022-03-05,XRP,317.5271624694685
2022-03-06,XRP,305.35669165333104
2022-03-07,XRP,303.0826244420113
2022-03-08,XRP,303.50374799966306
2022-03-09,XRP,322.49642044975997
2022-03-10,XRP,309.989050787501
2022-03-11,XRP,338.1201044386423
2022-03-12,XRP,330.8767792470311
2022-03-13,XRP,320.1381285269098
2022-03-14,XRP,326.28653246862626
2022-03-15,XRP,322.45430809399477
2022-03-16,XRP,333.48774530447236
2022-03-17,XRP,334.1615429967152
2022-03-18,XRP,335.4249136696707
2022-03-19,XRP,345.0686431398973
2022-03-20,XRP,339.29925040006736
2022-03-21,XRP,352.60675482186474
2022-03-22,XRP,352.31196833150847
2022-03-23,XRP,352.7330918891603
2022-03-24,XRP,354.9229343889497
2022-03-25,XRP,346.9636991493304
2022-03-26,XRP,350.66958645666637
2022-03-27,XRP,361.3240124652573
2022-03-28,XRP,363.89286616693335
2022-03-29,XRP,361.19767539796175
2022-03-30,XRP,362.71372020550825
2022-03-31,XRP,343.13147477469886
2022-04-01,XRP,348.5639686684073
2022-04-02,XRP,347.00581150509555
2022-04-03,XRP,355.0913838120104
2022-04-04,XRP,347.8480586203992
2022-04-05,XRP,343.8052724669418
2022-04-06,XRP,319.8433420365535
2022-04-07,XRP,331.46635222774364
2022-04-08,XRP,317.9061736713552
2022-04-09,XRP,320.9803756422134
2022-04-10,XRP,317.65349953676406
2022-04-11,XRP,292.59664785648107
2022-04-12,XRP,301.1875684325781
2022-04-13,XRP,304.5565568937926
2022-04-14,XRP,305.81992756674805
2022-04-15,XRP,330.91889160279624
2022-04-16,XRP,328.8132738145372
2022-04-17,XRP,316.6428029983997
2022-04-18,XRP,324.2230270361324
2022-04-19,XRP,326.32864482439146
2022-04-20,XRP,316.5585782868694
2022-04-21,XRP,308.59934304725004
2022-04-22,XRP,302.324602038238
2022-04-23,XRP,297.18689463488585
2022-04-24,XRP,293.9863555967321
2022-04-25,XRP,291.88073780847304
2022-04-26,XRP,270.3613240124652
2022-04-27,XRP,274.6567843005137
2022-04-28,XRP,270.6982228585867
2022-04-29,XRP,257.55916785985005
2022-04-30,XRP,246.1467194474859
2022-05-01,XRP,255.62199949465173
2022-05-02,XRP,258.69620146550994
2022-05-03,XRP,254.65341531205254
2022-05-04,XRP,272.0037058873074
2022-05-05,XRP,251.87399983155055
2022-05-06,XRP,253.600606417923
2022-05-07,XRP,244.58856228417417
2022-05-08,XRP,238.44015834245772
2022-05-09,XRP,205.21350964372948
2022-05-10,XRP,216.03638507538113
2022-05-11,XRP,175.69274825233725
2022-05-12,XRP,162.38524383053988
2022-05-13,XRP,178.0510401751874
2022-05-14,XRP,179.48286027120358
2022-05-15,XRP,188.70546618377833
2022-05-16,XRP,178.17737724248292
2022-05-17,XRP,184.452118251495
2022-05-18,XRP,170.80771498357618
2022-05-19,XRP,177.0824559925882
2022-05-20,XRP,172.70277099300935
2022-05-21,XRP,174.55571464667733
2022-05-22,XRP,177.62991661753557
2022-05-23,XRP,170.63926556051544
2022-05-24,XRP,172.07108565653164
2022-05-25,XRP,170.9761644066369
2022-05-26,XRP,165.0804345995115
2022-05-27,XRP,160.82708666722817
2022-05-28,XRP,162.68003032089612
2022-05-29,XRP,163.85917628232122
2022-05-30,XRP,176.32443358881494
2022-05-31,XRP,177.5878042617704
2022-06-01,XRP,167.60717594542237
2022-06-02,XRP,170.765602627811
2022-06-03,XRP,164.4066369072686
2022-06-04,XRP,165.2909963783374
2022-06-05,XRP,166.47014233976248
2022-06-06,XRP,169.54434431062074
2022-06-07,XRP,171.64996209887983
2022-06-08,XRP,168.7020971953171
2022-06-09,XRP,168.53364777225636
2022-06-10,XRP,160.65863724416744
2022-06-11,XRP,151.56236839888822
2022-06-12,XRP,144.5717173418681
2022-06-13,XRP,131.30632527583595
2022-06-14,XRP,135.34911142929334
2022-06-15,XRP,144.69805440916366
2022-06-16,XRP,131.89589825654846
2022-06-17,XRP,135.1806620062326
2022-06-18,XRP,129.4954939779331
2022-06-19,XRP,137.45472921755243
2022-06-20,XRP,135.8965720542407
2022-06-21,XRP,138.7180998905079
2022-06-22,XRP,135.72812263117996
2022-06-23,XRP,141.4132906594795
2022-06-24,XRP,154.6365703697465
2022-06-25,XRP,154.8050197928072
2022-06-26,XRP,151.26758190853198
2022-06-27,XRP,148.951402341447
2022-06-28,XRP,142.12920070748757
2022-06-29,XRP,138.80232460203823
2022-06-30,XRP,139.85513349616778
2022-07-01,XRP,132.19068474690474
2022-07-02,XRP,132.90659479491282
2022-07-03,XRP,135.39122378505854
2022-07-04,XRP,138.42331340015159
2022-07-05,XRP,136.94938094837025
2022-07-06,XRP,139.98147056346332
2022-07-07,XRP,144.10848142845109
2022-07-08,XRP,143.26623431314746
2022-07-09,XRP,145.2034026783458
2022-07-10,XRP,137.0757180156658
2022-07-11,XRP,132.73814537185208
2022-07-12,XRP,131.22210056430558
2022-07-13,XRP,136.31769561189253
2022-07-14,XRP,140.57104354417584
2022-07-15,XRP,140.73949296723657
2022-07-16,XRP,147.60380695696117
2022-07-17,XRP,144.5717173418681
2022-07-18,XRP,153.83643561020804
2022-07-19,XRP,157.03697464836185
2022-07-20,XRP,153.07841320643476
2022-07-21,XRP,154.51023330245093
2022-07-22,XRP,150.6780089278194
2022-07-23,XRP,151.26758190853198
2022-07-24,XRP,151.01490777394088
2022-07-25,XRP,141.58174008254022
2022-07-26,XRP,142.00286364019203
2022-07-27,XRP,151.35180662006232
2022-07-28,XRP,157.45809820601363
2022-07-29,XRP,154.93135686010277
2022-07-30,XRP,163.35382801313906
2022-07-31,XRP,159.69005306156825
2022-08-01,XRP,159.64794070580308
2022-08-02,XRP,156.4052893118841
2022-08-03,XRP,155.60515455234565
2022-08-04,XRP,156.23683988882337
2022-08-05,XRP,158.51090710014319
2022-08-06,XRP,156.44740166764927
2022-08-07,XRP,156.74218815800555
2022-08-08,XRP,159.47949128274234
2022-08-09,XRP,154.6365703697465
2022-08-10,XRP,160.61652488840227
2022-08-11,XRP,160.1111766192201
2022-08-12,XRP,159.85850248462899
2022-08-13,XRP,159.1847047923861
2022-08-14,XRP,158.21612060978688
2022-08-15,XRP,157.96344647519584
2022-08-16,XRP,158.76358123473426
2022-08-17,XRP,159.81639012886382
2022-08-18,XRP,155.9841657542323
2022-08-19,XRP,140.82371767876694
2022-08-20,XRP,141.8344142171313
2022-08-21,XRP,145.245515034111
2022-08-22,XRP,144.86650383222437
2022-08-23,XRP,146.21409921671017
2022-08-24,XRP,145.54030152446728
2022-08-25,XRP,147.01423397624865
2022-08-26,XRP,142.88722311126082
2022-08-27,XRP,140.9079423902973
2022-08-28,XRP,135.77023498694518
2022-08-29,XRP,140.52893118841067
2022-08-30,XRP,137.58106628484796
2022-08-31,XRP,138.0021898424998
2022-09-01,XRP,140.2762570538196
2022-09-02,XRP,139.56034700581148
2022-09-03,XRP,138.84443695780342
2022-09-04,XRP,139.68668407310705
2022-09-05,XRP,140.1920323422892
2022-09-06,XRP,135.26488671776298
2022-09-07,XRP,141.87652657289647
2022-09-08,XRP,143.0135601785564
2022-09-09,XRP,150.25688537016762
2022-09-10,XRP,150.46744714899353
2022-09-11,XRP,149.5830876779247
2022-09-12,XRP,151.52025604312306
2022-09-13,XRP,140.0656952749937
2022-09-14,XRP,143.81369493809484
2022-09-15,XRP,137.32839215025686
2022-09-16,XRP,149.5830876779247
2022-09-17,XRP,158.42668238861282
2022-09-18,XRP,150.59378421628904
2022-09-19,XRP,162.04834498441843
2022-09-20,XRP,174.34515286785143
2022-09-21,XRP,165.75423229175442
2022-09-22,XRP,204.7502737303125
2022-09-23,XRP,213.46753137370507
2022-09-24,XRP,205.4240714225554
2022-09-25,XRP,207.06645329739746
2022-09-26,XRP,197.21216204834496
2022-09-27,XRP,187.69476964541397
2022-09-28,XRP,189.04236502989977
2022-09-29,XRP,205.3819590667902
2022-09-30,XRP,202.097195317106
2022-10-01,XRP,200.20213930767287
2022-10-02,XRP,188.87391560683903
2022-10-03,XRP,194.60119599090373
2022-10-04,XRP,201.9287458940453
2022-10-05,XRP,205.803082624442
2022-10-06,XRP,207.78236334540554
2022-10-07,XRP,218.01566579634465
2022-10-08,XRP,217.72087930598838
2022-10-09,XRP,224.24829444959153
2022-10-10,XRP,207.99292512423145
2022-10-11,XRP,204.70816137454727
2022-10-12,XRP,205.55040848985092
2022-10-13,XRP,201.7602964709846
2022-10-14,XRP,205.6346332013813
2022-10-15,XRP,202.89733007664447
2022-10-16,XRP,200.70748757685504
2022-10-17,XRP,202.30775709593195
2022-10-18,XRP,196.15935315421544
2022-10-19,XRP,189.67405036637751
2022-10-20,XRP,188.0316684915354
2022-10-21,XRP,194.30640950054746
2022-10-22,XRP,195.94879137538953
2022-10-23,XRP,197.42272382717087
2022-10-24,XRP,190.72685926050704
2022-10-25,XRP,193.92739829866085
2022-10-26,XRP,197.46483618293607
2022-10-27,XRP,194.34852185631263
2022-10-28,XRP,199.78101575002106
2022-10-29,XRP,197.97018445211825
2022-10-30,XRP,192.95881411606163
2022-10-31,XRP,195.44344310620735
2022-11-01,XRP,195.23288132738145
2022-11-02,XRP,189.3792638760212
2022-11-03,XRP,191.52699402004546
2022-11-04,XRP,213.2569695948791
2022-11-05,XRP,207.61391392234484
2022-11-06,XRP,198.3070832982397
2022-11-07,XRP,195.73822959656363
2022-11-08,XRP,170.9340520508717
2022-11-09,XRP,140.2762570538196
2022-11-10,XRP,166.00690642634547
2022-11-11,XRP,161.8377832055925
2022-11-12,XRP,153.12052556219993
2022-11-13,XRP,143.51890844773857
2022-11-14,XRP,159.01625536932536
2022-11-15,XRP,163.73283921502568
2022-11-16,XRP,158.00555883096098
2022-11-17,XRP,160.82708666722817
2022-11-18,XRP,161.24821022487998
2022-11-19,XRP,161.75355849406213
2022-11-20,XRP,151.94137960077487
2022-11-21,XRP,153.4995367640866
2022-11-22,XRP,158.21612060978688
2022-11-23,XRP,160.65863724416744
2022-11-24,XRP,169.20744546449927
2022-11-25,XRP,171.73418681041016
2022-11-26,XRP,166.76492883011875
2022-11-27,XRP,166.84915354164912
2022-11-28,XRP,163.73283921502568
2022-11-29,XRP,167.64928830118757
2022-11-30,XRP,171.73418681041016
2022-12-01,XRP,167.14394003200536
2022-12-02,XRP,166.80704118588395
2022-12-03,XRP,163.10115387854796
2022-12-04,XRP,164.02762570538195
2022-12-05,XRP,163.94340099385158
2022-12-06,XRP,164.82776046492043
2022-12-07,XRP,161.5008843594711
2022-12-08,XRP,165.96479407058033
2022-12-09,XRP,163.77495157079088
2022-12-10,XRP,162.76425503242652
2022-12-11,XRP,160.40596310957636
2022-12-12,XRP,163.14326623431313
2022-12-13,XRP,166.4280299839973
2022-12-14,XRP,162.25890676324434
2022-12-15,XRP,159.1847047923861
2022-12-16,XRP,147.85648109155227
2022-12-17,XRP,149.2883011875684
2022-12-18,XRP,147.35113282237006
2022-12-19,XRP,142.7187736882001
2022-12-20,XRP,146.635222774362
2022-12-21,XRP,145.245515034111
2022-12-22,XRP,147.05634633201382
2022-12-23,XRP,149.20407647603807
2022-12-24,XRP,148.10915522614337
2022-12-25,XRP,145.58241388023245
2022-12-26,XRP,154.04699738903395
2022-12-27,XRP,154.76290743704203
2022-12-28,XRP,149.83576181251578
2022-12-29,XRP,144.06636907268592
2022-12-30,XRP,145.32973974564138
2022-12-31,XRP,142.7187736882001
2023-01-01,XRP,142.63454897666975
2023-01-02,XRP,146.635222774362
2023-01-03,XRP,144.69805440916366
2023-01-04,XRP,146.21409921671017
2023-01-05,XRP,142.33976248631348
2023-01-06,XRP,144.9928408995199
2023-01-07,XRP,144.95072854375474
2023-01-08,XRP,145.37185210140655
2023-01-09,XRP,146.97212162048342
2023-01-10,XRP,147.68803166849153
2023-01-11,XRP,156.99486229259665
2023-01-12,XRP,157.83710940790027
2023-01-13,XRP,162.46946854207022
2023-01-14,XRP,166.47014233976248
2023-01-15,XRP,161.92200791712287
2023-01-16,XRP,162.3431314747747
2023-01-17,XRP,162.89059209972206
2023-01-18,XRP,159.26892950391644
2023-01-19,XRP,165.41733344563295
2023-01-20,XRP,173.88191695443442
2023-01-21,XRP,169.8812431567422
2023-01-22,XRP,168.61787248378673
2023-01-23,XRP,178.30371430977848
2023-01-24,XRP,171.73418681041016
2023-01-25,XRP,175.60852354080686
2023-01-26,XRP,172.3237597911227
2023-01-27,XRP,173.83980459866925
2023-01-28,XRP,171.73418681041016
2023-01-29,XRP,174.09247873326032
2023-01-30,XRP,165.67000758022405
2023-01-31,XRP,170.84982733934135
2023-02-01,XRP,173.9661416659648
2023-02-02,XRP,172.57643392571381
2023-02-03,XRP,173.37656868525227
2023-02-04,XRP,172.91333277183526
2023-02-05,XRP,167.7756253684831
2023-02-06,XRP,165.0804345995115
2023-02-07,XRP,169.96546786827255
2023-02-08,XRP,167.3966141665965
2023-02-09,XRP,160.82708666722817
2023-02-10,XRP,160.7428619556978
2023-02-11,XRP,161.4166596479407
2023-02-12,XRP,157.7949970521351
2023-02-13,XRP,155.94205339846712
2023-02-14,XRP,160.82708666722817
2023-02-15,XRP,168.91265897414303
2023-02-16,XRP,161.75355849406213
2023-02-17,XRP,166.34380527246694
2023-02-18,XRP,166.04901878211066
2023-02-19,XRP,162.68003032089612
2023-02-20,XRP,167.7756253684831
2023-02-21,XRP,165.03832224374634
2023-02-22,XRP,166.47014233976248
2023-02-23,XRP,163.4801650804346
2023-02-24,XRP,159.31104185968164
2023-02-25,XRP,159.10048008085573
2023-02-26,XRP,159.1425924366209
2023-02-27,XRP,159.395266571212
2023-02-28,XRP,158.42668238861282
2023-03-01,XRP,161.5008843594711
2023-03-02,XRP,158.84780594626463
2023-03-03,XRP,158.932030657795
2023-03-04,XRP,157.2896487829529
2023-03-05,XRP,154.46812094668576
2023-03-06,XRP,155.60515455234565
2023-03-07,XRP,160.0690642634549
2023-03-08,XRP,163.77495157079088
2023-03-09,XRP,156.06839046576263
2023-03-10,XRP,155.8157163311716
2023-03-11,XRP,153.2047502737303
2023-03-12,XRP,156.4052893118841
2023-03-13,XRP,156.82641286953591
2023-03-14,XRP,156.82641286953591
2023-03-15,XRP,151.14124484123641
2023-03-16,XRP,153.58376147561694
2023-03-17,XRP,159.94272719615935
2023-03-18,XRP,157.45809820601363
2023-03-19,XRP,162.42735618630505
2023-03-20,XRP,157.24753642718775
2023-03-21,XRP,197.75962267329234
2023-03-22,XRP,177.41935483870967
2023-03-23,XRP,186.8946348858755
2023-03-24,XRP,179.356523203908
2023-03-25,XRP,186.51562368398888
2023-03-26,XRP,188.62124147224796
2023-03-27,XRP,201.7181841152194
2023-03-28,XRP,216.62595805609362
2023-03-29,XRP,228.45953002610963
2023-03-30,XRP,223.99562031500042
2023-03-31,XRP,226.31179988208538
2023-04-01,XRP,214.5624526235997
2023-04-02,XRP,218.1420028636402
2023-04-03,XRP,208.8351722395351
2023-04-04,XRP,211.65670007580223
2023-04-05,XRP,212.87795839299247
2023-04-06,XRP,211.74092478733263
2023-04-07,XRP,215.86793565232037
2023-04-08,XRP,212.58317190263622
2023-04-09,XRP,212.83584603722733
2023-04-10,XRP,217.97355344057942
2023-04-11,XRP,217.59454223869287
2023-04-12,XRP,212.62528425840142
2023-04-13,XRP,215.82582329655517
2023-04-14,XRP,220.12128358460373
2023-04-15,XRP,218.64735113282237
2023-04-16,XRP,219.36326118083045
2023-04-17,XRP,215.1520256043123
2023-04-18,XRP,224.20618209382633
2023-04-19,XRP,206.81377916280636
2023-04-20,XRP,200.11791459614253
2023-04-21,XRP,189.12658974143014
2023-04-22,XRP,198.7282068558915
2023-04-23,XRP,195.69611724079846
2023-04-24,XRP,194.18007243325192
2023-04-25,XRP,197.71751031752714
2023-04-26,XRP,194.4748589236082
2023-04-27,XRP,196.53836435610208
2023-04-28,XRP,201.9708582498105
2023-04-29,XRP,201.2970605575676
2023-04-30,XRP,198.13863387517895
2023-05-01,XRP,195.7803419523288
2023-05-02,XRP,195.6118925292681
2023-05-03,XRP,195.0644319043207
2023-05-04,XRP,194.05373536595636
2023-05-05,XRP,196.70681377916281
2023-05-06,XRP,192.95881411606163
2023-05-07,XRP,189.08447738566497
2023-05-08,XRP,180.3672197422724
2023-05-09,XRP,180.61989387686347
2023-05-10,XRP,181.20946685757602
2023-05-11,XRP,177.1666807041186
2023-05-12,XRP,181.2936915691064
2023-05-13,XRP,178.55638844436956
2023-05-14,XRP,179.10384906931694
2023-05-15,XRP,179.94609618462056
2023-05-16,XRP,186.34717426092814
2023-05-17,XRP,188.83180325107386
2023-05-18,XRP,193.5483870967742
2023-05-19,XRP,196.87526320222355
2023-05-20,XRP,197.29638675987536
2023-05-21,XRP,192.6640276257054
2023-05-22,XRP,194.4748589236082
2023-05-23,XRP,195.8645666638592
2023-05-24,XRP,190.7689716162722
2023-05-25,XRP,191.10587046239365
2023-05-26,XRP,197.25427440411016
2023-05-27,XRP,198.5176450770656
2023-05-28,XRP,202.98155478817486
2023-05-29,XRP,208.28771161458772
2023-05-30,XRP,219.19481175776968
2023-05-31,XRP,217.5524298829276
2023-06-01,XRP,213.2990819506443
2023-06-02,XRP,220.83719363261181
2023-06-03,XRP,218.47890170976166
2023-06-04,XRP,225.6801145456077
2023-06-05,XRP,214.35189084477386
2023-06-06,XRP,223.19548555546197
2023-06-07,XRP,218.2683399309357
2023-06-08,XRP,220.50029478649034
2023-06-09,XRP,226.5644740166765
2023-06-10,XRP,213.38330666217468
2023-06-11,XRP,219.3211488250653
2023-06-12,XRP,221.1319801229681
2023-06-13,XRP,218.64735113282237
2023-06-14,XRP,202.18142002863638
2023-06-15,XRP,202.18142002863638
2023-06-16,XRP,200.41270108649877
2023-06-17,XRP,201.8866335382801
2023-06-18,XRP,205.00294786490358
2023-06-19,XRP,207.86658805693588
2023-06-20,XRP,207.57180156657964
2023-06-21,XRP,210.51966647014234
2023-06-22,XRP,207.95081276846625
2023-06-23,XRP,208.91939695106544
2023-06-24,XRP,204.876610797608
2023-06-25,XRP,206.47688031668488
2023-06-26,XRP,201.7181841152194
2023-06-27,XRP,203.73957719194811
2023-06-28,XRP,195.69611724079846
2023-06-29,XRP,199.9073528173166
2023-06-30,XRP,199.1493304135433
2023-07-01,XRP,199.27566748083888
2023-07-02,XRP,204.03436368230436
2023-07-03,XRP,205.92941969173756
2023-07-04,XRP,205.17139728796428
2023-07-05,XRP,201.17072349027202
2023-07-06,XRP,194.64330834666893
2023-07-07,XRP,197.3806114714057
2023-07-08,XRP,198.09652151941378
2023-07-09,XRP,197.08582498104946
2023-07-10,XRP,201.2970605575676
2023-07-11,XRP,200.16002695190767
2023-07-12,XRP,198.34919565400486
2023-07-13,XRP,343.34203655352485
2023-07-14,XRP,302.324602038238
2023-07-15,XRP,300.89278194222186
2023-07-16,XRP,314.4950728543755
2023-07-17,XRP,310.5365114124484
2023-07-18,XRP,327.59201549734695
2023-07-19,XRP,345.2792049187231
2023-07-20,XRP,334.4563294870715
2023-07-21,XRP,324.81260001684495
2023-07-22,XRP,308.7256801145456
2023-07-23,XRP,310.95763497010023
2023-07-24,XRP,295.67084982733934
2023-07-25,XRP,298.5344900193717
2023-07-26,XRP,301.56657963446474
2023-07-27,XRP,300.6401078076307
2023-07-28,XRP,299.8399730480923
2023-07-29,XRP,299.8820854038575
2023-07-30,XRP,296.72365872146884
2023-07-31,XRP,293.77579381790616
2023-08-01,XRP,297.69224290406805
2023-08-02,XRP,288.4696369914933
2023-08-03,XRP,279.20491872315336
2023-08-04,XRP,267.6661332434937
2023-08-05,XRP,264.8024930514613
2023-08-06,XRP,262.7810999747326
2023-08-07,XRP,262.6126505516719
2023-08-08,XRP,270.27709930093494
2023-08-09,XRP,270.9087846374126
2023-08-10,XRP,266.6133243493641
2023-08-11,XRP,266.0658637244167
2023-08-12,XRP,264.29714478227913
2023-08-13,XRP,263.4548976669755
2023-08-14,XRP,267.11867261854627
2023-08-15,XRP,257.05381959066796
2023-08-16,XRP,247.99966310115386
2023-08-17,XRP,213.2569695948791
2023-08-18,XRP,213.17274488334874
2023-08-19,XRP,218.94213762317864
2023-08-20,XRP,226.7329234397372
2023-08-21,XRP,220.87930598837696
2023-08-22,XRP,219.40537353659565
2023-08-23,XRP,223.23759791122714
2023-08-24,XRP,218.43678935399646
2023-08-25,XRP,221.42676661332436
2023-08-26,XRP,220.28973300766444
2023-08-27,XRP,220.50029478649034
2023-08-28,XRP,220.33184536342964
2023-08-29,XRP,227.32249642044974
2023-08-30,XRP,222.52168786321906
2023-08-31,XRP,215.19413796007746
2023-09-01,XRP,209.7195317106039
2023-09-02,XRP,210.05643055672536
2023-09-03,XRP,212.54105954687108
2023-09-04,XRP,214.22555377747835
2023-09-05,XRP,212.9200707487577
2023-09-06,XRP,211.95148656615848
2023-09-07,XRP,212.6673966141666
2023-09-08,XRP,212.6673966141666
2023-09-09,XRP,212.1620483449844
2023-09-10,XRP,209.2562957971869
2023-09-11,XRP,199.78101575002106
2023-09-12,XRP,202.30775709593195
2023-09-13,XRP,203.48690305735704
2023-09-14,XRP,206.0136444032679
2023-09-15,XRP,210.7723406047334
2023-09-16,XRP,210.47755411437717
2023-09-17,XRP,207.40335214351887
2023-09-18,XRP,211.82514949886294
2023-09-19,XRP,216.45750863303292
2023-09-20,XRP,219.48959824812601
2023-09-21,XRP,213.5517560852354
2023-09-22,XRP,215.69948622925966
2023-09-23,XRP,213.76231786406134
2023-09-24,XRP,211.44613829697633
2023-09-25,XRP,212.9200707487577
2023-09-26,XRP,211.36191358544596
2023-09-27,XRP,210.26699233555127
2023-09-28,XRP,214.68878969089533
2023-09-29,XRP,219.61593531542155
2023-09-30,XRP,216.83651983491959
2023-10-01,XRP,220.71085656531628
2023-10-02,XRP,215.74159858502483
2023-10-03,XRP,226.98559757432832
2023-10-04,XRP,224.29040680535667
2023-10-05,XRP,220.12128358460373
2023-10-06,XRP,221.3004295460288
2023-10-07,XRP,219.6580476711867
2023-10-08,XRP,217.88932872904908
2023-10-09,XRP,211.69881243156743
2023-10-10,XRP,209.08784637412617
2023-10-11,XRP,205.8451949802072
2023-10-12,XRP,203.40267834582667
2023-10-13,XRP,204.28703781689546
2023-10-14,XRP,204.876610797608
2023-10-15,XRP,205.25562199949462
2023-10-16,XRP,209.63530699907352
2023-10-17,XRP,206.85589151857155
2023-10-18,XRP,205.4240714225554
2023-10-19,XRP,218.8579129116483
2023-10-20,XRP,216.83651983491959
2023-10-21,XRP,219.3211488250653
2023-10-22,XRP,220.07917122883853
2023-10-23,XRP,230.56514781436874
2023-10-24,XRP,235.32384401583423
2023-10-25,XRP,233.80779920828775
2023-10-26,XRP,233.00766444874927
2023-10-27,XRP,228.6700918049356
2023-10-28,XRP,229.34388949717848
2023-10-29,XRP,234.18681041017436
2023-10-30,XRP,243.40941632274905
2023-10-31,XRP,252.5056851680283
2023-11-01,XRP,256.2536848311295
2023-11-02,XRP,254.94820180240882
2023-11-03,XRP,257.769729638676
2023-11-04,XRP,258.948875600101
2023-11-05,XRP,278.23633454055414
2023-11-06,XRP,301.01911900951734
2023-11-07,XRP,288.4696369914933
2023-11-08,XRP,289.2697717510317
2023-11-09,XRP,280.6788511749347
2023-11-10,XRP,277.73098627137205
2023-11-11,XRP,279.0364693000926
2023-11-12,XRP,278.4890086751453
2023-11-13,XRP,282.2370083382464
2023-11-14,XRP,265.13939189758275
2023-11-15,XRP,272.93017771414134
2023-11-16,XRP,257.68550492714564
2023-11-17,XRP,258.27507790785813
2023-11-18,XRP,257.13804430219824
2023-11-19,XRP,263.53912237850585
2023-11-20,XRP,257.8118419944412
2023-11-21,XRP,243.74631516887052
2023-11-22,XRP,257.2643813694938
2023-11-23,XRP,261.47561694601194
2023-11-24,XRP,261.6019540133075
2023-11-25,XRP,262.2757517055504
2023-11-26,XRP,259.2857744462225
2023-11-27,XRP,254.31651646593107
2023-11-28,XRP,257.18015665796344
2023-11-29,XRP,256.5063589657205
2023-11-30,XRP,255.32721300429543
2023-12-01,XRP,257.9381790617367
2023-12-02,XRP,261.43350459024674
2023-12-03,XRP,262.3178640613156
2023-12-04,XRP,262.9916617535585
2023-12-05,XRP,261.51772930177714
2023-12-06,XRP,269.51907689716165
2023-12-07,XRP,270.8666722816474
2023-12-08,XRP,283.0371430977849
2023-12-09,XRP,277.26775035795504
2023-12-10,XRP,278.65745809820595
2023-12-11,XRP,260.549145119178
2023-12-12,XRP,260.75970689800386
2023-12-13,XRP,264.25503242651394
2023-12-14,XRP,265.98163901288643
2023-12-15,XRP,259.24366209045735
2023-12-16,XRP,261.22294281142086
2023-12-17,XRP,257.0117072349027
2023-12-18,XRP,257.9381790617367
2023-12-19,XRP,254.65341531205254
2023-12-20,XRP,259.87534742693504
2023-12-21,XRP,262.82321233049777
2023-12-22,XRP,262.94954939779325
2023-12-23,XRP,260.88604396529945
2023-12-24,XRP,257.769729638676
2023-12-25,XRP,272.13004295460286
2023-12-26,XRP,261.89674050366375
2023-12-27,XRP,266.99233555125073
2023-12-28,XRP,267.24500968584186
2023-12-29,XRP,262.35997641708076
2023-12-30,XRP,261.3913922344816
2023-12-31,XRP,259.24366209045735
2024-01-01,XRP,265.05516718605236
2024-01-02,XRP,263.0337741093237
2024-01-03,XRP,245.22024762065195
2024-01-04,XRP,247.11530363008504
2024-01-05,XRP,242.44083214014992
2024-01-06,XRP,239.15606839046575
2024-01-07,XRP,232.249642044976
2024-01-08,XRP,243.24096689968835
2024-01-09,XRP,238.73494483281394
2024-01-10,XRP,253.01103343721047
2024-01-11,XRP,253.47426935062748
2024-01-12,XRP,239.99831550576937
2024-01-13,XRP,242.01970858249808
2024-01-14,XRP,242.69350627474103
2024-01-15,XRP,242.44083214014992
2024-01-16,XRP,242.44083214014992
2024-01-17,XRP,239.40874252505685
2024-01-18,XRP,232.4602038238019
2024-01-19,XRP,229.21755242988291
2024-01-20,XRP,233.04977680451447
2024-01-21,XRP,230.10191190095176
2024-01-22,XRP,222.14267666133242
2024-01-23,XRP,218.2683399309357
2024-01-24,XRP,218.18411521940538
2024-01-25,XRP,216.3732839215026
2024-01-26,XRP,224.16406973806113
2024-01-27,XRP,223.32182262275754
2024-01-28,XRP,220.71085656531628
2024-01-29,XRP,225.3853280552514
2024-01-30,XRP,215.06780089278195
2024-01-31,XRP,211.95148656615848
2024-02-01,XRP,213.00429546028806
2024-02-02,XRP,214.98357618125158
2024-02-03,XRP,218.39467699823126
2024-02-04,XRP,211.90937421039334
2024-02-05,XRP,213.46753137370507
2024-02-06,XRP,212.6673966141666
2024-02-07,XRP,216.3732839215026
2024-02-08,XRP,216.75229512338922
2024-02-09,XRP,221.59521603638507
2024-02-10,XRP,220.6266318537859
2024-02-11,XRP,221.5531036806199
2024-02-12,XRP,223.82717089193966
2024-02-13,XRP,220.96353069990738
2024-02-14,XRP,226.4802493051461
2024-02-15,XRP,236.7556641118504
2024-02-16,XRP,237.64002358291924
2024-02-17,XRP,231.44950728543753
2024-02-18,XRP,234.60793396782614
2024-02-19,XRP,236.92411353491113
2024-02-20,XRP,236.7556641118504
2024-02-21,XRP,231.23894550661163
2024-02-22,XRP,227.82784468963195
2024-02-23,XRP,224.9642044975996
2024-02-24,XRP,229.5123389202392
2024-02-25,XRP,228.45953002610963
2024-02-26,XRP,231.87063084308934
2024-02-27,XRP,246.82051713972876
2024-02-28,XRP,242.14604564979362
2024-02-29,XRP,247.07319127431987
2024-03-01,XRP,253.22159521603638
2024-03-02,XRP,271.28779583929924
2024-03-03,XRP,264.0865830034532
2024-03-04,XRP,272.76172829108066
2024-03-05,XRP,248.96824728375302
2024-03-06,XRP,257.769729638676
2024-03-07,XRP,264.044470647688
2024-03-08,XRP,261.0966057441253
2024-03-09,XRP,260.9702686768298
2024-03-10,XRP,256.04312305230354
2024-03-11,XRP,304.4723321822623
2024-03-12,XRP,289.73300766444873
2024-03-13,XRP,290.1962435778658
2024-03-14,XRP,281.7316600690643
2024-03-15,XRP,267.07656026278113
2024-03-16,XRP,253.97961761980966
2024-03-17,XRP,260.71759454223866
2024-03-18,XRP,271.75103175271624
2024-03-19,XRP,246.1467194474859
2024-03-20,XRP,257.18015665796344
2024-03-21,XRP,269.68752632022233
2024-03-22,XRP,257.5170555040849
2024-03-23,XRP,259.70689800387436
2024-03-24,XRP,266.360650214773
2024-03-25,XRP,269.7717510317527
2024-03-26,XRP,266.0237513686516
2024-03-27,XRP,257.64339257138045
2024-03-28,XRP,262.94954939779325
2024-03-29,XRP,265.34995367640863
2024-03-30,XRP,261.6019540133075
2024-03-31,XRP,264.970942474522
2024-04-01,XRP,257.306493725259
2024-04-02,XRP,246.52573064937252
2024-04-03,XRP,241.80914680367223
2024-04-04,XRP,249.93683146635223
2024-04-05,XRP,247.24164069738057
2024-04-06,XRP,249.7262696875263
2024-04-07,XRP,250.31584266823884
2024-04-08,XRP,258.86465088857074
2024-04-09,XRP,258.6119767539796
2024-04-10,XRP,259.91745978270023
2024-04-11,XRP,256.2957971868947
2024-04-12,XRP,230.27036132401247
2024-04-13,XRP,201.63395940368903
2024-04-14,XRP,211.95148656615848
2024-04-15,XRP,209.59319464330832
2024-04-16,XRP,209.08784637412617
2024-04-17,XRP,208.49827339341363
2024-04-18,XRP,211.61458772003704
2024-04-19,XRP,211.82514949886294
2024-04-20,XRP,222.69013728627982
2024-04-21,XRP,220.92141834414213
2024-04-22,XRP,234.14469805440916
2024-04-23,XRP,229.30177714141328
2024-04-24,XRP,222.14267666133242
2024-04-25,XRP,221.2583171902636
2024-04-26,XRP,221.5531036806199
2024-04-27,XRP,218.09989050787505
2024-04-28,XRP,214.89935146972118
2024-04-29,XRP,216.92074454644992
2024-04-30,XRP,210.81445296049864
2024-05-01,XRP,217.93144108481428
2024-05-02,XRP,218.1420028636402
2024-05-03,XRP,223.91139560347005
2024-05-04,XRP,223.27971026699234
2024-05-05,XRP,223.02703613240124
2024-05-06,XRP,227.4909458435105
2024-05-07,XRP,220.87930598837696
2024-05-08,XRP,217.76299166175357
2024-05-09,XRP,219.36326118083045
2024-05-10,XRP,211.48825065274147
2024-05-11,XRP,213.0464078160532
2024-05-12,XRP,210.26699233555127
2024-05-13,XRP,212.79373368146213
2024-05-14,XRP,210.64600353743788
2024-05-15,XRP,218.47890170976166
2024-05-16,XRP,217.17341868104106
2024-05-17,XRP,220.41607007495995
2024-05-18,XRP,219.53171060389116
2024-05-19,XRP,214.60456497936497
2024-05-20,XRP,226.43813694938092
2024-05-21,XRP,226.14335045902467
2024-05-22,XRP,221.84789017097617
2024-05-23,XRP,222.73224964204496
2024-05-24,XRP,225.72222690137286
2024-05-25,XRP,228.08051882422302
2024-05-26,XRP,222.4795755074539
2024-05-27,XRP,224.87997978606927
2024-05-28,XRP,222.6480249305146
2024-05-29,XRP,220.5845194980207
2024-05-30,XRP,218.39467699823126
2024-05-31,XRP,217.97355344057942
2024-06-01,XRP,218.43678935399646
2024-06-02,XRP,216.246946854207
2024-06-03,XRP,218.94213762317864
2024-06-04,XRP,221.38465425755913
2024-06-05,XRP,221.42676661332436
2024-06-06,XRP,219.61593531542155
2024-06-07,XRP,210.18276762402087
2024-06-08,XRP,207.44546449928407
2024-06-09,XRP,209.972205845195
2024-06-10,XRP,209.2562957971869
2024-06-11,XRP,202.22353238440158
2024-06-12,XRP,207.02434094163226
2024-06-13,XRP,200.8338246441506
2024-06-14,XRP,199.86524046155142
2024-06-15,XRP,206.68744209551085
2024-06-16,XRP,205.9715320475027
2024-06-17,XRP,212.54105954687108
2024-06-18,XRP,206.77166680704119
2024-06-19,XRP,207.74025098964034
2024-06-20,XRP,205.8451949802072
2024-06-21,XRP,205.88730733597237
2024-06-22,XRP,204.9187231533732
2024-06-23,XRP,202.01297060557567
2024-06-24,XRP,199.61256632696032
2024-06-25,XRP,200.32847637496843
2024-06-26,XRP,197.8438473848227
2024-06-27,XRP,200.16002695190767
2024-06-28,XRP,198.60186978859596
2024-06-29,XRP,199.06510570201297
2024-06-30,XRP,200.49692579802914
2024-07-01,XRP,200.87593699991575
2024-07-02,XRP,204.37126252842583
2024-07-03,XRP,196.74892613492798
2024-07-04,XRP,182.30438810747074
2024-07-05,XRP,179.01962435778657
2024-07-06,XRP,189.00025267413457
2024-07-07,XRP,176.6613324349364
2024-07-08,XRP,181.75692748252337
2024-07-09,XRP,183.44142171313064
2024-07-10,XRP,184.78901709761644
2024-07-11,XRP,189.12658974143014
2024-07-12,XRP,199.82312810578622
2024-07-13,XRP,221.38465425755913
2024-07-14,XRP,219.19481175776968
2024-07-15,XRP,226.22757517055504
2024-07-16,XRP,243.9568769476965
2024-07-17,XRP,263.6233470900362
2024-07-18,XRP,239.91409079423903
2024-07-19,XRP,241.43013560178557
2024-07-20,XRP,250.02105617788257
2024-07-21,XRP,252.00033689884614
2024-07-22,XRP,256.04312305230354
2024-07-23,XRP,251.6213256969595
2024-07-24,XRP,260.2122462730565
2024-07-25,XRP,252.5056851680283
2024-07-26,XRP,254.10595468710522
2024-07-27,XRP,250.82119093742102
2024-07-28,XRP,253.17948286027118
2024-07-29,XRP,253.47426935062748
2024-07-30,XRP,264.3392571380443
2024-07-31,XRP,262.35997641708076
2024-08-01,XRP,251.1580897835425
2024-08-02,XRP,236.1239787753727
2024-08-03,XRP,234.0604733428788
2024-08-04,XRP,220.1633959403689
2024-08-05,XRP,205.88730733597237
2024-08-06,XRP,213.17274488334874
2024-08-07,XRP,252.7583593026194
2024-08-08,XRP,259.66478564810916
2024-08-09,XRP,244.4622252168786
2024-08-10,XRP,245.97827002442517
2024-08-11,XRP,232.79710266992333
2024-08-12,XRP,239.36663016929168
2024-08-13,XRP,242.98829276509727
2024-08-14,XRP,239.49296723658722
2024-08-15,XRP,236.1239787753727
2024-08-16,XRP,237.4294618040933
2024-08-17,XRP,238.56649540975323
2024-08-18,XRP,237.13467531373706
2024-08-19,XRP,252.0424492546113
2024-08-20,XRP,250.02105617788257
2024-08-21,XRP,252.6320222353238
2024-08-22,XRP,251.6634380527247
2024-08-23,XRP,257.2643813694938
2024-08-24,XRP,258.02240377326706
2024-08-25,XRP,252.674134591089
2024-08-26,XRP,247.3679777646762
2024-08-27,XRP,238.60860776551837
2024-08-28,XRP,239.7456413711783
2024-08-29,XRP,236.62932704455483
2024-08-30,XRP,238.65072012128357
2024-08-31,XRP,238.44015834245772
2024-09-01,XRP,230.43881074707318
2024-09-02,XRP,239.07184367893538
2024-09-03,XRP,234.65004632359134
2024-09-04,XRP,234.94483281394758
2024-09-05,XRP,229.2596647856481
2024-09-06,XRP,219.44748589236082
2024-09-07,XRP,221.00564305567255
2024-09-08,XRP,222.98492377663607
2024-09-09,XRP,227.19615935315417
2024-09-10,XRP,227.74361997810155
2024-09-11,XRP,225.21687863219069
2024-09-12,XRP,236.92411353491113
2024-09-13,XRP,241.21957382295963
2024-09-14,XRP,250.82119093742102
2024-09-15,XRP,240.29310199612564
2024-09-16,XRP,247.03107891855473
2024-09-17,XRP,245.89404531289478
2024-09-18,XRP,246.4415059378422
2024-09-19,XRP,247.11530363008504
2024-09-20,XRP,246.39939358207695
2024-09-21,XRP,251.6634380527247
2024-09-22,XRP,247.24164069738057
2024-09-23,XRP,246.23094415901625
2024-09-24,XRP,248.92613492798782
2024-09-25,XRP,245.5571464667733
2024-09-26,XRP,248.67346079339677
2024-09-27,XRP,247.9575507453887
2024-09-28,XRP,258.48563968668407
2024-09-29,XRP,270.0244251663438
2024-09-30,XRP,257.4749431483197
2024-10-01,XRP,251.28442685083803
2024-10-02,XRP,226.69081108397205
2024-10-03,XRP,219.70016002695192
2024-10-04,XRP,224.87997978606927
2024-10-05,XRP,222.94281142087087
2024-10-06,XRP,224.7115303630085
2024-10-07,XRP,222.6059125747494
2024-10-08,XRP,223.6166091131138
2024-10-09,XRP,220.87930598837696
2024-10-10,XRP,223.40604733428785
2024-10-11,XRP,226.9013728627979
2024-10-12,XRP,227.11193464162386
2024-10-13,XRP,224.0798450265308
2024-10-14,XRP,230.90204666049016
2024-10-15,XRP,228.12263117998816
2024-10-16,XRP,230.85993430472502
2024-10-17,XRP,229.13332771835258
2024-10-18,XRP,230.1440242567169
2024-10-19,XRP,229.09121536258738
2024-10-20,XRP,230.85993430472502
2024-10-21,XRP,229.47022656447405
2024-10-22,XRP,224.83786743030407
2024-10-23,XRP,221.42676661332436
2024-10-24,XRP,224.03773267076562
2024-10-25,XRP,211.48825065274147
2024-10-26,XRP,216.20483449844184
2024-10-27,XRP,217.63665459445804
2024-10-28,XRP,218.77368820011787
2024-10-29,XRP,222.52168786321906
2024-10-30,XRP,220.2055082961341
2024-10-31,XRP,214.5624526235997
2024-11-01,XRP,216.0784974311463
2024-11-02,XRP,214.89935146972118
2024-11-03,XRP,211.82514949886294
2024-11-04,XRP,212.03571127768885
2024-11-05,XRP,216.45750863303292
2024-11-06,XRP,228.16474353575336
2024-11-07,XRP,233.9762486313484
2024-11-08,XRP,233.17611387180997
2024-11-09,XRP,235.53440579466013
2024-11-10,XRP,247.78910132232798
2024-11-11,XRP,261.3913922344816
2024-11-12,XRP,296.47098458687776
2024-11-13,XRP,290.491030068222
2024-11-14,XRP,325.7811841994441
2024-11-15,XRP,375.7264381369494
2024-11-16,XRP,472.0373957719195
2024-11-17,XRP,443.9905668323086
2024-11-18,XRP,469.0053061568264
2024-11-19,XRP,463.36225048429213
2024-11-20,XRP,464.96252000336904
2024-11-21,XRP,525.1410763918134
2024-11-22,XRP,620.1465509980628
2024-11-23,XRP,618.4199444116904
2024-11-24,XRP,603.5121704708162
2024-11-25,XRP,595.5529352311968
2024-11-26,XRP,588.8991830202982
2024-11-27,XRP,618.8831803251074
2024-11-28,XRP,649.4146382548639
2024-11-29,XRP,758.2750779078581
2024-11-30,XRP,821.7383980459866
2024-12-01,XRP,965.931104185968
2024-12-02,XRP,1147.3511328223701
2024-12-03,XRP,1057.1043544175861
2024-12-04,XRP,992.7566748083889
2024-12-05,XRP,945.2539375052642
2024-12-06,XRP,1021.5194137960077
2024-12-07,XRP,1099.090373115472
2024-12-08,XRP,1095.4687105196665
2024-12-09,XRP,931.6937589488756
2024-12-10,XRP,998.4418428366881
2024-12-11,XRP,1008.2119093742102
2024-12-12,XRP,984.7553272130042
2024-12-13,XRP,1019.8349195654006
2024-12-14,XRP,1010.907100143182
2024-12-15,XRP,1030.447233218226
2024-12-16,XRP,1046.1130295628739
2024-12-17,XRP,1081.1505095595046
2024-12-18,XRP,972.9217552429882
2024-12-19,XRP,942.8956455824139
2024-12-20,XRP,959.8669249557821
2024-12-21,XRP,942.4745220247621
2024-12-22,XRP,927.7773098627137
2024-12-23,XRP,952.45515034111
2024-12-24,XRP,978.6069232712878
2024-12-25,XRP,967.4471489935147
2024-12-26,XRP,907.9002779415481
2024-12-27,XRP,903.9838288553862
2024-12-28,XRP,919.8601869788595
2024-12-29,XRP,881.9169544344311
2024-12-30,XRP,866.9670681377916
2024-12-31,XRP,877.4530447233218
2025-01-01,XRP,982.3970352901542
2025-01-02,XRP,1011.7072349027205
2025-01-03,XRP,1033.7319969679104
2025-01-04,XRP,1019.1611218731576
2025-01-05,XRP,1010.4438642297649
2025-01-06,XRP,1019.1190095173922
2025-01-07,XRP,956.4558241388022
2025-01-08,XRP,999.3683146635223
2025-01-09,XRP,956.8769476964542
2025-01-10,XRP,986.0186978859598
2025-01-11,XRP,1084.9827339341364
2025-01-12,XRP,1054.746062494736
2025-01-13,XRP,1062.5789606670598
2025-01-14,XRP,1123.2628653246863
2025-01-15,XRP,1323.5492293438895
2025-01-16,XRP,1366.588056935905
2025-01-17,XRP,1386.4229765013054
2025-01-18,XRP,1376.9476964541395
2025-01-19,XRP,1245.978270024425
2025-01-20,XRP,1307.714983576181
2025-01-21,XRP,1336.5619472753306
2025-01-22,XRP,1339.2992504000674
2025-01-23,XRP,1313.652825739072
2025-01-24,XRP,1305.8620399225133
2025-01-25,XRP,1308.8520171818411
2025-01-26,XRP,1272.7617282910805
2025-01-27,XRP,1286.6166933378254
2025-01-28,XRP,1287.458940453129
2025-01-29,XRP,1292.133411943064
2025-01-30,XRP,1317.1060389118168
2025-01-31,XRP,1278.5732333866756
2025-02-01,XRP,1211.9093742103933
2025-02-02,XRP,1086.4987787416828
2025-02-03,XRP,1137.0757180156656
2025-02-04,XRP,1064.3476796091975
2025-02-05,XRP,1002.6951907689715
2025-02-06,XRP,979.11227154047
2025-02-07,XRP,1009.3489429798701
2025-02-08,XRP,1018.6978859597407
2025-02-09,XRP,1007.6644487492629
2025-02-10,XRP,1020.6771666807041
2025-02-11,XRP,1016.2132569695949
2025-02-12,XRP,1041.6070074959991
2025-02-13,XRP,1078.0341952328813
2025-02-14,XRP,1153.2047502737303
2025-02-15,XRP,1163.1011538785478
2025-02-16,XRP,1148.951402341447
2025-02-17,XRP,1120.1465509980628
2025-02-18,XRP,1079.2554535500717
2025-02-19,XRP,1152.9520761391393
2025-02-20,XRP,1131.8537859007834
2025-02-21,XRP,1083.1719026362334
2025-02-22,XRP,1083.9720373957718
2025-02-23,XRP,1084.9406215783708
2025-02-24,XRP,959.4458013981302
2025-02-25,XRP,977.9331255790449
2025-02-26,XRP,925.7138044302199
2025-02-27,XRP,925.8401414975153
2025-02-28,XRP,903.4363682304388
2025-03-01,XRP,922.934388949718
2025-03-02,XRP,1237.9348100732755
2025-03-03,XRP,1005.3482691821781
2025-03-04,XRP,1033.5635475448496
2025-03-05,XRP,1052.7246694180071
2025-03-06,XRP,1094.9633622504844
2025-03-07,XRP,1004.5902467784048
2025-03-08,XRP,979.5755074538869
2025-03-09,XRP,900.6569527499367
2025-03-10,XRP,851.3433841489093
2025-03-11,XRP,914.3013560178556
2025-03-12,XRP,943.1483197170049
2025-03-13,XRP,948.6650383222437
2025-03-14,XRP,992.3355512507369
2025-03-15,XRP,1006.9485387012548
2025-03-16,XRP,965.9732165417333
2025-03-17,XRP,984.6711025014739
2025-03-18,XRP,962.3094415901625
2025-03-19,XRP,1072.5595889834076
2025-03-20,XRP,1025.8990987955867
2025-03-21,XRP,1002.6530784132063
2025-03-22,XRP,998.5260675482187
2025-03-23,XRP,1027.2466941800724
2025-03-24,XRP,1031.794828602712
2025-03-25,XRP,1031.4158174008253
2025-03-26,XRP,989.3876863471743
2025-03-27,XRP,985.8502484628991
2025-03-28,XRP,929.5460288048513
2025-03-29,XRP,899.1409079423903
2025-03-30,XRP,899.8989303461634
2025-03-31,XRP,880.1061231365284
2025-04-01,XRP,900.6569527499367
2025-04-02,XRP,852.2277436199779
2025-04-03,XRP,869.5359218394676
2025-04-04,XRP,897.0774025098964
2025-04-05,XRP,902.9731323170217
2025-04-06,XRP,809.3152530952582
2025-04-07,XRP,799.5872989135013
2025-04-08,XRP,756.4642466099554
2025-04-09,XRP,864.5245515034112
2025-04-10,XRP,827.8446896319381
2025-04-11,XRP,851.7223953507959
2025-04-12,XRP,909.5426598163903
2025-04-13,XRP,892.6134927987872
2025-04-14,XRP,895.9403689042365
2025-04-15,XRP,877.7057188579129
2025-04-16,XRP,877.3688200117915
2025-04-17,XRP,870.5887307335972
2025-04-18,XRP,868.3146635222774
2025-04-19,XRP,879.1796513096942
2025-04-20,XRP,875.3895392908279
2025-04-21,XRP,878.2531794828603
2025-04-22,XRP,932.3254442853533
2025-04-23,XRP,934.2205002947865
2025-04-24,XRP,928.535332266487
2025-04-25,XRP,918.554703950139
2025-04-26,XRP,922.7659395266571
2025-04-27,XRP,948.3702518318873
2025-04-28,XRP,966.4364524551504
2025-04-29,XRP,942.4745220247621
2025-04-30,XRP,922.5974901035963
2025-05-01,XRP,931.6516465931104
2025-05-02,XRP,930.3882759201549
2025-05-03,XRP,921.0814452960499
2025-05-04,XRP,907.9423902973133
2025-05-05,XRP,897.2458519329571
2025-05-06,XRP,907.5212667396613
2025-05-07,XRP,895.5192453465846
2025-05-08,XRP,980.0387433673039
2025-05-09,XRP,987.0715067800893
2025-05-10,XRP,1040.6384233134
2025-05-11,XRP,996.7994609618462
2025-05-12,XRP,1071.2962183104523
2025-05-13,XRP,1087.720037058873
2025-05-14,XRP,1073.9914090794239
2025-05-15,XRP,1004.63235913417
2025-05-16,XRP,1002.1898424997893
2025-05-17,XRP,990.9458435104859
2025-05-18,XRP,1022.4879979786069
2025-05-19,XRP,1002.4004042786153
2025-05-20,XRP,992.3776636065021
2025-05-21,XRP,1008.6751452876273
2025-05-22,XRP,1023.7934810073275
2025-05-23,XRP,967.1523625031584
2025-05-24,XRP,981.3442263960244
2025-05-25,XRP,986.1450349532552
2025-05-26,XRP,972.9217552429882
2025-05-27,XRP,975.6590583677252
2025-05-28,XRP,957.7191948117578
2025-05-29,XRP,945.0854880822034
2025-05-30,XRP,901.1201886633538
2025-05-31,XRP,915.4383896235155
2025-06-01,XRP,917.7124568348353
2025-06-02,XRP,924.9978943822116
2025-06-03,XRP,945.2539375052642
2025-06-04,XRP,926.8508380358796
2025-06-05,XRP,881.6642802998398
2025-06-06,XRP,909.5426598163903
2025-06-07,XRP,916.7438726522361
2025-06-08,XRP,954.6871051966648
2025-06-09,XRP,977.4698896656279
2025-06-10,XRP,971.700496925798
2025-06-11,XRP,956.1189252926808
2025-06-12,XRP,922.2184789017098
2025-06-13,XRP,904.2365029899773
2025-06-14,XRP,900.9517392402933
2025-06-15,XRP,911.9430640950055
2025-06-16,XRP,942.4745220247621
2025-06-17,XRP,909.2057609702686
2025-06-18,XRP,914.0486818832645
2025-06-19,XRP,911.6482776046493
2025-06-20,XRP,892.5292680872568
2025-06-21,XRP,868.8621241472248
2025-06-22,XRP,849.4904404952413
2025-06-23,XRP,908.9530868356775
2025-06-24,XRP,922.1763665459445
2025-06-25,XRP,920.5339846711025
2025-06-26,XRP,886.6335382801313
2025-06-27,XRP,902.0045481344226
2025-06-28,XRP,920.3234228922765
2025-06-29,XRP,929.0406805356693
2025-06-30,XRP,941.7164996209889
2025-07-01,XRP,914.6803672197424
2025-07-02,XRP,940.6215783710941
2025-07-03,XRP,950.4337572643813
2025-07-04,XRP,935.1048597658553
2025-07-05,XRP,933.9678261601954
2025-07-06,XRP,956.329487071507
2025-07-07,XRP,956.2873747157415
2025-07-08,XRP,973.1323170218142
2025-07-09,XRP,1012.296807883433
2025-07-10,XRP,1072.643813694938
2025-07-11,XRP,1150.5937842162891
2025-07-12,XRP,1153.6679861871473
2025-07-13,XRP,1194.3485218563126
2025-07-14,XRP,1245.7677082455994
2025-07-15,XRP,1229.259664785648
2025-07-16,XRP,1279.373368146214
2025-07-17,XRP,1466.0995536090288
2025-07-18,XRP,1437.5052640444706
2025-07-19,XRP,1442.0955108228754
2025-07-20,XRP,1454.5607681293693
2025-07-21,XRP,1494.7780678851175
2025-07-22,XRP,1495.157079087004
2025-07-23,XRP,1340.7731828518488
2025-07-24,XRP,1324.559925882254
2025-07-25,XRP,1323.2965552092985
2025-07-26,XRP,1333.3614082371766
2025-07-27,XRP,1363.9770908784637
2025-07-28,XRP,1315.3794323254442
2025-07-29,XRP,1317.2744883348776
2025-07-30,XRP,1304.0512086246106
2025-07-31,XRP,1272.8038406468459
2025-08-01,XRP,1247.07319127432
2025-08-02,XRP,1166.3016929167015
2025-08-03,XRP,1241.4722479575507
2025-08-04,XRP,1293.5231196833151
2025-08-05,XRP,1247.4943148319717
2025-08-06,XRP,1259.4963362250485
2025-08-07,XRP,1398.0038743367304
2025-08-08,XRP,1383.7698980880991
2025-08-09,XRP,1358.5024846289903
2025-08-10,XRP,1342.1207782363344
2025-08-11,XRP,1317.9061736713552
2025-08-12,XRP,1376.0633369830707
2025-08-13,XRP,1378.9269771751033
2025-08-14,XRP,1296.7236587214688
2025-08-15,XRP,1296.1761980965216
2025-08-16,XRP,1307.7992082877117
2025-08-17,XRP,1300.3032089615092
2025-08-18,XRP,1289.311884106797
2025-08-19,XRP,1204.7502737303123
2025-08-20,XRP,1242.8198433420366
2025-08-21,XRP,1201.0022740672114
2025-08-22,XRP,1294.70226564474
2025-08-23,XRP,1283.7951655015581
2025-08-24,XRP,1274.235660742862
2025-08-25,XRP,1203.7395771919482
2025-08-26,XRP,1268.5504927145626
2025-08-27,XRP,1250.2316179567083
2025-08-28,XRP,1249.2630337741093
2025-08-29,XRP,1187.3578707992924
2025-08-30,XRP,1186.7682978185799
2025-08-31,XRP,1168.9126589741431
2025-09-01,XRP,1161.8377832055926
2025-09-02,XRP,1205.2556219994947
2025-09-03,XRP,1197.8017350290575
2025-09-04,XRP,1176.8718942137623
2025-09-05,XRP,1185.336477722564
2025-09-06,XRP,1183.27297229007
2025-09-07,XRP,1211.572475364272
2025-09-08,XRP,1250.6106291585952
2025-09-09,XRP,1241.2195738229598
2025-09-10,XRP,1256.380021898425
2025-09-11,XRP,1280.1313905499874
2025-09-12,XRP,1307.7570959319464
2025-09-13,XRP,1313.6107133833066
2025-09-14,XRP,1275.1200202139307
2025-09-15,XRP,1262.0651899267245
2025-09-16,XRP,1279.2049187231532
2025-09-17,XRP,1298.7871641539627
2025-09-18,XRP,1294.3232544428536
2025-09-19,XRP,1259.201549734692
2025-09-20,XRP,1252.84258401415
2025-09-21,XRP,1250.7790785816558
2025-09-22,XRP,1201.2970605575674
2025-09-23,XRP,1189.547713299082
2025-09-24,XRP,1232.0811926219153
2025-09-25,XRP,1155.3524804177546
2025-09-26,XRP,1172.1974227238272
2025-09-27,XRP,1181.1252421460456
2025-09-28,XRP,1207.5296892108145
2025-09-29,XRP,1212.8779583929925
2025-09-30,XRP,1198.854543923187
2025-10-01,XRP,1241.6828097363768
2025-10-02,XRP,1279.7523793481007
2025-10-03,XRP,1280.2577276172829
2025-10-04,XRP,1250.105280889413
2025-10-05,XRP,1250.6106291585952
2025-10-06,XRP,1258.4435273309189
2025-10-07,XRP,1201.0443864229765
2025-10-08,XRP,1212.709508969932
2025-10-09,XRP,1180.030320896151
2025-10-10,XRP,998.2312810578624
2025-10-11,XRP,1003.0742019708581
2025-10-12,XRP,1064.6845784553188
2025-10-13,XRP,1097.1110923945084
2025-10-14,XRP,1054.1986018697885
2025-10-15,XRP,1015.2867851427608
2025-10-16,XRP,980.3756422134253
2025-10-17,XRP,965.888991830203
2025-10-18,XRP,993.6831466352228
2025-10-19,XRP,1006.8222016339594
2025-10-20,XRP,1050.6190516297481
2025-10-21,XRP,1020.0454813442263
2025-10-22,XRP,995.830876779247
2025-10-23,XRP,1008.4645835088013
2025-10-24,XRP,1057.1464667733514
2025-10-25,XRP,1093.1946433083465
2025-10-26,XRP,1114.3350459024678
2025-10-27,XRP,1109.2394508548807
2025-10-28,XRP,1096.3530699907353
2025-10-29,XRP,1073.9492967236586
2025-10-30,XRP,1027.2466941800724
2025-10-31,XRP,1056.89379263876
2025-11-01,XRP,1055.0408489850922
2025-11-02,XRP,1064.052893118841
2025-11-03,XRP,972.626968752632
2025-11-04,XRP,928.7037816895476
2025-11-05,XRP,986.776720289733
2025-11-06,XRP,931.9464330834667
2025-11-07,XRP,975.0694853870124
2025-11-08,XRP,962.8147898593448
2025-11-09,XRP,996.4625621157248
2025-11-10,XRP,1063.7581066284847
2025-11-11,XRP,1007.1169881243158
2025-11-12,XRP,1005.6009433167692
2025-11-13,XRP,978.0594626463403
2025-11-14,XRP,945.1276004379685
2025-11-15,XRP,942.1376231786405
2025-11-16,XRP,932.7465678430052
2025-11-17,XRP,911.1850416912322
2025-11-18,XRP,933.7151520256043
2025-11-19,XRP,888.4864819337994
2025-11-20,XRP,842.205002947865
2025-11-21,XRP,821.5699486229261
2025-11-22,XRP,821.5699486229261
2025-11-23,XRP,862.9242819843344
2025-11-24,XRP,938.0948370251831
2025-11-25,XRP,927.4825233723574
2025-11-26,XRP,936.2840057272804
2025-11-27,XRP,926.429714478228
2025-11-28,XRP,917.838793902131
2025-11-29,XRP,926.8508380358796
2025-11-30,XRP,907.5212667396613
2025-12-01,XRP,854.7544849658889
2025-12-02,XRP,906.7632443358882
2025-12-03,XRP,925.4611302956287
2025-12-04,XRP,882.6749768382044
2025-12-05,XRP,856.7337656868526
2025-12-06,XRP,855.2598332350713
2025-12-07,XRP,860.8607765518403
2025-12-08,XRP,872.7364608776215
2025-12-09,XRP,886.9704371262527
2025-12-10,XRP,859.8500800134758
2025-12-11,XRP,856.5653162637917
2025-12-12,XRP,845.3634296302536
2025-12-13,XRP,851.8066200623263
2025-12-14,XRP,833.1508464583509
2025-12-15,XRP,799.3346247789101
2025-12-16,XRP,812.6421292007075
2025-12-17,XRP,784.4268508380359
2025-12-18,XRP,761.2229428114209
2025-12-19,XRP,804.0090962688453
2025-12-20,XRP,814.2423987197844
2025-12-21,XRP,809.525814874084
2025-12-22,XRP,801.9455908363515
2025-12-23,XRP,788.9328729049103
2025-12-24,XRP,784.4689631938011
2025-12-25,XRP,771.7510317527162
2025-12-26,XRP,776.4255032426513
2025-12-27,XRP,788.9749852606755
2025-12-28,XRP,785.5638844436958
2025-12-29,XRP,779.4154805019792
2025-12-30,XRP,790.7015918470479
2025-12-31,XRP,775.8359302619389
2026-01-01,XRP,791.670176029647
2026-01-02,XRP,845.1528678514276
2026-01-03,XRP,849.9115640528933
2026-01-04,XRP,880.5272466941801
2026-01-05,XRP,988.7138886549312
2026-01-06,XRP,970.3529015413121
2026-01-07,XRP,912.027288806536
2026-01-08,XRP,894.1295376063338
2026-01-09,XRP,882.590752126674
2026-01-10,XRP,880.4430219826496
2026-01-11,XRP,873.6208203486904
2026-01-12,XRP,864.987787416828
2026-01-13,XRP,911.9430640950055
2026-01-14,XRP,900.9517392402933
2026-01-15,XRP,875.4737640023583
2026-01-16,XRP,870.7992925124232
2026-01-17,XRP,868.8200117914596
2026-01-18,XRP,838.6254527078245
2026-01-19,XRP,836.3513854965047
2026-01-20,XRP,795.9235239619304
2026-01-21,XRP,820.1802408826749
2026-01-22,XRP,810.0732754990314
2026-01-23,XRP,808.388781268424
2026-01-24,XRP,806.1568264128696
2026-01-25,XRP,773.0144024256717
2026-01-26,XRP,801.861366124821
2026-01-27,XRP,806.7885117493471
2026-01-28,XRP,804.8092310283837
2026-01-29,XRP,761.2229428114209
2026-01-30,XRP,730.7335972374295
2026-01-31,XRP,693.6747241640697
2026-02-01,XRP,669.9233555125073
2026-02-02,XRP,682.1359386844099
2026-02-03,XRP,664.9962098879812
2026-02-04,XRP,636.7388191695444
2026-02-05,XRP,511.4966731238945
2026-02-06,XRP,618.9674050366377
2026-02-07,XRP,599.300934894298
2026-02-08,XRP,602.543586288217
2026-02-09,XRP,605.1545523456582
2026-02-10,XRP,589.5308683567758
2026-02-11,XRP,576.812936915691
2026-02-12,XRP,574.2019708582498
2026-02-13,XRP,592.562957971869
2026-02-14,XRP,635.6438979196496
2026-02-15,XRP,621.2835846037227
2026-02-16,XRP,626.46340436284
2026-02-17,XRP,620.8624610460708
2026-02-18,XRP,598.7955866251158
2026-02-19,XRP,592.4366209045735
2026-02-20,XRP,601.8697885959741
2026-02-21,XRP,602.3751368651562
2026-02-22,XRP,586.7093405205087
2026-02-23,XRP,569.2748252337235
2026-02-24,XRP,567.758780426177
2026-02-25,XRP,603.8490693169375
2026-02-26,XRP,590.710014318201
2026-02-27,XRP,571.1277688873917
2026-02-28,XRP,579.5502400404279
2026-03-01,XRP,569.5274993683147
2026-03-02,XRP,585.3617451360228
2026-03-03,XRP,573.0228248968248
2026-03-04,XRP,602.5856986439821
2026-03-05,XRP,591.1311378758527
2026-03-06,XRP,574.1177461467194
2026-03-07,XRP,571.3383306662175
2026-03-08,XRP,564.3055672534322
2026-03-09,XRP,574.0335214351891
2026-03-10,XRP,583.8035879727112
2026-03-11,XRP,583.1297902804682
2026-03-12,XRP,583.0876779247031
2026-03-13,XRP,589.1097447991241
2026-03-14,XRP,592.2260591257475
2026-03-15,XRP,610.0816979701845
2026-03-16,XRP,649.7936494567506
2026-03-17,XRP,639.3497852269855
2026-03-18,XRP,616.8196748926134
2026-03-19,XRP,609.5763497010022
2026-03-20,XRP,608.6077655184031
2026-03-21,XRP,593.1946433083467
2026-03-22,XRP,583.1719026362335
2026-03-23,XRP,603.1752716246946
2026-03-24,XRP,596.31095763497
2026-03-25,XRP,595.6792722984925
2026-03-26,XRP,573.107049608355
2026-03-27,XRP,558.2835003790112
2026-03-28,XRP,561.4840394171649
2026-03-29,XRP,559.16785985008
2026-03-30,XRP,557.6518150425335
2026-03-31,XRP,564.7688031668491
2026-04-01,XRP,567.5903310031164
2026-04-02,XRP,555.8830961003958
2026-04-03,XRP,555.2092984081529
2026-04-04,XRP,553.9038153794322
2026-04-05,XRP,558.5361745136023
2026-04-06,XRP,556.388444369578
2026-04-07,XRP,580.6030489345574
2026-04-08,XRP,565.4847132148573
2026-04-09,XRP,565.9058367725091
2026-04-10,XRP,571.0014318200961
2026-04-11,XRP,570.4539711951487
2026-04-12,XRP,557.8623768213594
2026-04-13,XRP,579.2975659058367
2026-04-14,XRP,573.4439484544765
2026-04-15,XRP,586.288216962857
2026-04-16,XRP,611.8925292680873
2026-04-17,XRP,621.4520340267835
2026-04-18,XRP,603.1752716246946
2026-04-19,XRP,587.1304640781606
2026-04-20,XRP,599.8062831634801
2026-04-21,XRP,603.6385075381116
2026-04-22,XRP,601.9540133075044
2026-04-23,XRP,605.8283500379011
2026-04-24,XRP,603.6385075381116
2026-04-25,XRP,599.5957213846542
2026-04-26,XRP,602.5014739324517
2026-04-27,XRP,589.8677672028973
2026-04-28,XRP,581.3610713383307
2026-04-29,XRP,576.5602627811
2026-04-30,XRP,576.0549145119177
2026-05-01,XRP,583.5930261938852
2026-05-02,XRP,586.9199022993346
2026-05-03,XRP,584.5194980207192
2026-05-04,XRP,586.1197675397962
2026-05-05,XRP,594.879137538954
2026-05-06,XRP,600.0589572980713
2026-05-07,XRP,584.0562621073022
2026-05-08,XRP,597.237429461804
2026-05-09,XRP,598.2060136444032
2026-05-10,XRP,620.4834498441843
2026-05-11,XRP,622.2521687863219
2026-05-12,XRP,605.1545523456582
2026-05-13,XRP,601.0696538364356
2026-05-14,XRP,625.4527078244757
2026-05-15,XRP,603.8911816727027
2026-05-16,XRP,595.3002610966057
2026-05-17,XRP,590.246778404784
2026-05-18,XRP,585.3617451360228
2026-05-19,XRP,573.4018360987113
2026-05-20,XRP,575.7601280215615
2026-05-21,XRP,578.5816558578287
2026-05-22,XRP,561.9893876863472
2026-05-23,XRP,572.0121283584604
2026-05-24,XRP,568.9379263876021
2026-05-25,XRP,568.6431398972459
2026-05-26,XRP,559.7574328307926
2026-05-27,XRP,550.6611639855133
2026-05-28,XRP,554.0301524467279
2026-05-29,XRP,560.0943316769141
2026-05-30,XRP,564.6424660995536
2026-05-31,XRP,561.3577023498694
2026-06-01,XRP,546.2814789859344
2026-06-02,XRP,510.2754148067043
2026-06-03,XRP,505.85361745136026
2026-06-04,XRP,492.2092141834415
2026-06-05,XRP,462.3094415901626
2026-06-06,XRP,460.45649793649454
2026-06-07,XRP,486.6503832224374
2026-06-08,XRP,491.9986524046155
2026-06-09,XRP,479.0280468289396
2026-06-10,XRP,461.9725427440411
2026-06-11,XRP,481.2600016844942
2026-06-12,XRP,476.9224290406806
2026-06-13,XRP,484.58687778994357
2026-06-14,XRP,499.4946517308178
2026-06-15,XRP,521.4351890844773
2026-06-16,XRP,512.6337067295544
2026-06-17,XRP,499.7894382211741
2026-06-18,XRP,482.818158847806
2026-06-19,XRP,478.35424913669664
2026-06-20,XRP,484.24997894382204
2026-06-21,XRP,473.6797776467616
2026-06-22,XRP,475.65905836772504
2026-06-23,XRP,467.57348606081024
2026-06-24,XRP,452.11825149498867
2026-06-25,XRP,439.4424324096691
2026-06-26,XRP,441.7586119767539
2026-06-27,XRP,441.1269266402763
2026-06-28,XRP,441.5480501979281
2026-06-29,XRP,445.96984755327213
2026-06-30,XRP,438.0106123136528
2026-07-01,XRP,443.4431062073612
2026-07-02,XRP,458.22454308094
2026-07-03,XRP,477.8910132232797
2026-07-04,XRP,487.4084056262107
2026-07-05,XRP,487.32418091468037
2026-07-06,XRP,482.1864735113282
2026-07-07,XRP,468.2893961088183
2026-07-08,XRP,459.3615766865998
2026-07-09,XRP,460.37227322496415
2026-07-10,XRP,465.1730817821949
2026-07-11,XRP,461.84620567674557
2026-07-12,XRP,457.2559588983408
2026-07-13,XRP,449.54939779331255
2026-07-14,XRP,468.16305904152273
2026-07-15,XRP,468.83685673376567
2026-07-16,XRP,457.8034195232881
2026-07-17,XRP,458.60355428282656
2026-07-18,XRP,460.24593615766867
2026-07-19,XRP,462.3094415901626
2026-07-20,XRP,468.45784553187906
2026-07-21,XRP,481.59690053061564
2026-07-22,XRP,480.96521519413795
2026-07-23,XRP,466.4785648109155
2026-07-24,XRP,459.82481260001686
2026-07-25,XRP,462.26732923439727
2026-07-26,XRP,468.7526320222353
2026-07-27,XRP,448.95982481260006
2026-07-28,XRP,450.18108312979024
2026-07-29,XRP,452.1603638507538
2026-07-30,XRP,456.0347005811505
2026-07-31,XRP,447.19110587046237
2026-08-01,XRP,446.5594205339847
2026-08-02,XRP,457.71919481175775
2026-08-03,XRP,453.0447233218227
2026-08-04,XRP,452.2445885622842
2026-08-05,XRP,447.35955529352316
2026-08-06,XRP,435.9049945253937
2026-08-07,XRP,429.96715236250316
2026-08-08,XRP,437.84216289059214
2026-08-09,XRP,433.7151520256043
2026-08-10,XRP,426.30337741093234
2026-08-11,XRP,430.7672871220416
2026-08-12,XRP,423.4397372189
2026-08-13,XRP,425.08211909374216
2026-08-14,XRP,420.95510822875434
2026-08-15,XRP,422.3027036132401
2026-08-16,XRP,418.4283668828434
2026-08-17,XRP,422.3869283247704
2026-08-18,XRP,421.92369241135344
2026-08-19,XRP,465.7626547629075
2026-08-20,XRP,534.0267834582667
2026-08-21,XRP,612.4821022487997
2026-08-22,XRP,615.6405289311884
2026-08-23,XRP,640.2762570538196
2026-08-24,XRP,623.9787753726944
2026-08-25,XRP,604.0175187399982
2026-08-26,XRP,599.2167101827677
2026-08-27,XRP,612.060978691148
2026-08-28,XRP,582.7507790785817
2026-08-29,XRP,588.0569359049946
2026-08-30,XRP,571.6752295123389
2026-08-31,XRP,581.0662848479743
2026-09-01,XRP,569.2748252337235
2026-09-02,XRP,568.9800387433672
2026-09-03,XRP,611.1345068643141
2026-09-04,XRP,588.9412953760633
2026-09-05,XRP,594.7949128274236
2026-09-06,XRP,599.4693843173587
2026-09-07,XRP,588.1832729722901
2026-09-08,XRP,596.7741935483871
2026-09-09,XRP,587.467362924282
2026-09-10,XRP,562.0315000421124
2026-09-11,XRP,571.2119935989219
2026-09-12,XRP,575.3811168196748
2026-09-13,XRP,564.8109155226143
2026-09-14,XRP,599.300934894298
2026-09-15,XRP,540.4278615345743
2026-09-16,XRP,547.2500631685338
2026-09-17,XRP,545.944580139813
2026-09-18,XRP,588.0148235492294
2026-09-19,XRP,593.95266571212
2026-09-20,XRP,593.9947780678851
2026-09-21,XRP,646.9721216204834
2026-09-22,XRP,662.3010191190094
2026-09-23,XRP,632.1064600353743
2026-09-24,XRP,646.3404362840057
2026-09-25,XRP,660.5323001768719
2026-09-26,XRP,643.2241219573823
2026-09-27,XRP,644.6980544091635
